codigo_produto,codigo_barras,descricao,quantidade_estoque,ncm,categoria_codigo
510247,7898511031964,MOTO-V LAVA MOTOS 500ML,39,34023100,A
510263,7898511031179,REMOVEDOR CHUVA ACIDA DOS VIDROS PRIZM VONIXX 500ML,47,34023100,A
510248,7898511030578,MULTILIMPADOR SINTRA FAST 500ML,40,34023990,A
510220,7898511032596,"DESINCRUSTANTE ALUMAX VONIXX 1,5L",39,34029090,A
510232,7898511032602,"LAVA AUTOS VONIXX 1,5L",28,34029090,A
510268,7898511028087,REVITALIZADOR DE PLASTICOS PRETO REJUVEX BLACK 400G,44,34029090,A
510245,7898511032909,MAKKER 500ML VONIXX,66,34053000,A
510266,7898511020265,RESTAURADOR DE PLASTICOS VONIXX RESTAURAX 500ML,82,34059000,A
137040,7909236018465,ADESIVO MILLE FIRE FIAT RESINADO,15,39199090,A
133196,7899795019310,EMBLEMA FIAT AZUL RESINADO,16,39199090,A
230396,7909236011114,KIT TAMPA FURO MACANETA UNIVERSAL - PRETA,4,39269090,A
467089,7898559043561,RET. AUX OLHO DE BOI PEQ C/MOV LD/LE,26,70091000,A
467088,7898559043554,RET. AUX OLHO DE BOI PEQ FIXO LD/LE,21,70091000,A
461801,7899712160439,RET. EXT. ESCORT 87/92 HOBBY/VERONA 89/93 C/CONTR. LE,87,70091000,A
462090,7899712161245,RET. EXT. KADETT  E IPANEMA  C/CONT. LD (TODOS),96,70091000,A
462085,7899712161191,RET. EXT. KADETT E IPANEMA C/CONT. LE (TODOS),96,70091000,A
461058,7898559040065,RET. EXT. PE FERRO KOMBI CLIPPER 76/96 LD/LE (BRACO ZAMAK),48,70091000,A
461716,7899712160149,RET. EXT. UNO EP/MILLE/BRIO/ELX/SMART/SX/YOUNG C/CONTR. LD,88,70091000,A
461717,7899712160156,RET. EXT. UNO EP/MILLE/BRIO/ELX/SMART/SX/YOUNG C/CONTR. LE,88,70091000,A
469904,7908185209832,RET. INT. ESCORT/TODOS FORD - VIDRO PLANO (COLANTE),53,70091000,A
467054,7898559040430,RET. PASS 83/89 S/CONTR LD,56,70091000,A
467055,7898559040447,RET. PASS 83/89 S/CONTR LE,56,70091000,A
303321,7908646609942,PORCA CROM ONIX/SPIN/COBALT/SONIC/NEW PRISMA CH19 (16 PCS),144,73181600,A
611274,7909236299109,FILTRO DE AR ESPORT. CROM. P/ CARBURADOR VW MOTOR,239,84213100,A
611254,7890000101998,FILTRO DUPLO FLUXO BLACK RACE 15X15 PRETO,157,84213100,A
520064,7909236140159,CARREGADOR BATERIA (BIVOLT),40,85044010,A
446100,7909236107459,KIT C/5 PC BATERIA ALCALINA 12V  - BLISTER,20,85061032,A
600860,7898240270221,FAROL AUXILIAR GOL/PAR/SAV 87/94 LENTE VIDRO RAIADO LD,124,85122011,A
600861,7898240270214,FAROL AUXILIAR GOL/PAR/SAV 87/94 LENTE VIDRO RAIADO LE,124,85122011,A
600854,7898240264039,FAROL AUXILIAR GOL/PAR/SAV. G2 BOLA 96/99  LENTE VIDRO LD,127,85122011,A
600855,7898240264022,FAROL AUXILIAR GOL/PAR/SAV. G2 BOLA 96/99  LENTE VIDRO LE,127,85122011,A
FW41LE,7897652202851,FAROL ESCORT 87/94 APOLO VERONA 87/92 LENTE DE VIDRO LE,221,85122011,A
600710,7898240260765,FAROL FUSCA 74/12 KOMBI 76/12 CARCACA FERRO LENTE VIDRO,132,85122011,A
600638,7899712184367,FAROL PALIO SIENA STRADA 96/00 SIMPLES LENTE VIDRO LD,162,85122011,A
609020,7909236263612,FAROL UNO FIORINO 91/03 LENTE DE VIDRO LD,80,85122011,A
609021,7909236263629,FAROL UNO FIORINO 91/03 LENTE DE VIDRO LE,74,85122011,A
410806,7899712145658,LENTE LANTERNA TRASEIRA FIAT 147 79/82 LUZ DA RE LD,10,85122019,A
410803,7899712145627,LENTE LANTERNA TRASEIRA FIAT 147 79/82 LUZ DA RE LE,10,85122019,A
600544,7899712183599,FAROL  PALIO SIENA STRADA 96/00 LE SIMPLES LENTE POLICARB.,152,85122021,A
550156,7898610551998,LANT. LATERAL FORD KA/FIESTA AMBAR S/SOQ,20,85122021,A
411126,7894915000513,LANTERNA TRASEIRA GOL 80/86 FRISO CROMADO TRICOLOR LD,82,85122021,A
553032,7908185210142,SOQ. LANT. LATERAL VW,39,85122021,A
411125,7894915000544,LANTERNA TRASEIRA GOL 80/86 FRISO CROMADO TRICOLOR LE,82,85122022,A
412033,7899712147836,LENTE LANTERNA TRASEIRA CHEVY 83/94 TRICOLOR LE,66,85122022,A
410111,7899712141124,LENTE PISCA BRAS/GOL/PASSAT 77/80 AMBAR KIT C/2 PC,7,85122022,A
415527,7898415281427,PISCA DEL REY/CORCEL/BELINA 85/91 MOD ARTEB CRISTAL LD,28,85122022,A
4192110,7898235751445,PISCA DEL REY/CORCEL/BELINA 85/91 MOD ARTEB CRISTAL LD,44,85122022,A
412936,7898415281588,PISCA DIANTEIRO ESCORT/VERONA 93/96 CRISTAL PLASTICO LD,48,85122022,A
412935,7898415281595,PISCA DIANTEIRO ESCORT/VERONA 93/96 CRISTAL PLASTICO LE,48,85122022,A
410278,7899712142329,PISCA ESCORT 84/86 CRISTAL PLASTICO LD,31,85122022,A
410277,7899712142312,PISCA ESCORT 84/86 CRISTAL PLASTICO LE,31,85122022,A
410244,7899712142121,PISCA OPALA/CARAVAN 88/92 AMBAR PLASTICO LD,66,85122022,A
4188060,7899712188747,PISCA OPALA/CARAVANA D20 A20 C20 80/86 CRISTAL ACRILICO LD,85,85122022,A
4188059,7899712188730,PISCA OPALA/CARAVANA D20 A20 C20 80/86 CRISTAL ACRILICO LE,85,85122022,A
410238,7899712142084,PISCA OPALA/CARAVANA D20 A20 C20 80/86 CRISTAL PLASTICO LD,47,85122022,A
410237,7899712142077,PISCA OPALA/CARAVANA D20 A20 C20 80/86 CRISTAL PLASTICO LE,47,85122022,A
410404,7899712143098,PISCA SPAZIO/FIORINO/PANORAMA 83/86 AMBAR PLASTICO LD,111,85122022,A
416165,7899814900803,LANTERNA TRASEIRA GOL 87/94 FUME ACRILICO LD,90,85122023,A
416164,7899814900810,LANTERNA TRASEIRA GOL 87/94 FUME ACRILICO LE,90,85122023,A
550025,7898610550472,LANT PLACA GOL G6 - FOX 2004/2013 - SAVEIRO G5/G6/G7 C/SOQ,23,85122029,A
291421,7909236047502,BRUCUTU PALIO/WEEKEND/SIENA/STRADA - TODOS,23,85129000,A
291232,7909236034847,KIT C/5 PC BRUCUTU UNO TODOS,68,85129000,A
411022,7899712146556,LENTE LANTERNA VW FUSCA 1200/1300 66/70 FUME (PAR),21,85129000,A
415500,7899712151703,LENTE PISCA CORCEL 73/77 AMBAR LD,56,85129000,A
415499,7899712151697,LENTE PISCA CORCEL 73/77 AMBAR LE,56,85129000,A
537580,7909236173379,SOQUETE PISCA PALIO FIRE 04/...,36,85366100,A
041000,7899712104426,GRADE KOMBI 2000/...,40,87081000,A
032090,7899712102330,PONTEIRA OPALA 80/84 DD,26,87081000,A
032085,7899712102323,PONTEIRA OPALA 80/84 DE,24,87081000,A
287112,7909236071408,SUPORTE P/CHOQUE KOMBI CLIPPER LD/LE,21,87081000,A
260293,7909236388643,CALOTA CENTRO RODA FERRO CHEVETTE  PRETO FOSCO C/E GM,31,87082912,A
014070,7909236035011,ACAB. EXT. VIDRO PORTA TRAS. CORSA 94/02 4P LD,16,87082919,A
014071,7898301240446,ACAB. EXT. VIDRO PORTA TRAS. CORSA 94/02 4P LE,16,87082919,A
410017,7898653810021,ARO LANT. TRAS. FUSCAO 1500,18,87082919,A
410018,7899712140684,ARO LANT. TRAS. FUSQUINHA 1300,16,87082919,A
151010,7909236035523,CAPA DOBR. MALA BRANCA BRASILIA LD,111,87082919,A
151005,7909236035516,CAPA DOBR. MALA BRANCA BRASILIA LE,111,87082919,A
140026,7908215402349,LENTE BOTAO PISCA ALERTA MOD FORD RED. VERM. CTA,21,87082919,A
143311,7909236267221,BOTAO  PISCA ALERTA COMPLETO NOVO UNO 11/15 PRETO,32,87082999,A
483250,7899712168855,BUCHA ADAPTADORA VW COMPATIVEIS PARA OS MODELOS,39,87082999,A
261016,7909236306418,CALOTINHA CUBO DA RODA CHEVETTE 75/92,10,87082999,A
011015,7898395920033,CAPA PAINEL VW C/AR 82/94,69,87082999,A
410019,7899712140691,CAPA PISCA FUSCA CROMADA,16,87082999,A
130526A,7909236123480,EMBL. FIAT RETANG. MALA FIORINO AZUL/CROM,15,87082999,A
130781,7898472278569,EMBL. FIESTA FORD 2002 CROMADO,26,87082999,A
130783,7909236038692,EMBL. FORD OVAL MALA ECO-SPORT,34,87082999,A
130326,7909236037282,EMBL. SANTANA  /90,8,87082999,A
1306896,7909236300584,EMBL. WOLFSBURG - BRASAO LOGUS - RESINADO,13,87082999,A
1310428,7909236267832,EMBLEMA LOGO CIVIC 07- 18 P/VOLANTE MED.40 X 50 MM-CROMADO,24,87082999,A
1316019,7899622608199,EMBLEMA LOGO FORD OVAL-MALA E GRADE NEW FIESTA 10/13,47,87082999,A
049995,7898969577267,GRADINHA OVAL DA BUZINA P/ VW SEDAN - ALUMINIO,20,87082999,A
143341,7909236306555,GRAMPO P/SUPORTE DE BAGAGITO GM - CORSA 03/12 - ONIX 13/19,4,87082999,A
545600,7899712173156,GUIA VIDRO SEDAN LD/LE,12,87082999,A
232048,7899822021996,KIT C/10 BATENTE TAMPA P.MALAS/CAPO COROLLA/CAMRY,44,87082999,A
237046,7909236278777,KIT C/10 GRAMPO DESCANSO DA VARETA CIVIC- CRX -RAV4,34,87082999,A
236970,7909236278166,KIT C/10 GRAMPO VARETA CAPO GM TODOS ... A 2017,18,87082999,A
232130,7899822024782,KIT C/10 PC BOTAO TRAVA BANCO CELTA CINZA,23,87082999,A
236636,7909236193872,KIT C/10 PORCA RAPIDA M6/ FIXACAO DAS PLACAS,36,87082999,A
135092,7909236086273,KIT C/2 EMBL. OPEL GM KIT 2PC MALA E CAPO CORSA,31,87082999,A
263000,7899712130425,KIT C/4 PC CALOTA CUBO ESCORT L PTO,7,87082999,A
155038,7909236071576,MANOPLA BCO GOLF MODERNO GRAFITE,5,87082999,A
155042,7899822025048,MANOPLA BCO NOVO PALIO PRETO C/ARO PRATA,12,87082999,A
1300818,7898472284249,TRAVA P/CINTO DE SEGURANCA - AUTO IMPACTO / ABS,28,87082999,A
260122,7899712128408,CALOTA FUSCA CROMADA BOJUDA C/LOGO VW,98,87087090,A
260145,7908646601755,CALOTA P/ RODA LIGA LEVE ASTRA ORIGINAL  - PINTADA ARO 15,24,87087090,A
264004,7898433991322,SUB-CALOTA P/CENTRO RODA VOLKS 51MM INJET.PRATA (4 UN),20,87087090,A
101020,7909236035240,PAP. RADIAD. GOL/VOY/ 87/94 GUIA AR (JG.COMP.),36,87089100,A
139746,7909236388681,EMBLEMA PARA VOLANTE FIAT ALUMINIO,13,87089481,A
139749,7909236388674,EMBLEMA PARA VOLANTE GM ALUMINIO,13,87089481,A
139745,7909236388667,EMBLEMA PARA VOLANTE VOLKSWAGEN ALUMINIO,13,87089481,A
052005,7909236011190,ARO FAROL CHEVETTE 74/77 LE,50,87089990,A
169918,7909236289476,B. DE CAMBIO SINUCA BRANCA LISA - C/BUCHA P/ADAPT - 54MM,39,87089990,A
169917,7909236289469,B. DE CAMBIO SINUCA MARROM - N7 C. BUCHA P. ADAPT - 54MM,40,87089990,A
162065,7908047202056,BOLA DE CAMBIO SINUCA PRETA N 8 C. BUCHA P.  ADAPTACAO,45,87089990,A
164105,7909236340269,BOLA DE CAMBIO VW FUSCA/KOMBI 4 MARCHAS RE P/ TRAS - BEGE,44,87089990,A
164106,7909236340276,BOLA DE CAMBIO VW FUSCA/KOMBI 4 MARCHAS RE P/ TRAS - BRANC,39,87089990,A
164107,7908047207822,BOLA DE CAMBIO VW FUSCA/KOMBI 4 MARCHAS RE P/ TRAS - MARRO,42,87089990,A
164108,7908047207846,BOLA DE CAMBIO VW FUSCA/KOMBI 4 MARCHAS RE P/ TRAS - POLID,42,87089990,A
230007,7898688370507,KIT C/10 SUP QUEBRA SOL PALIO TDS GRAFITE,40,87089990,A
141050,7899712115729,KIT C/2 PC TELA ENTRADA DE AR KOMBI .../2000,55,87089990,A
341160,7909236328885,MACANETA FECHO DO PTA.-LUVAS C/CHAVE - VW FUSCA,231,87089990,A
211005,7909236011411,PEDAL ACELERADOR VW/BRASILIA,4,87089990,A
302100,7909236068835,PORCA FIXADOR ESTEPE GOL/VOY/PRT 80/94,10,87089990,A
518747,7896498550904,CANETA RETOK AUTOMOTIVO LUXCAR - BRANCO,28,96082000,A
518748,7896498550911,CANETA RETOK AUTOMOTIVO LUXCAR - PRETO,28,96082000,A
518751,7896498550942,CANETA RETOK AUTOMOTIVO LUXCAR - VERMELHO,28,96082000,A
103454,,JOGO DE TERMINAIS DO ENGATE DAS MANGUEIRAS FLAUTA DA INJEÇÃO ELETRONICA -:,45,39173900,B
68802,,"VEDADOR DO RESERVATÓRIO AO CILINDRO MESTRE (DIAMETRO INTERNO: 7,4MM / EXTERNO: 17,0MM') -:",7,40161010,B
213365,,ANEL DE VEDAÇÃO DA BOBINA AO CABEÇOTE -:,4,40169300,B
300400,,ANEL DE VEDAÇÃO DA LUVA DO MANCAL DO DIFERENCIAL -:,4,40169300,B
408166,,ANEL DE VEDAÇÃO DO DISTRIBUIDOR -:,4,40169300,B
600213,,JUNTA DA VALVULA TERMOSTATICA,36,40169300,B
400823,,TAMPA DA CARCAÇA DA TRAMBULAÇÃO DA CAIXA DE CÂMBIO -:,28,40169300,B
209180,,VEDADOR DO TUBO DA VARETA DO OLEO AO BLOCO -:,7,40169300,B
209198,,VEDADOR DO TUBO DA VARETA DO OLEO AO BLOCO -:,7,40169300,B
209201,,VEDADOR DO TUBO DA VARETA DO OLEO AO BLOCO -:,7,40169300,B
300410,7898704910038,ANEIS DE VEDAÇÃO DO CÂMBIO LADO DIFERENCIAL E MANCAL -:,13,40169990,B
301191,,CALÇO ANTI RUIDO INFERIOR DA MOLA TRASEIRA -:,32,40169990,B
116024,,VEDADOR DA VALVULA DO ANTI-CHAMA DO MOTOR -:,15,40169990,B
71213,,JUNTA DO BOCAL DO ÓLEO DO MOTOR -:,2,45049000,B
71220,,JUNTA DO MEDIDOR DO NÍVEL DO COMBUSTIVEL -:,4,45049000,B
49694,,JUNTA DO MEDIDOR DO NÍVEL DO COMBUSTÍVEL -:,5,45049000,B
2335,,ESPAÇADOR INTERNO RODA DIANTEIRA (SOB MEDIDA) -:,31,73069010,B
64394,,"BUJÃO COM IMÃ DE DRENAGEM DA CAIXA DE CAMBIO - (17,0 X 1,5 X 24,0MM / CH 17MM) -:",12,73181500,B
66444,,PARAFUSO FIXAÇÃO DO COXIM DO MOTOR,20,73181500,B
76759,,PARAFUSO OCO DE FIXAÇÃO DO TUBO DE ABASTECIMENTO DO ÓLEO -:,42,73181500,B
4645,,PORCA DA PONTA DE EIXO TRASEIRA,4,73181600,B
995371,,ABRAÇADEIRA ROSCA SEM FIM ( FITA 14 MM ) - 108 X 127 -:,16,73269090,B
100802,,ABRAÇADEIRA TIPO PARAFUSO COM PORCA - 13X11 MM -:,4,73269090,B
209708,,CONECTOR DA MANGUEIRA DA PARTIDA A FRIO AO CARBURADOR -:,21,74122000,B
78972,,CONEXÃO ( T ) EM BRONZE PARA MANGUEIRA DE 5MM -:,55,74122000,B
77674,,"CONEXÃO 3 VIAS DE DISTR. DOS TUBOS DE FREIO - M10X1,0 -:",56,74122000,B
106674,,CONEXÃO EM BRONZE PARA ALTA PRESSÃO DA INJEÇÃO ELETRONICA - 8 MM -:,23,74122000,B
94775,,BAQUELITE DO CARBURADOR WEBER DUPLO 460,13,84099190,B
114103,,CONECTOR DA MANGUEIRA DA PARTIDA A FRIO AO CARBURADOR -:,26,84099190,B
200175,,FLAUTA DE DISTRIBUIÇÃO DE COMBUSTÍVEL DA INJEÇÃO ELETRÔNICA -:,165,84099190,B
33197,,REGISTRO DE ESGOTAMENTO DA AGUA DO RADIADOR -:,8,84099190,B
405380,,TAMPA DA VÁLVULA TERMOSTÁTICA -:,34,84099190,B
214698,,TAMPA DIANTEIRA DO BLOCO DO EIXO AUXILIAR DA BOMBA DE OLEO -:,63,84099190,B
5252,,TAMPA DO ENCHIMENTO DO ÓLEO DO MOTOR -:,13,84099190,B
67753,7895500000246,TAMPA DA VÁLVULA TERMOSTÁTICA,32,84133090,B
102750,,REPARO INFERIOR DA COLUNA DE DIREÇÃO -:,76,84821090,B
206377,,ROLAMENTO SUPERIOR DA COLUNA DE DIREÇÃO -:,79,84828000,B
990329,,ARRUELA DE VEDAÇÃO DO CEBOLÃO,4,84842000,B
400972,,JUNTA DA BOMBA DE ÓLEO DO MOTOR,4,84842000,B
572,,JUNTA DA SAIDA DO COLETOR AO TUBO DO ESCAPAMENTO,8,84842000,B
209759,,JUNTA DO CATALIZADOR,12,84842000,B
21326,,JUNTA DO CATALIZADOR -:,7,84842000,B
94782,,BAQUELITE DO CARBURADOR SOLEX DUPLO 2 E 3,18,87082919,B
90221,,BAQUELITE DO CARBURADOR WEBER 460,23,87082919,B
200891,,ESPAÇADOR DA BOMBA DE COMBUSTÍVEL -:,44,87082919,B
214051,,ISOLADOR DA BOMBA DE COMBUSTIVEL -:,45,87082919,B
10922,,GANCHO DA CAÇAMBA -:,7,87082999,B
308641,,ALAVANCA DO REGULADOR DA SAPATA DO FREIO TRAS.- LD -:,18,87083019,B
308650,,ALAVANCA DO REGULADOR DA SAPATA DO FREIO TRASEIRO - LE,16,87083019,B
60512,,JOGO DE MOLA E PINOS DO FREIO DIANTEIRO DISCO - 1 LADO -:,29,87083019,B
64053,,JOGO DE MOLA E PINOS DO FREIO DIANTEIRO SISTEMA ATE -:,23,87083019,B
400124,,JOGO DE MOLAS DO FREIO TRASEIRO - 2 LADO -:,26,87083019,B
50393,,JOGO DE MOLAS E PINOS DO FREIO DIANTEIRO A DISCO - 2 LADOS -:,29,87083019,B
64162,,JOGOS DE MOLAS DO FREIO TRASEIRO SISTEMA BENDIX AUTOMATICO - 1 LADO -:,52,87083019,B
200170,,MOLA DA PASTILHA DO FREIO DIANTEIRO -:,13,87083019,B
215686,,PARAFUSO DE REGULAGEM TRASEIRO SISTEMA LOCKHEED - LD / LE -:,124,87083019,B
33480,,PARAFUSO REGUL.FREIO TRAS. SISTEMA BOSCH - LD,93,87083019,B
26255,,PARAFUSO REGUL.FREIO TRAS. SISTEMA BOSCH - LE -:,98,87083019,B
50717,,PARAFUSO REGULADOR DO FREIO TRASEIRO SISTEMA BENDIX - LD -:,60,87083019,B
50725,,PARAFUSO REGULADOR DO FREIO TRASEIRO SISTEMA BENDIX - LE -:,72,87083019,B
88023,,"PARAFUSO SANGRADOR DO FREIO TRASEIRO - M10X1,0X18,0 / COMPRIMENTO TOTAL: 30,0MM) -:",13,87083019,B
212547,,REGULADOR DO FREIO TRASEIRO - LD / LE -:,148,87083019,B
3859,,REPARO DO REGULADOR AUTOMATICO DO FREIO TRASEIRO SISTEMA BENDIX - LD -:,58,87083019,B
48275,,REPARO DO REGULADOR AUTOMÁTICO FREIO TRAS(SIST-BENDIX ) LD,58,87083019,B
48127,,REPARO REGULADOR AUTOMÁTICO FREIO TRAS(SIST- BENDIX) LE,58,87083019,B
115134,,TRAVA LADO INT. DA HOMOC. LD CAMBIO - 25.5X1.6MM,10,87083019,B
45632,,JOGO DE VEDAÇÃO DO CILINDRO DO FREIO DIANTEIRO A DISCO SISTEMA ATE -:,44,87083090,B
86240,,JOGO DE VEDAÇÃO DO CILINDRO DO FREIO DIANTEIRO A DISCO SISTEMA VARGA - 1 LADO -:,42,87083090,B
75159,,JOGO DE VEDAÇÃO DO CILINDRO DO FREIO DIANTEIRO A DISCO SITEMA ATE -:,20,87083090,B
400116,,MOLA ANTIRRUIDO DA PASTILHA DO FREIO DIANTEIRO -:,15,87083090,B
1791,7898704911653,"PARAFUSO PINO GUIA DA PINÇA DE FREIO DIANTEIRA SISTEMA ATE - M9X1,25",18,87083090,B
68484,,REPARO DA ALAVANCA DO FREIO DE ESTACIONAMENTO -:,47,87083090,B
107557,7898704912124,ALAVANCA DE CAMBIO,92,87084090,B
12822,,ALAVANCA DE CAMBIO MONTADA -:,157,87084090,B
200201,7898704914333,ALAVANCA INIBIDORA DA RÉ - BOCA SUPERIOR 21MM - (PRETO) -:,40,87084090,B
65122,,ANEL SINCRONIZADOR DA 1a / 2a MARCHAS -:,69,87084090,B
65135,,ANEL SINCRONIZADOR DA 3a / 4a MARCHAS,156,87084090,B
313300,7898704913107,ARTICULADOR DA TRAMBULAÇÃO E LIAME DA TAMPA,196,87084090,B
403784,7895500000376,BASE DO CARBURADOR 2E OU 3E,82,87084090,B
73326,,BASE DO CARBURADOR WEBER 450 MINI PROGRESSIVO -:,58,87084090,B
313467,7898704912155,BUCHA DA ALAVANCA DE CAMBIO -:,21,87084090,B
102741,7898704910809,BUCHA DO CABO DE SELEÇÃO DE MARCHAS -:,29,87084090,B
68101,7898704916023,"CAIXA ROTULA COMPLETA DA ALAVANCA DE CAMBIO 260,0 MM",39,87084090,B
68611,,GARFO DA RE -:,106,87084090,B
68602,,GARFO DO SINCRONIZADOR DA 1a - 2a MARCHAS -:,192,87084090,B
68591,,GARFO DO SINCRONIZADOR DA 3a - 4a MARCHAS -:,172,87084090,B
29961,,GARFO DO SINCRONIZADOR DA 3a - 4a MARCHAS ( CÂMBIO BAIXO ) -:,130,87084090,B
300300,7898704910038,JOGO DO TERMINAL DO CABO DE ENGATE OU SELEÇÃO,47,87084090,B
300066,7898704913039,PINO DO ARTICULADOR DA TRABULAÇÃO DO ENGATE DE MARCHAS,48,87084090,B
105520,7898704910663,REPARO DA ALAVANCA DE CAMBIO -:,34,87084090,B
300180,7898704912346,REPARO DO TERMINAL DO CABO DE ENGATE OU SELEÇÃO -:,45,87084090,B
200094,7898704912025,REPARO PARCIAL DA ALAVANCA DE CÂMBIO -:,55,87084090,B
211133,7898704911684,REPARO TORRE E MANCAL INFERIOR DA ALAVANCA DE CAMBIO SISTEMA A CABO,135,87084090,B
311529,7898704910090,TERMINAL REMOVIVEL DO CABO DE ENGATE A HASTE DA ALAVANCA SELETORA,26,87084090,B
210706,7898704911905,TERMINAL REMOVIVEL DO CABO DE ENGATE DE MARCHAS - PIVO 13MM -:,44,87084090,B
404071,7898704913077,CARCAÇA DA BOMBA D'ÁGUA,165,87089100,B
32565,7898704913046,CONEXÃO COM REGISTRO DA MANGUEIRA DO AR QUENTE,26,87089100,B
116386,7898704914227,CONEXÃO DO COLETOR DE ADMISSÃO A MANGUEIRA DA BOMBA D'ÁGUA -:,26,87089100,B
67895,7898704912087,TAMPA DA VÁLVULA TERMOSTÁTICA -:,20,87089100,B
206857,7898704911806,TAMPA DA VÁLVULA TERMOSTÁTICA. -:,93,87089100,B
67004,,ANEL DE VEDAÇÃO DO TUBO DO ESCAPAMENTO,15,87089200,B
59412,,ANEL DE VEDAÇÃO DO TUBO DO ESCAPAMENTO EM MALHA DE AÇO GRAFITADA -:,42,87089200,B
911,,ANEL DE VEDAÇÃO DO TUBO PRIMÁRIO AO CATALIZADOR -:,15,87089200,B
401781,,ALAVANCA DE LIGAÇÃO DO PEDAL DO ACELERADOR AO CABO,44,87089990,B
408123,,ALAVANCA DO CABO DA EMBREAGEM LADO PEDAL,26,87089990,B
115100,7898704910793,ALAVANCA PLASTICA DE ABERTURA -:,42,87089990,B
115118,,ALAVANCA PLASTICA DE ABERTURA -:,28,87089990,B
78905,,ALAVANCA SELETORA DO CAMBIO FORJADA -:,175,87089990,B
402230,,ALOJAMENTO DA VARETA DO NIVEL DO ÓLEO DO MOTOR - LARANJA -:,40,87089990,B
404861,7898704914081,ALOJAMENTO DA VARETA DO NIVEL DO ÓLEO DO MOTOR - LARANJA -:,47,87089990,B
30619,,ANEL SINCRONIZADOR DA 3a / 4a MARCHAS - ( MAIOR ) -:,58,87089990,B
62104,,BUCHA DA HASTE DO CONTROLE REMOTO DA TRAMBULAÇÃO -:,15,87089990,B
311545,,BUCHA ESFERICA E ANEL DA ALAVANCA DE MUDANCAS -:,16,87089990,B
46201,,"CALÇO DE AJUSTE DA CAMBAGEM DIANTEIRA ( 0,36 MM ) -:",4,87089990,B
46192,,"CALÇO DE AJUSTE DA CAMBAGEM DIANTEIRA ( 0,75 MM )",2,87089990,B
46181,,CALÇO DE AJUSTE DA CAMBAGEM DIANTEIRA ( 3 MM ) -:,4,87089990,B
64645,7898704912360,COROA E PINHÃO DO VELOCIMETRO,39,87089990,B
113506,,COROA E PINHÃO DO VELOCIMETRO - 13X22 DENTES -:,122,87089990,B
19976,,COXIM DIANTEIRO INFERIOR DO MOTOR,63,87089990,B
42720,,CUBO DE ENGRENAGEM DO GIRABREQUIM -:,104,87089990,B
21008,,ENGRENAGEM DA 3a MARCHA ( 47 DENTES ) -:,231,87089990,B
112070,,"FLANGE DA MANGUEIRA D'ÁGUA DO CABEÇOTE (A) M14X1,5 (B + C) M10X1,0 -:",31,87089990,B
40833,,GRAMPO DA CRUZETA DO CARDAN -:,29,87089990,B
68953,,HASTE DO PEDAL DE FREIO AO CILINDRO MESTRE -:,40,87089990,B
117331,,JOGO BUCHA E PINO GUIA DA PINÇA DE FREIO DIANTEIRA SISTEMA ATE - 1 LADO -:,82,87089990,B
4292,,JOGO COMPLETO DE BUCHA E TUCHO DA CAIXA DE DIREÇÃO -:,36,87089990,B
400410,,JOGO DE BUCHA E PINO GUIA DA PINÇA DE FREIO DIANT. SIST. BOSCH - 1 LADO,82,87089990,B
402907,,JOGO DE BUCHAS DO PEDAL DE EMBREAGEM E FREIO,36,87089990,B
402915,,JOGO DE BUCHAS DOS PEDAIS DE EMBREAGEM E FREIO,80,87089990,B
400176,,JOGO DE COIFA DA HOMOCINÉTICA LADO CÂMBIO (TRIPLOIDE) -:,29,87089990,B
216178,,JOGO DE COXIM E TRAVA DO RADIADOR,60,87089990,B
310735,7898704910397,JOGO DE FIXAÇÃO DA CAIXA DE DIREÇÃO -:,31,87089990,B
42733,,JOGO DE FIXAÇÃO DO CUBO DA RODA DIANTEIRA - 1 LADO,34,87089990,B
2761,,JOGO DE FIXAÇÃO DO CUBO DA RODA TRASEIRA - 1 LADO,21,87089990,B
9462,,JOGO DE FIXAÇÃO DO CUBO DA RODA TRASEIRA - 1 LADO -:,20,87089990,B
75590,,JOGO DE MOLAS DO FREIO DIANTEIRO ( SISTEMA ATE ) -:,45,87089990,B
400051,7898704913206,JOGO DE MOLAS E PINOS DO FREIO DIANTEIRO A DISCO - 2 LADOS -:,112,87089990,B
100498,,JOGO DE PINO GUIA DA PINÇA DE FREIO DIANTEIRA SISTEMA VARGA - 1 LADO -:,111,87089990,B
310689,7898704911851,JOGO DE PINO TRAVA E BUCHA ARTICULADORA DA HASTE DO TRAMBULADOR -:,56,87089990,B
403000,,JOGO DE REFORÇO DO BATENTE LATERAL DA ALAVANCA DE CÂMBIO -:,52,87089990,B
310107,,JOGO DE VEDAÇÃO DA CARCAÇA DA VALVULA TERMOSTÁTICA,15,87089990,B
308501,7898704910397,JOGO INFERIOR DA COLUNA DE DIREÇÃO,124,87089990,B
407496,,"JOGO PARAFUSO E VEDADOR CENTRAL DA TAMPA DE VALVULAS (TORQUE 2,0 A 2,5 KGFMM²) -:",34,87089990,B
402702,7898704915354,JOGO PARCIAL DA COLUNA DE DIREÇÃO,37,87089990,B
23272,,LUVA DO SINCRONIZADOR DA 3a - 4a MARCHAS (CÂMBIO BAIXO) -:,85,87089990,B
400026,,"PARAFUSO E PORCA DE FIXAÇÃO DO PIVÔ DA BANDEJA DIANTEIRA A MANGA DE EIXO (10X1,5X45MM) -:",10,87089990,B
400023,,"PARAFUSO E PORCA DE FIXAÇÃO DO PIVÔ DA BANDEJA DIANTEIRA A MANGA DE EIXO (M8X1,25X40MM)",13,87089990,B
409618,,PARAFUSOS COM ARRUELAS E TAMPÕES DE FIXAÇÃO DO FORRO DA PORTA (MARROM) -:,7,87089990,B
300013,,PINHÃO DO VELOCIMETRO - 13 DENTES -:,16,87089990,B
100320,,PINO DE FIXAÇÃO DA HASTE DO CILINDRO MESTRE AO PEDAL DE EMBREAGEM -:,21,87089990,B
13851,,POLIA DA BOMBA D'ÁGUA -:,60,87089990,B
64105,,POLIA DA BOMBA DA DIREÇÃO HIDRAULICA -:,80,87089990,B
63479,,PONTA DE EIXO TRASEIRA -:,357,87089990,B
74624,,PORCA DE FIXAÇÃO DO ESTEPE -:,13,87089990,B
29041,,REPARO COM BUCHAS DO TRAMBULADOR E ALAVANCA DE CAMBIO,119,87089990,B
24090,,REPARO DA ALAVANCA DE CAMBIO,63,87089990,B
20390,,REPARO DA ALAVANCA DE CAMBIO COM ARTICULADOR -:,176,87089990,B
100442,7895500000376,REPARO DA ALAVANCA DE CAMBIO COM ARTICULADOR DA SELEÇÃO DE MARCHAS -:,95,87089990,B
400012,,REPARO DA HASTE DE LIGAÇÃO DA ALAVANCA DE CÂMBIO AO CÂMBIO -:,45,87089990,B
22342,,"REPARO DE VEDAÇÃO DA CAIXA DE DIREÇÃO COM ANEL, MOLA E TUCHO -:",13,87089990,B
401803,7898704910038,REPARO DO EIXO DO PEDAL DO ACELERADOR -:,31,87089990,B
401038,,REPARO DO TRAMBULADOR COM LIAME DE ARTICULAÇÃO -:,119,87089990,B
402460,7898704912643,REPARO DO TUBO DA BOMBA D'ÁGUA -:,10,87089990,B
400172,,RESERVATÓRIO DE ÓLEO DA DIREÇÃO HIDRÁULICA COM TAMPA -:,116,87089990,B
400166,,RESERVATÓRIO DO ÓLEO DA DIREÇÃO HIDRÁULICA COM TAMPA -:,132,87089990,B
107204,,SUPORTE DA ARTICULAÇÃO DA ALAVANCA DE CAMBIO -,106,87089990,B
200238,,SUPORTE DO COXIM DO MOTOR LADO CÂMBIO -:,140,87089990,B
400734,,SUPORTE TRASEIRO DO COXIM DO CÂMBIO -:,36,87089990,B
308978,,TAMPA DE VALVULAS DO MOTOR COM JUNTA E TAMPA DO OLEO -:,109,87089990,B
209910,7898704913053,TAMPA DIANTEIRA DO BLOCO DO EIXO AUXILIAR DA BOMBA DE OLEO -:,106,87089990,B
209902,7898704910151,TAMPA DIANTEIRA DO BLOCO DO EIXO AUXILIAR DA BOMBA DE OLEO (COM FURO PARA SENSOR) -:,96,87089990,B
209929,7898704914616,TAMPA DIANTEIRA DO BLOCO DO EIXO AUXILIAR DA BOMBA DE OLEO (SEM FURO PARA SENSOR) -:,82,87089990,B
47712,,TAMPA DO ENCHIMENTO DO ÓLEO DO MOTOR - COM TRAVA -:,29,87089990,B
46545,,TAMPA DO ENCHIMENTO DO ÓLEO DO MOTOR -:,18,87089990,B
68112,,TAMPA DO RESERVATÓRIO D'ÁGUA DO LIMPADOR DO PARA-BRISA -:,8,87089990,B
76597,,TAMPA DO RESERVATORIO DA DIREÇÃO HIDRAULICA -:,16,87089990,B
100368,,TERMINAL REMOVIVEL DO CABO DE ENGATE DE MARCHAS -:,32,87089990,B
210104,7898704911745,TERMINAL REMOVIVEL DO CABO DE SELEÇÃO DE MARCHAS - PIVO 10MM -:,55,87089990,B
213268,,TERMINAL ROSCADO DO CABO DO ACELERADOR -:,20,87089990,B
207616,,TRAVESSA INFERIOR DO MOTOR -:,210,87089990,B
4092,,TULIPA -:,168,87089990,B
100129,7898704915774,"VEDADOR DO RESER AO CILINDRO MESTRE DUPLO DIAMETRO INT 16,0MM EXT 26,0MM",10,87089990,B
31230,7898949207108,1015 GA-80 KAZ - GRAXA AZUL SACHE 80G,8,27101932,C
68623,7898587461504,10-3004 - ADITIVO RAD. PRONTO USO ORGANICO LONG LIFE ROSA 12X1LT,23,38249941,C
34433,7898574040446,2066 - REFIL FLAUTA GOL MI 97/02,20,39172900,C
03498,7899243655725,9-06855 - BUCHA CIL MESTRE 15MM VARGA/BOSCH,4,40161010,C
42765,7899641814168,VE990571186AN - KIT REP. MESA MAGNETO CG125/TITAN125/TODAY,12,40169300,C
69252,7899718104949,32003 - FLEX. FREIO TRAS. 270MM FUSCA 1200/1300/1500/1600,31,59090000,C
48149,,AR2011 - JAQUETA NYLON ARIZONA REFLETIVA PRETO M,375,62014000,C
24075,7898966248030,101007 - FEIXE MOLA SUSP. TRAS. UNO TDS 84/ 3LAMINAS.,453,72269200,C
17979,7899095578890,5228 - BUCHA CABECOTE GOL AR 8X14X26,7,73170090,C
17991,7899095579019,5383 - BUCHA PRIS. 6X10X16 UNIV.,7,73170090,C
37601,,001014 - BUJAO CARTER CONICO 14MM GM/FIAT/VW,10,73181500,C
01966,7899095543935,"03.005.14 - PARAF. RODA DIANT./TRAS. 12X1,5X37 CHEVETTE TODOS 73/",7,73181500,C
08640,7899095558762,2263 - PARAF. BARRA ESTABIL.10X51 LOGUS/POINTER 93/,12,73181500,C
03565,7899243604976,3410E - PORCA MANGA EIXO DIANT. ESQ. KOMBI,7,73181600,C
01198,1000000003970,"PR130 - PORCA RODA CROM. 7/16""-20UNF OPALA /79",133,73181600,C
07220,7898261411870,2202A - EIXO BAND. DIANT. COMPL. CORCEL/BELINA 1.6,39,73181900,C
07219,7898261411856,2202B - EIXO BAND. DIANT. COMPL. BELINA 1.3/1.4,34,73181900,C
05146,7899095551527,5541 - GRAMPO REVEST. PORTA VERM. CORCEL II,2,73182900,C
24498,7899243601210,1902 - CONEXAO RETA 5MM LATAO UNIV.,13,74153300,C
63599,,D 200.27 - ALAV. ARTIC. ENGATE MARCHAS COR/CEL/AST/VEC/PRIS/ZAFIRA,32,83023000,C
32971,7898298061178,1620 - COBERT. CORR. DENT. EXT. GOL/PRT AT 1.0 8V 97/,21,84099190,C
36571,7898298065626,2628 - FLANGE SENSOR TEMP. KOMBI 1.4 FLEX 06/,18,84099190,C
40355,7898300985478,40355 - KIT CAPA TUCHO C/REGULAGEM FUSCA/BRASILIA/KOMBI,34,84099190,C
12624,7898304559958,40503 - KIT VED. MOTOR GOL/PARATI/SAVEIRO MI 8V,36,84099190,C
12625,7898304559972,40504 - KIT VED. MOTOR GOL/PARATI 1.0 AT 16V 97/01,28,84099190,C
41296,7898300985027,41296 - KIT TAMPA PENEIRA OLEO COMPL. FUSCA/BRASILIA/KOMBI,98,84099190,C
26105,,D 100.258 - FLANGE C/ANEL TAMPAO D AGUA AP,10,84099190,C
10728,7898298060799,FB1666 - COBERT. CORR. DENT. EXT. INF. GOL AP 1.6/1.8/2.0 87/99,28,84099190,C
26101,7898298062830,FUA0020 - CONEXAO MOTOR GOL/VOY/PRT/SAV AP 1.6/1.8/2.0 2X10MM,52,84099190,C
38073,7898610551585,2341 - TRAVA BICO INJETOR VW/FIAT BOSCH,39,84099969,C
09840,7798151943545,FCC225 - FILTRO COMBUST. UNIVERSAL GDE CARBURADO,12,84212300,C
11089,7898413610342,R10V208 - ROL. EMBR. SEDAN/BRASILIA/VARIANT /73,101,84821090,C
32490,7898422629243,IR18286 - ROL. RODA TRAS. CHEVETTE/MARAJO 73/94,74,84822090,C
32468,7898507310585,IRB007 - KIT ROL. RODA TRAS. CORCEL/DEL REY/PAMPA,109,84822090,C
29580,7899613602182,IRB021 - KIT ROL. RODA DIANT. CORCEL/DEL REY/BELINA I/II,108,84822090,C
32474,7899270819541,IRB034 - KIT ROL. RODA DIANT. SEDAN BRAS. 74/,63,84822090,C
27195,7899270803601,IRB100 - KIT ROL. RODA TRAS. GOL/VOY/PRT/SANTANA 84/,39,84822090,C
27196,7898422624620,IRB200 - KIT ROL. RODA TRAS. MONZA/KADETT/CORSA,44,84822090,C
27193,7899270810753,IRB300 - KIT ROL. RODA TRAS. ESCORT/VERONA /92,56,84822090,C
32465,7899270846547,IRB351 - KIT ROL. RODA TRAS. KOMBI CLIPPER 78/,184,84822090,C
27194,7899270831963,IRB400 - KIT ROL. RODA TRAS. FIESTA/KA/ESCORT 93/,76,84822090,C
63567,,D 100.68 - KIT PORCA CAPA PROT. COR. DENT. PRT/SANT/GOL AP,18,84833029,C
32600,7898508561795,PV - 196 - POLIA VIRABR. GOL AP 95,114,84835010,C
15292,7890941446400,D11F734 - ARTIC. COL. DIR. FIESTA /96 KA 97/,114,84836019,C
10300,7899092141172,30.319 - JTA. BOIA TANQUE FUSCA,4,84842000,C
01038,7892069001011,20 623 - TAMPA DISTRIB. CORSA 1.0/1.4/1.6 EFI 94/96 C/ DISTR. BOSH,95,85119000,C
18974,7899095582651,3590 - TAMPA FURO ANTENA LIMP. TRAS. CORSA,15,87082200,C
13567,7899095541078,8554 - PARAF. ESTEPE ASTRA 98/11 CORSA 95/12 MERIVA 02/12,15,87082200,C
08476,7890251700162,M010 - RESERV. FLUIDO FREIO SIMPLES OPALA/KOMBI/CHEVETTE C/TAMPA,24,87082999,C
70093,7898943881588,M739 - RESERV. EXP. COBALT 11/ ONIX/SPIN 12/,74,87082999,C
15806,7899198910146,ECO1014 - PAST. FREIO DIANT. CORSA 94/ CELTA 1.0/1.4 00/09 PRISMA 07/09,44,87083019,C
01640,7898110830333,1201 - CABO FREIO SEDAN 1200/1300 /81 1685MM,37,87083090,C
01649,7898110830357,1203 - CABO FREIO BRASILIA /81 VARIANT I/TL 70/77 1680MM,37,87083090,C
01651,7898110830371,1205 - CABO FREIO PASSAT 74/86 2230MM,48,87083090,C
01650,7898110830456,1213 - CABO FREIO SANTANA/QUANTUM 1.8/2.0 84 2563MM,77,87083090,C
01642,7898110830463,1214 - CABO FREIO GOL/SAVEIRO 1.3/1.6 AR 80/86 2594MM,76,87083090,C
29150,7898440472654,2245 - CABO FREIO LIBERACAO PAMPA 85/93 252MM,28,87083090,C
02032,7898110833433,4202 - CABO FREIO TRAS. OPALA/CARAVAN DISCO 71/77 3346MM,88,87083090,C
02031,7898110833549,4213 - CABO FREIO DIANT. OPALA/CARAVAN 69/78 1200MM,13,87083090,C
02345,7898110833631,4222 - CABO FREIO TRAS. DIR. KADETT 89/98 FREIO TAMBOR 1947MM,120,87083090,C
14361,7899095559455,90222 - TUBO FREIO RETO MESTRE ESQ. 3170MM GOL/VOY/PRT/SAV.,52,87083090,C
14366,7899095559509,90231 - TUBO FREIO RETO MESTRE ESQ. 3900MM VOYAGE,68,87083090,C
14367,7899095559516,90232 - TUBO FREIO RETO MESTRE DIR. 3300MM VOYAGE,56,87083090,C
14369,7899095559530,90234 - TUBO FREIO RETO DIANT. DIR. 1500MM VOYAGE,28,87083090,C
14379,7899095559639,90272 - TUBO FREIO RETO DIANT. CIL. MESTRE/FLEX. 1230MM CHEVETTE 73/76,21,87083090,C
14380,7899095559646,90273 - TUBO FREIO RETO DIANT. CIL. MESTRE/FLEX. 1445MM CHEVETTE 76/86,24,87083090,C
19834,7898318870308,HF04 - TAMBOR FREIO TRAS. 4F. C/CUBO FUSCA 1300/1500 74/,232,87083090,C
19837,7898318870209,HF07 - TAMBOR FREIO TRAS. 4F. FUSCA 1300/1500 70/73,186,87083090,C
19732,7898318870032,HF14 - DISCO FREIO DIANT. SOL. 4F. FIESTA 1.0/1.3 96/16 KA 1.0/1.3 97/13,112,87083090,C
19832,7898318870674,HF65 - TAMBOR FREIO TRAS. 4F. GOL 80/14 SANTANA 82/93 VOY. 82/95,144,87083090,C
22468,7898318874269,HFCD11 - CUBO RODA DIANT. S/ROL. 3F. 24D. CORCEL/BELINA I/II 75/91,143,87083090,C
26330,7890074921720,RH92172 - CIL. FREIO RODA DIR. S10 95/12,112,87083090,C
25090,7890007492433,RH9243 - CIL. FREIO RODA DIR. CORCEL 69/77 (BENDIX),56,87083090,C
25093,7890007492488,RH9248 - CIL. FREIO RODA DIR. BELINA II 77/79 (VARGA),56,87083090,C
04889,7898477600426,S5055 - ALAV. FREIO MAO CHEVETTE/MARAJO/CHEVY 500,220,87083090,C
01456,7899243620501,001 - CALOTA CUBO RODA DIANT. ESQ. C/FURO FUSCA 79/86,10,87087090,C
20482,7898300984921,20482 - KIT CALOTA CUBO RODA TRAS. ESQ. ESCORT/VERONA 93/96/ FIESTA 96/,64,87087090,C
30406,7898300983665,30406 - KIT CALOTA CUBO RODA TRAS. CORSA,34,87087090,C
32475,7899270842426,IRB022 - KIT ROL. RODA DIANT. SEDAN BRAS. /74,84,87087090,C
28517,7899099105566,10031 - PONT. CABO COM. CAMBIO FURO 13MM PALIO 1.0/1.3/1.4 00/16,23,87089990,C
34248,7899099106884,10048 - KIT PINHAO VELOC. UNO/PALIO/DOBLO/IDEA/PUNTO,12,87089990,C
15430,7898506621606,10084 - HASTE ALAV. FREIO MAO UNO 84/,42,87089990,C
10087,7898300986871,10087 - KIT ENGR. VELOC. UNO/TEMPRA/PALIO/TIPO/MAREA/FIAT 147,16,87089990,C
01722,7898110830104,1110 - CABO ACEL. GOL/SAV/PAR/VOY/SANT/QUANTUM 1.6/1.8 84/96 937MM,24,87089990,C
02367,7898110830227,1122 - CABO ACEL. REGULAVEL UNIVERSAL 3800MM,10,87089990,C
02579,7898110836403,1141 - CABO ACEL. SANTANA/QUANTUM 1.8/2.0 EFI 98/01 955MM,31,87089990,C
01680,7898110830579,1301 - TUBO FLEX. EMBR. SEDAN/KOMBI/BRA/VAR/TL /96 298MM,18,87089990,C
01814,7898110836625,1301/B - TUBO FLEX. EMBR. KOMBI T2 96/ 360MM,24,87089990,C
02284,7898110830623,1306 - CABO EMBR. GOL/SAVEIRO/VOYAGE/PARATY 1.6/1.8 89/97 915MM,47,87089990,C
01614,7898110830814,1406 - CABO VELOC. BRASILIA 74/82 1065MM,23,87089990,C
01613,7898110830883,1413 - CABO VELOC. KOMBI  /00 2450MM,44,87089990,C
01745,7898110830975,1501 - CABO CAPO BRASILIA/VARIANT II 70/82 1715MM,16,87089990,C
02864,7898110831057,1506/A - CABO CAPO C/ALAV. GOL/SAV/PAR/VOY. AGUA 87/97 1740MM,28,87089990,C
01744,7898110831064,1507 - CABO CAPO S/ALAV. SANTANA/QUANTUM 84/92 2015MM,16,87089990,C
15543,7898440480758,1522 - CABO CAPO S/ALAV. GOL GV 07/ SAVEIRO GV 09/,31,87089990,C
37269,7899099110546,15248 - KIT REG. FREIO DIR. CELTA 08/16 /PRISMA 07/12 FIESTA 96/01 SIST. VARGA,76,87089990,C
37270,7899099110553,15249 - KIT REG. FREIO ESQ. CELTA 08/16 /PRISMA 07/12 FIESTA 96/01 SIST. VARGA,74,87089990,C
37312,7899099110959,15289 - KIT PINO GUIA PINCA TRAS. MONZA/KADETT 92/,77,87089990,C
02868,7898110837264,1704 - CABO AFOG. SEDAN 70/ 3810MM,72,87089990,C
02370,7898110837332,1801 - CABO LIMIT. TPA. TRAS. SAVEIRO 82/97 557MM,31,87089990,C
20151,7898300981111,20151 - KIT TRAMB. CORCEL II/ DEL REY/PAMPA 4X2 82/ 5M.,47,87089990,C
20202,7898304557374,20202 - KIT CABO EMBR. ESCORT 90/,26,87089990,C
20449,7898300981272,20449 - KIT ALAV. TRAMB. ESCORT 1.8 TDS,74,87089990,C
20451,7898300981296,20451 - KIT HASTE SELETORA CORCEL/DEL REY/PAMPA 69/,12,87089990,C
02338,7898110831309,2105 - CABO ACEL. CORCELII/BELII/DELREY S/AR 1090MM,36,87089990,C
22523,7898938364386,2106 - CHIC. DISTRIB. MONZA,21,87089990,C
02331,7898110831866,2306 - CABO EMBR. DEL REY/SCALA 1.8 90/91 PAMPA 1.8 90/97 1047MM,55,87089990,C
30183,7898300981586,30183 - KIT CABO EMBR. CHEVETTE 73/,12,87089990,C
30334,7899099106099,30334 - KIT ENGR. VELOC. C/COROA CORSA 94/,48,87089990,C
01663,7898110832191,3105 - CABO ACEL. UNO/PREMIO/ELBA 1.6 90 1230MM,53,87089990,C
12252,7898110838742,3127 - CABO ACEL. PALIO/SIENA 1.0/1.3 8V MPI 01/ GAS. 665MM,34,87089990,C
19684,7898440470643,3134 - CABO ACEL. MILLE FIRE 1.0 8V UNO 1.3 04/,37,87089990,C
01660,7898110832429,3303 - CABO EMBR. UNO/PREMIO/ELBA/FIORINO 89/95 645MM,42,87089990,C
01667,7898110832573,3502 - CABO CAPO S/ALAV. UNO/PREMIO/ELBA/FIORINO 84/ 1590MM,16,87089990,C
19693,7898440470742,3603 - CABO TRAVA BANCO PALIO 03/ 437MM,10,87089990,C
12298,7898110839244,3802 - CABO LIMIT. TPA. TRAS. STRADA 99/,21,87089990,C
12284,7898110839251,3803 - CABO PORTA MALAS UNO 85/96 2820MM,52,87089990,C
28055,7898440473392,3814 - TERM. ENG. C/BORRACHA UNO/STILO 13MM,37,87089990,C
40130,7898300980626,40130 - KIT PEDAL ACEL. COMPL. FUSCA/BRASILIA/VARIANT,52,87089990,C
40163,7898300980664,40163 - KIT ALAV. SAPATA FREIO L. ESQ. FUSCA/BRASILIA,45,87089990,C
40168,7898300980671,40168 - KIT ALAV. SAPATA FREIO L. DIR. FUSCA/BRASILIA,47,87089990,C
00019,7898300982132,40319 - KIT SINCRON. 1/2 MARCHA FUSCA/KOMBI/BRASILIA/VARIANT TDS,68,87089990,C
40344,7898300985546,40344 - KIT DISCO ARTIC. COL. DIR. FUSCA/BRASILIA/VARIANT,24,87089990,C
40726,7898300980817,40726 - KIT ALAV. SAPATA FREIO L. ESQ. KOMBI /82,45,87089990,C
40729,7898300980824,40729 - KIT ALAV. SAPATA FREIO L. DIR.. KOMBI /82,45,87089990,C
40731,7898300984846,40731 - KIT ALAV. SAPATA FREIO L. DIR. KOMBI 83/,42,87089990,C
40775,7898300986819,40775 - KIT PEDAL ACEL. PARCIAL KOMBI 1.6 81/,40,87089990,C
02121,7898110832641,4101 - CABO ACEL. CHEVETTE 1.4 CARB. SIMPLES GAS. 532MM,32,87089990,C
02122,7898110832658,4102 - CABO ACEL. CHEVETTE 1.4 CARB. SIMPLES ALC. 730MM,29,87089990,C
02356,7898110832689,4104 - CABO ACEL. CHEVETTE 87/87 775MM,34,87089990,C
02354,7898110832740,4107 - CABO ACEL. MONZA CARB. DUPLA 87/91 688MM,29,87089990,C
02098,7898110832795,4111 - CABO ACEL. OPALA/CARAVAN 4 CIL. CARB. SIMPLES 593MM,23,87089990,C
02099,7898110832801,4112 - CABO ACEL. OPALA/CARAVAN 4 CIL. CARB. DUPLA 74 495MM,18,87089990,C
02100,7898110832832,4115 - CABO ACEL. OPALA/CARAVAN 4 CIL. GAS. 79/83 560MM,23,87089990,C
01873,7898110832870,4119 - CABO ACEL. OPALA/CARAVAN 4/6 CIL. 800MM,28,87089990,C
41309,7898300985256,41309 - KIT GARFO EMBR. GOL 1.6/1.8/2.0 AGUA,52,87089990,C
02532,7898110839329,4161 - CABO ACEL. CORSA 1.0/1.4/1.6 MPFI  770MM,50,87089990,C
19699,7898440470858,4176 - CABO ACEL. MONZA/KADETT 1.8/2.0 EFI 575MM,23,87089990,C
01781,7898110834225,4318 - CABO EMBR. CORSA 94/ CELTA 99/ TDS 620MM,48,87089990,C
29173,7898440471046,4327 - CABO EMBR. ASTRA HATCH/WAGON 95/96,64,87089990,C
01784,7898110834508,4423 - CABO VELOC. CORSA TDS 845MM,36,87089990,C
01975,7898110834522,4425 - CABO VELOC. OPALA/CARAVAN 4 CIL. 5 M. 1440MM,28,87089990,C
01924,7898110834539,4426 - CABO VELOC. OPALA/CARAVAN 4 CIL. 1125MM,21,87089990,C
01786,7898110834577,4430 - CABO VELOC. VECTRA MECAN. 93 850MM,32,87089990,C
01930,7898110834812,4506 - CABO CAPO C/ALAV. OPALA/CARAVAN 84 1058MM,32,87089990,C
19919,7898440471084,4515 - CABO CAPO C/ALAV. CELTA 1385MM,31,87089990,C
19999,7898440471121,4707 - CABO AFOG. UNIV. APLICA TDS LINHAS,45,87089990,C
07251,7895071013188,FI124C - BAND. TRAS. ESQ./DIR. C/EIXO UNO/PREMIO 84/13,207,87089990,C
07623,7895071043307,FO3095GG - BAND. DIANT. ESQ. INF. S/PIVO PAMPA 84/98,239,87089990,C
07624,7895071043314,FO3096GG - BAND. DIANT. DIR. INF. S/PIVO PAMPA 84/98,239,87089990,C
07627,7895071043321,FO3103GG - BAND. DIANT. ESQ. SUP. S/PIVO PAMPA 84/98,157,87089990,C
07628,7895071043338,FO3104GG - BAND. DIANT. DIR. SUP. S/PIVO PAMPA 84/98,157,87089990,C
07293,7895500001144,FUA0146 - SUP. ALTERN. BRASILIA/KOMBI,135,87089990,C
08459,7890251711205,NV-120 - TAMPA RESERV. LIMP. P/BRISA KA/FIESTA/COURIER,7,87089990,C
36195,7890251711625,NV-162 - VARETA NIVEL OLEO ASTRA TDS 8V/ZAFIRA 2.0,36,87089990,C
12453,7890251711823,"NV-182 - VARETA NIVEL OLEO VECTRA 2.0 8/16V 2.2 8V TDS 97/ 44,7CM",37,87089990,C
10744,7893272002390,TC-5200 - TAMPA RESERV. PART. FRIO CORSA/CELTA,24,87089990,C
12192,7898474511930,VC-223 - TUBO CONEXAO SAIDA BOMBA AGUA METAL MILLE 92/98,32,87089990,C
39282,7895756030356,03035 - LENTE PISCA CRISTAL CG125/ML125/TURUNA,5,87141000,C
58803,7898527480541,100398 - TUBO INT. BENG. TITAN150/TITAN160 18/ LADO ESQ.,106,87141000,C
43567,7898911526299,2219 - RETROV. ESPORTIVO ASA CROMADO ESQ.,47,87141000,C
43566,7898911526305,2220 - RETROV. ESPORTIVO ASA CROMADO DIR.,47,87141000,C
18390,7899021041368,4123 - DISCO EMB. CG125/ML125/TUR/TITAN/XL125,144,87141000,C
57638,7908285479371,CA-39HPLT - CAV. LAT. S/BORR. FAN/TITAN125/150/160 /16 /CG160 START,15,87141000,C
16109,7890429182585,PM0108S - PAST. FREIO DIANT. TITAN150 09/ FAN160 ESDI 15/18 S/CBS,26,87141000,C
65933,7908084154950,PR-237HPLT - PROT. CAREN. MOD. ARMOR FAN125/150 09/TITAN150 09/CG160 START,146,87141000,C
162084,7893732162084,GALAO DO PARA-LAMAS TRAS. PRETO,13,39169090,D
161025,7893732161025,"CONEXAO ""I"" DO ESGUICHO DO PARA-BRISA (5,5X6,5X38MM) (BRANCO)",4,39174090,D
47848,7893732047848,TAMPA DO RESERVATORIO DE AGUA DO LIMPADOR DE PARA-BRISA,23,39235000,D
292286,7893732292286,GRAMPO DO FRISO DO TETO,8,39263000,D
697395,7893732697395,"CONEXAO ""T"" DA MANGUEIRA DO VACUO (4 VIAS)",10,39269090,D
50701,7893732050701,GRAMPO DO SPOILER,4,39269090,D
575099,7893732575099,BATENTE DO PORTA-MALAS (TAMPAO),4,40082900,D
601903,7893732601903,GUARNICAO DA JANELA LATERAL FIXA,84,40082900,D
700361,7893732700361,GUARNICAO DA JANELA LATERAL FIXA DIR./ESQ. STAND.,58,40082900,D
102349,7893732102349,GUARNICAO DA PORTA DIR. 3960 MM (1 BULBO C/CANTO),77,40082900,D
102332,7893732102332,GUARNICAO DA PORTA ESQ. (1 BULBO C/CANTO),77,40082900,D
334818,7893732334818,MANGUEIRA DO BOCAL DO TANQUE DE COMBUSTIVEL ORIG.,31,40091100,D
100567,7893732100567,MANGUEIRA DO FILTRO DE AR,23,40091100,D
152276,7893732152276,MANGUEIRA DO FILTRO DE AR,13,40091100,D
602627,7893732602627,MANGUEIRA DO RADIADOR SUP. ORIG.,23,40091100,D
70938,7893732070938,MANGUEIRA DO RESPIRO DO MOTOR ORIG.,13,40091100,D
159022,7893732159022,MANGUEIRA DO RESPIRO DO OLEO,26,40091210,D
601316,7893732601316,GUARDA-PO DO TRAMBULADOR,7,40093100,D
102806,7893732102806,MANGUEIRA DA BOMBA D'AGUA,29,40093100,D
600302,7893732600302,MANGUEIRA DA BOMBA D'AGUA ORIG.,16,40093100,D
701788,7893732701788,MANGUEIRA DA BOMBA D'AGUA ORIG.,20,40093100,D
155659,7893732155659,MANGUEIRA DA BOMBA DAGUA INF. COM.,12,40093100,D
218651,7893732218651,MANGUEIRA DA DIRECAO HIDRAULICA,45,40093100,D
151811,7893732151811,MANGUEIRA DO ANTI-CHAMA,10,40093100,D
691188,7893732691188,MANGUEIRA DO AQUECEDOR (CABECOTE) ORIG.,18,40093100,D
70419,7893732070419,MANGUEIRA DO AQUECEDOR (ENTRADA) ORIG.,16,40093100,D
153907,7893732153907,MANGUEIRA DO AQUECEDOR (SAIDA),39,40093100,D
303418,7893732303418,MANGUEIRA DO AQUECEDOR (TUBO/VALVULA) ORIG.,12,40093100,D
217401,7893732217401,MANGUEIRA DO BOCAL DO TANQUE DE COMBUSTIVEL,16,40093100,D
198830,7893732198830,MANGUEIRA DO RADIADOR,53,40093100,D
150487,7893732150487,MANGUEIRA DO RADIADOR INF.,68,40093100,D
152368,7893732152368,MANGUEIRA DO RADIADOR INF.,28,40093100,D
303371,7893732303371,MANGUEIRA DO RADIADOR INF. ORIG.,36,40093100,D
602634,7893732602634,MANGUEIRA DO RADIADOR INF. ORIG.,29,40093100,D
70273,7893732070273,MANGUEIRA DO RADIADOR INF. ORIG.,32,40093100,D
154676,7893732154676,MANGUEIRA DO RADIADOR SUP.,61,40093100,D
195051,7893732195051,MANGUEIRA DO RADIADOR SUP.,23,40093100,D
303432,7893732303432,MANGUEIRA DO RADIADOR SUP. ORIG.,60,40093100,D
51371,7893732051371,MANGUEIRA DO RADIADOR SUP. ORIG.,21,40093100,D
704338,7893732704338,MANGUEIRA DO RADIADOR SUP. ORIG.,42,40093100,D
802539,7893732802539,MANGUEIRA DO RADIADOR SUP. ORIG.,87,40093100,D
153426,7893732153426,MANGUEIRA DO RESERVATORIO DE EXPANSAO,18,40093100,D
701443,7893732701443,MANGUEIRA DO RESERVATORIO DE EXPANSAO ORIG.,16,40093100,D
42973,7893732042973,MANGUEIRA DA BOMBA D'AGUA,200,40093290,D
603853,7893732603853,BUCHA DO CAMBIO (HASTE),2,40161010,D
700545,7893732700545,CALCO DO BOCAL DO TANQUE DE COMBUSTIVEL,5,40161010,D
160059,7893732160059,ANEL DO COMANDO DE VALVULAS VEDACAO,2,40169300,D
302329,7893732302329,ANEL DO TANQUE DE COMBUSTIVEL (VEDACAO),4,40169300,D
302312,7893732302312,BASE VEDACAO CARB. WEBER,32,40169300,D
50138,7893732050138,BATENTE MOLA DO EIXO DE SUSPENSAO TRAS. SUP.,16,40169300,D
104459,7893732104459,BUCHA BOMBA ELETRICA FIXACAO ORIG.,5,40169300,D
602320,7893732602320,BUCHA DO BRACO TENSOR DIANT.,5,40169300,D
160141,7893732160141,BUCHA DO RADIADOR VERMELHO,2,40169300,D
696381,7893732696381,BUCHA DO RESERV. DE PARTIDA A FRIO OU LIMPADOR,4,40169300,D
167249,7893732167249,BUCHA RADIADOR OLEO,2,40169300,D
604720,7893732604720,CALCO DA MOLA DIANT.,15,40169300,D
111662,7893732111662,GUARDA-PO DA CAIXA DE DIRECAO,15,40169300,D
161186,7893732161186,MANCAL DO FACAO DIR. ORIG.,20,40169300,D
161179,7893732161179,MANCAL DO FACAO ESQ. ORIG.,20,40169300,D
164583,7893732164583,TAMPA DO AR QUENTE (INFERIOR),15,40169300,D
42133,7893732042133,BATENTE DA SUSPENSAO DIANT.,12,40169990,D
161049,7893732161049,BATENTE DA SUSPENSAO TRAS.,15,40169990,D
603389,7893732603389,BATENTE DO FEIXE DE MOLAS TRAS.,24,40169990,D
800283,7893732800283,BUCHA DA BARRA DE DIRECAO,7,40169990,D
697166,7893732697166,BUCHA DA BARRA DE DIRECAO ORIG.,10,40169990,D
30765,7893732030765,BUCHA DA BARRA ESTABILIZADORA TRAS. S/TUBO 12X40MM,8,40169990,D
800269,7893732800269,BUCHA DA BIELETA BARRA ESTABILIZADORA DIANT. (INF.),5,40169990,D
30925,7893732030925,BUCHA DA BIELETA DIANT.,4,40169990,D
102820,7893732102820,BUCHA DA CAIXA DE DIRECAO,36,40169990,D
46674,7893732046674,BUCHA DA CAIXA DE DIRECAO DIR.,18,40169990,D
46667,7893732046667,BUCHA DA CAIXA DE DIRECAO ESQ.,15,40169990,D
300202,7893732300202,BUCHA DA COLUNA DE DIRECAO,2,40169990,D
40481,7893732040481,BUCHA DO ALTERNADOR SUP.,8,40169990,D
40160,7893732040160,BUCHA DO AMORTECEDOR DIANT. SUP.,7,40169990,D
702358,7893732702358,BUCHA DO AMORTECEDOR TRAS. SUP.,7,40169990,D
160554,7893732160554,BUCHA DO CAMBIO,12,40169990,D
164590,7893732164590,BUCHA DO EIXO DE SUSPENSAO TRAS.,32,40169990,D
801013,7893732801013,BUCHA DO EIXO DE SUSPENSAO TRAS.,31,40169990,D
972850,7892968011081,BUCHA DO EIXO DE SUSPENSAO TRAS.,32,40169990,D
978258,7892968019261,BUCHA DO FEIXE DE MOLA TRAS.,36,40169990,D
700675,7893732700675,BUCHA DO RESERV. DE PARTIDA A FRIO OU LIMPADOR,2,40169990,D
702365,7893732702365,BUCHA DO RESPIRO DO OLEO,4,40169990,D
163357,7893732163357,CALCO DA CARROCERIA DIANT. INF.,5,40169990,D
163401,7893732163401,CALCO DA CARROCERIA TRAS. SUP.,5,40169990,D
116636,7893732116636,CALCO DA MOLA DIANT. (INFERIOR) ORIG.,20,40169990,D
116940,7893732116940,CALCO DA MOLA DIANT. (SUPERIOR),13,40169990,D
700422,7893732700422,CALCO DA TAMPA TRASEIRA,7,40169990,D
70075,7893732070075,CALCO DA TAMPA TRASEIRA,5,40169990,D
107207,7893732107207,CALCO DO BOCAL DO TANQUE DE COMBUSTIVEL,10,40169990,D
30086,7893732030086,CALCO DO CAMBIO TRAVA,21,40169990,D
30871,7893732030871,CALCO TRAVA DA SUSPENSAO PEQUENO,7,40169990,D
694943,7893732694943,CAPA DA PORCA DO AMORTECEDOR DIANT.,8,40169990,D
301018,7893732301018,CAPA DO PEDAL DO FREIO/EMBREAGEM,4,40169990,D
45257,7893732045257,CAPA DO PEDAL DO FREIO/EMBREAGEM,4,40169990,D
58899,7893732058899,CAPA DO PEDAL DO FREIO/EMBREAGEM,5,40169990,D
602436,7893732602436,CAPA DO PEDAL DO FREIO/EMBREAGEM,4,40169990,D
113420,7893732113420,CAPA PEDAL FREIO/EMBREAGEM,7,40169990,D
115769,7893732115769,CAPA PEDAL FREIO/EMBREAGEM,7,40169990,D
642210,7893732642210,CAPA PEDAL FREIO/EMBREAGEM,5,40169990,D
182303,7893732182303,COIFA DA VENTOINHA FOLE,133,40169990,D
692543,7893732692543,COIFA DO CAMBIO HASTE SELETORA,13,40169990,D
40566,7893732040566,COIFA DO CARDAN TRAS.,32,40169990,D
160493,7893732160493,COXIM DO CAMBIO,48,40169990,D
31670,7893732031670,COXIM DO CAMBIO,112,40169990,D
42713,7893732042713,COXIM DO CARDAN EXT. TRAS.,77,40169990,D
160455,7893732160455,COXIM DO MOTOR,20,40169990,D
30055,7893732030055,COXIM DO MOTOR DIANT.,108,40169990,D
50800,7893732050800,COXIM DO RADIADOR SUP.,4,40169990,D
301452,7893732301452,GUARDA-PO DA ALAVANCA DO CAMBIO,28,40169990,D
691195,7893732691195,GUARDA-PO DO TRAMBULADOR,28,40169990,D
680014,7893732680014,KIT BARRA ESTABILIZADORA DIANT. (12MM),16,40169990,D
33155,7893732033155,PEDAL DO ACELERADOR,21,40169990,D
161513,7893732161513,REPARO DO CILINDRO MESTRE ROLHA,2,40169990,D
40085,7893732040085,SUPORTE DO ESCAPAMENTO (ANEL 62 MM),2,40169990,D
701160,7893732701160,SUPORTE DO ESCAPAMENTO (ANEL),4,40169990,D
601859,7893732601859,SUPORTE DO ESCAPAMENTO (DIANT.) (ANEL),2,40169990,D
45936,7893732045936,SUPORTE DO ESCAPAMENTO (FUCINHO),5,40169990,D
70150,7893732070150,SUPORTE DO ESCAPAMENTO (TRAS.),5,40169990,D
800221,7893732800221,SUPORTE DO ESCAPAMENTO (TRAS.) (ANEL),2,40169990,D
40061,7893732040061,TAMPA DO OLEO DO MOTOR,5,40169990,D
31489,7893732031489,TAMPAO DO ASSOALHO 45MM (GRANDE) ORIG.,2,40169990,D
701641,7893732701641,PAPELAO DO RADIADOR,42,58050090,D
161414,7893732161414,TRAVA MAQUINA VIDRO (BORBOLETA),2,73170090,D
12709,7893732012709,ABRACADEIRA RADIAL ESP (8 MMX12MM) (C/BORR.),4,73269090,D
161018,7893732161018,GRADE DA SAIDA DE AR TRAS. PRETO (6 PCS),45,83023000,D
82719,7893732082719,ANTICHAMA DO MOTOR,23,84099190,D
52767,7893732052767,MODULO INJECAO ELETRICA (C/JUNTA),16,84099190,D
162398,7893732162398,SUPORTE INJECAO ELETR.,18,84099190,D
52750,7893732052750,TUBO DISTRIB. VACUO,12,84099190,D
167256,7893732167256,TAMPA DO OLEO DO MOTOR,18,84099991,D
750779,7893732750779,BOMBA ELETRICA DO RESERVATORIO DO PARA-BRISA 2 SAIDAS - 12V,74,84137090,D
72697,7893732072697,VALVULA CONTROLE DO AQUECEDOR,47,84818096,D
903465,7891100065234,PALHETA DO PARA-BRISA (DX23),74,85129000,D
900389,7891100343516,"PALHETA DO PARA-BRISA SLIM (14"") (S435)",52,85129000,D
900433,7891100346012,"PALHETA DO PARA-BRISA SLIM (24"") (S460)",58,85129000,D
903373,7891100001126,PALHETA DO VIDRO TRAS. (R12) (REFIL),32,85129000,D
78040,7893732078040,ARREMATE COLUNA TETO DIANT/TRAS. (GELO),13,87082919,D
200816,7893732200816,CAPA DOBRADICA TAMPA TRAS. DIR. (PTO),98,87082919,D
200809,7893732200809,CAPA DOBRADICA TAMPA TRAS. ESQ. (PTO),98,87082919,D
45226,7893732045226,JUNTA DA BASE CARBURADOR 2E/3E,12,87082919,D
707322,7893732707322,PAPELAO DO RADIADOR SUP.,45,87082919,D
622779,7893732622779,BOCAL DO TANQUE DE COMBUSTIVEL,21,87082999,D
71058,7893732071058,BOTAO ALAVANCA ENCOSTO BANCO (CZA MONTANA),4,87082999,D
330377,7893732330377,BOTAO ALAVANCA ENCOSTO BANCO (CZA),4,87082999,D
45509,7893732045509,BUCHA DO FAROL,2,87082999,D
71393,7893732071393,BUCHA DO FAROL,2,87082999,D
804106,7893732804106,BUCHA FRISO LONGARINA,2,87082999,D
40429,7893732040429,CALCO DO CAPO LATERAL,4,87082999,D
167928,7893732167928,CAPA PISCA (CROMADO),20,87082999,D
698064,7893732698064,CORDAO DO BAGAGITO DO PORTA-MALAS,7,87082999,D
113734,7893732113734,"CORDAO DO BAGAGITO DO PORTA-MALAS (29,5CM)",4,87082999,D
704024,7893732704024,"CORDAO DO BAGAGITO DO PORTA-MALAS (33,5CM)",4,87082999,D
701009,7893732701009,ESPELHO MANIVELA VIDRO,5,87082999,D
690235,7893732690235,ESPELHO MANIVELA VIDRO (PRETO),2,87082999,D
624209,7893732624209,GRAMPO DA CALHA DA PORTA,2,87082999,D
692772,7893732692772,GRAMPO DA COLUNA,2,87082999,D
46230,7893732046230,GRAMPO DA HASTE DA FECHADURA,4,87082999,D
205019,7893732205019,GRAMPO DA HASTE DO CAPO,2,87082999,D
631603,7893732631603,GRAMPO DE FIXACAO,2,87082999,D
242465,7893732242465,GRAMPO DE FIXACAO (10X7X141MM) (PRETO),4,87082999,D
52583,7893732052583,GRAMPO DE FORRACAO DA PORTA,2,87082999,D
601125,7893732601125,GRAMPO DE FORRACAO DA PORTA,2,87082999,D
601149,7893732601149,GRAMPO DE FORRACAO DA PORTA,2,87082999,D
164736,7893732164736,GRAMPO DE FORRACAO DA PORTA (METALICO),2,87082999,D
589584,7893732589584,GRAMPO DO DESCANSO DA HASTE DA VARETA DO CAPO,5,87082999,D
804311,7893732804311,GRAMPO DO FRISO LATERAL,4,87082999,D
131769,7893732131769,GRAMPO DO PARA-CHOQUE,2,87082999,D
66719,7893732066719,GRAMPO DO PARA-CHOQUE,4,87082999,D
701559,7893732701559,GRAMPO DO PARA-CHOQUE,2,87082999,D
804304,7893732804304,GRAMPO DO SPOILER,4,87082999,D
40641,7893732040641,JUNTA DA BOMBA DE COMBUSTIVEL,10,87082999,D
767869,7893732767869,KIT DE FIXACAO DO BANCO (6PCS),8,87082999,D
160400,7893732160400,MANGUEIRA DO AR QUENTE,28,87082999,D
75704,7893732075704,MANOPLA REGULAGEM ENCOSTO BANCO (GRAF.),5,87082999,D
721991,7893732721991,MANOPLA REGULAGEM ENCOSTO BANCO (PTO),7,87082999,D
332326,7893732332326,MANOPLA REGULAGEM ENCOSTO BCO (CZA),5,87082999,D
161353,7893732161353,RESERVATORIO DO FLUIDO DE FREIO,37,87082999,D
167515,7893732167515,RESERVATORIO DO FLUIDO DE FREIO,37,87082999,D
160110,7893732160110,SUPORTE DO PARA-CHOQUE TRAS. DIR./ESQ.,24,87082999,D
164255,7893732164255,TAMPA DA CAIXA DO ESTEPE REDONDA,4,87082999,D
302664,7893732302664,TAMPA DO ASSOALHO GRANDE,5,87082999,D
78378,7893732078378,TAMPA DO OLEO DO MOTOR,28,87082999,D
303326,7893732303326,TAMPAO DO ASSOALHO MEDIO,2,87082999,D
195,7893732000195,TAMPAO DO FURO DA ANTENA (26MM),2,87082999,D
702587,7893732702587,TRAVA DESLIZE DO BANCO,2,87082999,D
800962,7893732800962,TRAVA DESLIZE DO BANCO C/TRAVA,2,87082999,D
800979,7893732800979,TRAVA DESLIZE DO BANCO S/TRAVA,2,87082999,D
700989,7893732700989,TRAVA/TRINCO TAMPA PORTA-LUVAS,4,87082999,D
913792,7893732913792,CILINDRO DE RODA DIANT.,58,87083090,D
48203,7893732048203,JUNCAO DO TRAMBULADOR CRUZETA,76,87084090,D
697333,7893732697333,KIT REPARO DA ALAVANCA DO CAMBIO 5 MARCHAS,15,87084090,D
860447,7892968020595,BIELETA DA BARRA ESTABILIZADORA DIANT.,36,87088000,D
100819,7893732100819,BUCHA DO AMORTECEDOR DIANT. INF.,24,87088000,D
30017,7893732030017,BUCHA DO RESPIRO DA VALVULA,8,87088000,D
320163,7893732320163,CALCO DE MOLA DIANT. INF. (BORR.),18,87088000,D
163210,7893732163210,GUARDA-PO DA ALAVANCA DO FREIO DE MAO,74,87088000,D
114496,7893732114496,KIT AMORTECEDOR DIANT. (BAT. /COXIM/ ROL./ G.PO SP),128,87088000,D
105876,7893732105876,KIT AMORTECEDOR TRAS. (BATENTE/GUARDA-PO) ORIG.,48,87088000,D
51302,7893732051302,KIT BARRA ESTABILIZADORA DIANT.,16,87088000,D
103773,7893732103773,KIT TENSOR DIANT. (REPARO),36,87088000,D
114632,7893732114632,RESERVATORIO DE EXPANSAO,85,87089100,D
28595,7893732028595,RESERVATORIO DE EXPANSAO,167,87089100,D
301124,7893732301124,RESERVATORIO DE EXPANSAO,39,87089100,D
301650,7893732301650,RESERVATORIO DE EXPANSAO,58,87089100,D
701580,7893732701580,RESERVATORIO DE EXPANSAO,58,87089100,D
71171,7893732071171,KIT DO ESCAPAMENTO 45 MM,52,87089200,D
166815,7893732166815,ACOPLAMENTO DO CAMBIO,55,87089910,D
166563,7893732166563,SUPORTE CABO EMBREAGEM (ABERTO),13,87089910,D
165443,7893732165443,ALCA DE SEGURANCA PRETO,21,87089990,D
301261,7893732301261,ANEL AMORTECEDOR DIANT. (TRAVA NYLON),4,87089990,D
803987,7893732803987,BASE DO CARBURADOR (INTERMEDIARIA),82,87089990,D
740299,7893732740299,BIELETA DA BARRA ESTABILIZADORA DIANT. ORIG.,44,87089990,D
165221,7893732165221,BOTAO DO AFOGADOR,10,87089990,D
46261,7893732046261,BUCHA DA ALAVANCA DO TRAMBULADOR,7,87089990,D
86847,7893732086847,BUCHA DA CAIXA DE DIRECAO,8,87089990,D
163494,7893732163494,CAIXA PARA BATERIA 12 V,28,87089990,D
181474,7893732181474,CALCO DA CARROCERIA TRAS. INF.,18,87089990,D
604287,7893732604287,CALCO DA MOLA DIANT. (METAL),15,87089990,D
103711,7893732103711,CALCO DO PARA-CHOQUE DIANT. PONTEIRA CURTA,12,87089990,D
301971,7893732301971,"CONEXAO ""T"" DO HIDROVACUO",5,87089990,D
700903,7893732700903,CORDAO DO BAGAGITO DO PORTA-MALAS,5,87089990,D
160486,7893732160486,COXIM DO CAMBIO,39,87089990,D
40139,7893732040139,COXIM DO CAMBIO,48,87089990,D
600197,7893732600197,COXIM DO CAMBIO,216,87089990,D
801068,7893732801068,COXIM DO CAMBIO,37,87089990,D
970757,7892968009248,COXIM DO CAMBIO,61,87089990,D
166648,7893732166648,COXIM DO CAMBIO ORIG.,69,87089990,D
300271,7893732300271,COXIM DO MOTOR,36,87089990,D
970702,7892968010848,COXIM DO MOTOR,76,87089990,D
105128,7893732105128,COXIM DO MOTOR DIANT. DIR.,79,87089990,D
166655,7893732166655,COXIM DO MOTOR ORIG.,50,87089990,D
105197,7893732105197,COXIM DO MOTOR TRAS. DIR.,74,87089990,D
300295,7893732300295,COXIM DO RADIADOR (MAIOR),7,87089990,D
165511,7893732165511,DESCANSO DE BRACO,13,87089990,D
165528,7893732165528,DESCANSO DE BRACO,44,87089990,D
604560,7893732604560,DESCANSO DE BRACO DIR.,40,87089990,D
331909,7893732331909,DUTO DO FILTRO DE AR,64,87089990,D
160349,7893732160349,ESPELHO MACANETA INT.,2,87089990,D
163463,7893732163463,GRAMPO DO CABO DE VELAS (ORGANIZADOR) (2 VIAS),4,87089990,D
164729,7893732164729,GRAMPO DO FRISO,2,87089990,D
624926,7893732624926,GRAMPO DO PARA-LAMA,2,87089990,D
700514,7893732700514,GUARDA-PO DO TRAMBULADOR,12,87089990,D
181016,7893732181016,GUARNICAO MACANETA PORTA (GDE),2,87089990,D
166006,7893732166006,KIT ALAVANCA DO CAMBIO,82,87089990,D
32776,7893732032776,KIT ALAVANCA DO CAMBIO (4 MARCHAS),24,87089990,D
708169,7893732708169,KIT AMORTECEDOR TRAS. (BAT./GUARDA-PO SP),16,87089990,D
52095,7893732052095,KIT AMORTECEDOR TRAS. INF./SUP.,16,87089990,D
603273,7893732603273,KIT BARRA ESTABILIZADORA DIANT. EXT. (22MM),15,87089990,D
800948,7893732800948,KIT BARRA ESTABILIZADORA DIANT. EXT./INT.,24,87089990,D
87066,7893732087066,KIT CATRACA EMBREAGEM,36,87089990,D
86861,7893732086861,KIT CATRACA EMBREAGEM (CPTO),34,87089990,D
166587,7893732166587,KIT COIFA DO CAMBIO (SEMI-EIXO) ORIG.,37,87089990,D
31151,7893732031151,KIT DA ALAVANCA DO CAMBIO,29,87089990,D
42485,7893732042485,KIT DE BUCHAS DA CAIXA DE DIRECAO (FIXACAO),24,87089990,D
161971,7893732161971,KIT DO PEDAL DO ACELERADOR PARCIAL,53,87089990,D
109270,7893732109270,KIT JUNTA HOMOCINETICA LADO CAMBIO,16,87089990,D
536281,7893732536281,KIT JUNTA HOMOCINETICA LADO CAMBIO,45,87089990,D
584855,7893732584855,KIT JUNTA HOMOCINETICA LADO CAMBIO,85,87089990,D
600517,7893732600517,KIT JUNTA HOMOCINETICA LADO CAMBIO,47,87089990,D
720369,7893732720369,KIT JUNTA HOMOCINETICA LADO CAMBIO DIR. (C/FLANGE) (REPARO),77,87089990,D
603129,7893732603129,KIT JUNTA HOMOCINETICA LADO RODA,16,87089990,D
166013,7893732166013,KIT REPARO ALAVANCA DO CAMBIO,88,87089990,D
75230,7893732075230,LIAME DA ALAVANCA DO TRAMBULADOR,74,87089990,D
610660,7893732610660,"MANGUEIRA DO AR CARBURADOR (45,5X600) (ALUMINIO)",66,87089990,D
166983,7893732166983,MANGUEIRA DO FILTRO DE AR (BORR.),37,87089990,D
602030,7893732602030,"MANGUEIRA DO FILTRO DE AR 38,5X590 MM",64,87089990,D
104022,7893732104022,"MANGUEIRA DO FILTRO DE AR 63,5X588 MM",64,87089990,D
163890,7893732163890,PASSA FIO DA LANTERNA TRAS. GRANDE,4,87089990,D
200366,7893732200366,PINO DA PORTA,2,87089990,D
701221,7893732701221,PINO TRAVA PORTA,2,87089990,D
693045,7893732693045,PORCA ESTEPE,13,87089990,D
701269,7893732701269,PRATO DO AMORTECEDOR DIANT.,12,87089990,D
801716,7893732801716,PRATO DO AMORTECEDOR DIANT. SUP.,15,87089990,D
802171,7893732802171,RESERVATORIO DE AGUA DO LIMPADOR DE  PARA-BRISA (S/SENSOR),69,87089990,D
200335,7893732200335,RESERVATORIO DE AGUA DO LIMPADOR DE PARA-BRISA,45,87089990,D
801426,7893732801426,RESERVATORIO DE AGUA DO LIMPADOR DE PARA-BRISA,72,87089990,D
73281,7893732073281,RESERVATORIO DE AGUA DO LIMPADOR DE PARA-BRISA (C/FURO DIANT.),80,87089990,D
104626,7893732104626,RESERVATORIO DE FLUIDO DO FREIO,34,87089990,D
164538,7893732164538,RESERVATORIO DE FLUIDO DO FREIO,23,87089990,D
161230,7893732161230,RESERVATORIO DE FLUIDO DO FREIO (BICO FINO),21,87089990,D
303838,7893732303838,SUPORTE DO COXIM DO MOTOR DIR. LATERAL,56,87089990,D
292774,7893732292774,SUPORTE DO RADIADOR SUP. ESQ./DIR.,28,87089990,D
332913,7893732332913,SUPORTE DO TRAMBULADOR,10,87089990,D
303852,7893732303852,SUPORTE MOTOR COXIM FRONTAL,60,87089990,D
304040,7893732304040,TAMPA DO RESERVATORIO DE AGUA DO LIMPADOR DE PARA-BRISA,13,87089990,D
576959,7893732576959,"TAMPA DO RESERVATORIO DE EXPANSAO (1,45 BAR)",47,87089990,D
334160,7893732334160,TERMINAL DO CONECTOR DO CABO TRAMBULADOR,32,87089990,D
580710,7893732580710,TIRANTE DO TRAMBULADOR,36,87089990,D
580758,7893732580758,TIRANTE DO TRAMBULADOR,34,87089990,D
582431,7893732582431,TIRANTE DO TRAMBULADOR 255 MM,56,87089990,D
533679,7893732533679,TIRANTE TRAMBULADOR (FURO 10MM),20,87089990,D
64289,7891200341368,LOCTITE 598 BLACK 70GR. ATE 204 GRAUS,66,32141010,E
6452311,4041248845653,SILICONE ADES/VEDANTE DIRKO PRETO 70ML,48,35069190,E
9085033,4047025341110,FLUIDO FREIO 500ML DOT 3 FF4500,16,38190000,E
6636811,7898410230840,CORREIA V,52,40103200,E
6638503,7898410233766,CORREIA SINCRONIZADORA,90,40103500,E
10911,7891252019420,RET.DA ARV.AUX DA MANIV.DO COMANDO VALV.,36,40169300,E
10923,7891252020068,RET.DA ARV.AUXILIAR DO COMANDO,26,40169300,E
10900,7891252050324,RET.DA ARV.COMANDO DE VALV.DIANT.,37,40169300,E
10906,7891252050317,RET.DA ARV.DA MANIV.,60,40169300,E
10823,7891252050232,RET.DA ARV.MANIVEIXO TRAS.E CX.DE MUD.,48,40169300,E
10915,7891252019451,RET.DA ARV.MANUAL (L.VOLANTE) TRAS.,50,40169300,E
10822,7891252050256,RET.DA ARV.MANUAL(L.VOLANTE)TRAS.,63,40169300,E
10886,7891252018560,RET.DA ARV.MANUAL(L.VOLANTE)TRAS.,77,40169300,E
21121,7891252022833,RET.DA ARV.MANUAL(L.VOLANTE)TRAS.,79,40169300,E
10759,7891252070322,RET.DA ARV.PRIM.,40,40169300,E
20388,7891252002248,RET.DA ARV.PRIM.,71,40169300,E
10771,7891252003443,RET.DA CX.DE MUD.,69,40169300,E
10814,7891252010748,RET.DA CX.DE MUD.,31,40169300,E
10925,7891252020082,RET.DA CX.DE MUD.DA ALAVANCA DO CAMBIO,32,40169300,E
10877,7891252018379,RET.DA CX.DE MUD.DA ARV.PRIM.,55,40169300,E
10926,7891252020099,RET.DA CX.DE MUD.DA ARV.PRIM.,40,40169300,E
10935,7891252020754,RET.DA CX.DE MUD.DA ARV.PRIM.,32,40169300,E
10874,7891252018331,RET.DA CX.DE MUD.DA ARV.PRIM.EIXO PIL.,28,40169300,E
10875,7891252018348,RET.DA CX.DE MUD.DA EXTENSAO CARC.,85,40169300,E
10891,7891252018775,RET.DA CX.DE MUD.DA EXTENSAO CARC.,20,40169300,E
20466,7891252023243,RET.DA RODA DA CX.DE MUD.DA ARV.PRIM.,32,40169300,E
4305086,7891252017648,RET.DA RODA DIANT 01764,20,40169300,E
10803,7891252009797,RET.DA RODA DIANT.,21,40169300,E
10818,7891252011097,RET.DA RODA DIANT.,34,40169300,E
10884,7891252018508,RET.DA RODA DIANT.INT.,31,40169300,E
10902,7891252019185,RET.DA RODA DIANT.INT.,32,40169300,E
10816,7891252070506,RET.DA RODA TRAS.,44,40169300,E
10947,7891252021393,RET.DA RODA TRAS.,36,40169300,E
34051,7891252023700,RET.DA SAIDA (TRANSMISSAO),103,40169300,E
10858,7891252017655,RET.DA SAIDA(TRANSMISSAO),52,40169300,E
10933,7891252020686,RET.DA SAIDA(TRANSMISSAO),23,40169300,E
28989,7891252023748,RET.DA SAIDA(TRANSMISSAO),29,40169300,E
10757,7891252053394,RET.DA TAMPA DISTR.,36,40169300,E
34054,7891252025254,RET.DIANT.DO VIRABREQUIM,55,40169300,E
45322,7891252051673,RET.DIANT.DO VIRABREQUIM,74,40169300,E
46781,7891252050034,RET.DO EIXO DO COM.DE VALV.DIANT.,34,40169300,E
10883,7891252070681,RET.DO EIXO TRAS.DA SEMI ARV.,56,40169300,E
10963,7891252024561,RET.DO VIRAB.DIANT.(L.POLIA),56,40169300,E
46923,7891252028453,RET.TRAS.DO VIRABREQUIM,93,40169300,E
49649,7891252027029,RET.TRAS.DO VIRABREQUIM,69,40169300,E
10821,7891252050294,RETEN.EIXO TRAS.(CARRETA) OU MOTOR VW AR,32,40169300,E
6310865,7891252073095,RETENTOR DA CAIXA DE MUDANCAS,20,40169300,E
17500,7891252025094,RETENTOR DA HASTE DE VALVULA,4,40169300,E
32859,7891252030449,RETENTOR DA HASTE DE VALVULA (7 MM),5,40169300,E
80609,7891252019499,RETENTOR DA INJETORA,18,40169300,E
76714,7891252025391,RETENTOR DO EIXO COMANDO,34,40169300,E
10869,7891252018140,RETENTOR EIXO TRAS. FLANGE,23,40169300,E
29008,7891252029009,RETENTOR TRAS.DO VIRABREQUIM.,61,40169300,E
3895572,7892968023763,KIT COIFA HOMOCINETICA,24,40169990,E
58592,7893026203837,LONA DIANT OU TRAS,56,68138190,E
58657,7893026203813,LONA DIANT OU TRAS,45,68138190,E
58659,7893026203844,LONA DIANT OU TRAS,28,68138190,E
58660,7893026203851,LONA DIANT OU TRAS,34,68138190,E
58658,7893026203820,LONA DIANT/TRAS,50,68138190,E
4101014,7893026410105,LONA TRAS,39,68138190,E
4101367,7893026204025,LONA TRAS,63,68138190,E
4102401,7893026204049,LONA TRAS,47,68138190,E
4103122,7893026203301,LONA TRAS,44,68138190,E
4103297,7893026203332,LONA TRAS,32,68138190,E
4103360,7893026203448,LONA TRAS,40,68138190,E
4104111,7893026203646,LONA TRAS,21,68138190,E
58577,7893026203578,LONA TRAS,31,68138190,E
58583,7893026203653,LONA TRAS,31,68138190,E
58600,7893026203943,LONA TRAS,53,68138190,E
58601,7893026203950,LONA TRAS,36,68138190,E
58607,7893026204032,LONA TRAS,100,68138190,E
58624,7893026203097,LONA TRAS,45,68138190,E
58633,7893026203318,LONA TRAS,44,68138190,E
58635,7893026203349,LONA TRAS,47,68138190,E
58638,7893026203400,LONA TRAS,64,68138190,E
58640,7893026203431,LONA TRAS,55,68138190,E
58663,7893026204001,LONA TRAS,24,68138190,E
58664,7893026204056,LONA TRAS,39,68138190,E
94608,7893026416961,LONA TRAS,58,68138190,E
62652,7894766152003,ANEL MOTOR (JG 4CIL) SPA,181,84099116,E
62654,7894766152119,ANEL MOTOR (JG 4CIL) SPA,135,84099116,E
62655,7894766151891,ANEL MOTOR (JG 4CIL) SPA,165,84099116,E
62657,7894766152386,ANEL MOTOR (JG 4CIL) SPA,117,84099116,E
62659,7894766152461,ANEL MOTOR (JG 4CIL) SPA,88,84099116,E
62660,7894766152348,ANEL MOTOR (JG 4CIL) SPA,124,84099116,E
62664,7894766152584,ANEL MOTOR (JG 4CIL) SPA,133,84099116,E
87646,7894766448182,ANEL MOTOR (JG 4CIL) SPA,239,84099116,E
98592,7894766448267,ANEL MOTOR (JG 6CIL) SPA,434,84099116,E
17717,7898544291076,BOMBA DE COMBUSTIVEL,151,84133010,E
19471,7898544291281,BOMBA DE COMBUSTIVEL,207,84133010,E
21847,7898544293742,BOMBA DE COMBUSTIVEL,116,84133010,E
30857,7898544291144,BOMBA DE COMBUSTIVEL,112,84133010,E
46027,7898544291397,BOMBA DE COMBUSTIVEL,132,84133010,E
18836,7898544291113,BOMBA DE COMBUSTIVEL (6 E 6MM),130,84133010,E
22368,7898544291151,BOMBA DE COMBUSTIVEL (6 E 8MM),154,84133010,E
11212,7892677000024,BOMBA DE OLEO (21X8MM),132,84133030,E
90798,7890903015477,BOMBA DE OLEO (21X8MM),112,84133030,E
22145,7892677000833,BOMBA DE OLEO ENGRENAGEM 36MM (10075),242,84133030,E
12387,7898544290062,BOMBA D AGUA,244,84133090,E
56129,7898936860903,BOMBA D AGUA,125,84133090,E
69334,7898936860910,BOMBA D AGUA,130,84133090,E
70101,7898936860934,BOMBA D AGUA,106,84133090,E
72712,7316572413067,BOMBA D AGUA,204,84133090,E
82649,7316575153755,BOMBA D AGUA,104,84133090,E
91728,7890903023199,BOMBA D AGUA,181,84133090,E
33667,7898936860965,BOMBA D AGUA (25 DENTES),101,84133090,E
36747,7898936860941,BOMBA D AGUA (POLIA 19 DENTES),109,84133090,E
12414,7898544293759,BOMBA D AGUA (POLIA SIMPLES),104,84133090,E
43780,7898544290031,BOMBA D AGUA S/POLIA,85,84133090,E
6811795,7892677005159,BOMBA DE AGUA,109,84133090,E
45707,7891342004992,FILTRO COMBUSTIVEL,28,84212300,E
53905,7891342004985,FILTRO COMBUSTIVEL,31,84212300,E
53908,7891342008204,FILTRO COMBUSTIVEL,26,84212300,E
77125,7891342007511,FILTRO COMBUSTIVEL,36,84212300,E
82628,7891342008112,FILTRO COMBUSTIVEL,18,84212300,E
82629,7891342008136,FILTRO COMBUSTIVEL,32,84212300,E
82630,7891342008129,FILTRO COMBUSTIVEL,32,84212300,E
82631,7891342008105,FILTRO COMBUSTIVEL,26,84212300,E
45701,7891342003025,FILTRO COMBUSTIVEL GAS UNIVERSAL,8,84212300,E
69949,7892415625809,FILTRO COMBUSTIVEL PLUS (MAHLE),20,84212300,E
45700,7891342003018,FILTRO COMBUSTIVEL UNIVERSAL GAS/ALC,12,84212300,E
59960,7892415460653,FILTRO LUBRIFICANTE (BLINDADO),21,84212300,E
71219,7892415460516,FILTRO LUBRIFICANTE (BLINDADO) OC259,20,84212300,E
6401783,7891342017589,FILTRO LUBRIFICANTE (OLEO),24,84212300,E
7518692,7891342016414,FILTRO LUBRIFICANTE (OLEO),23,84212300,E
95035,7891342010313,FILTRO LUBRIFICANTE (OLEO),29,84212300,E
45664,7891342000192,FILTRO LUBRIFICANTE (OLEO) PSL619,20,84212300,E
45653,7891342000437,FILTRO LUBRIFICANTE (PAPEL SELADO),21,84212300,E
45654,7891342000123,FILTRO LUBRIFICANTE (PAPEL SELADO),29,84212300,E
45656,7891342000666,FILTRO LUBRIFICANTE (PAPEL SELADO),37,84212300,E
45657,7891342000673,FILTRO LUBRIFICANTE (PAPEL SELADO),23,84212300,E
45659,7891342035286,FILTRO LUBRIFICANTE (PAPEL SELADO),24,84212300,E
45661,7891342000222,FILTRO LUBRIFICANTE (PAPEL SELADO),26,84212300,E
45662,7891342000178,FILTRO LUBRIFICANTE (PAPEL SELADO),32,84212300,E
45666,7891342000208,FILTRO LUBRIFICANTE (PAPEL SELADO),48,84212300,E
45667,7891342000215,FILTRO LUBRIFICANTE (PAPEL SELADO),47,84212300,E
45725,7891342001793,FILTRO LUBRIFICANTE (PAPEL SELADO),44,84212300,E
45852,7891342000628,FILTRO LUBRIFICANTE (PAPEL SELADO),42,84212300,E
45860,7891342000574,FILTRO LUBRIFICANTE (PAPEL SELADO),61,84212300,E
45879,7891342000147,FILTRO LUBRIFICANTE (PAPEL SELADO),28,84212300,E
53911,7891342000505,FILTRO LUBRIFICANTE (PAPEL SELADO),28,84212300,E
56311,7891342005296,FILTRO LUBRIFICANTE (PAPEL SELADO),20,84212300,E
59711,7891342005401,FILTRO LUBRIFICANTE (PAPEL SELADO),24,84212300,E
61726,7891342005364,FILTRO LUBRIFICANTE (PAPEL SELADO),36,84212300,E
63465,7891342005722,FILTRO LUBRIFICANTE (PAPEL SELADO),45,84212300,E
6467636,7891342021784,FILTRO OLEO,39,84212300,E
7533349,7891342021791,FILTRO OLEO,31,84212300,E
7599978,7891342014816,FILTRO OLEO,28,84212300,E
7512201,7893390601499,FILTRO OLEO (LUBRIFICANTE) W6MULTI20,20,84212300,E
6312711,7891342505093,FILTRO COMBUSTIVEL,24,84212990,E
45875,7891342003230,FILTRO COMBUSTIVEL (PAPEL SELADO),74,84212990,E
7510152,7891342008181,FILTRO COMBUSTIVEL GI507,21,84212990,E
64971,7891342005609,FILTRO AR CONDICIONADO (CABINE) ACP003,20,84213990,E
73770,7891342029346,FILTRO AR CONDICIONADO (CABINE) ACP005,28,84213990,E
77161,7891342005913,FILTRO AR CONDICIONADO (CABINE) ACP103,15,84213990,E
95408,7891342011228,FILTRO AR CONDICIONADO (CABINE) ACP121,44,84213990,E
7511001,7891342512299,FILTRO AR CONDICIONADO (CABINE) ACP126,24,84213990,E
82615,7891342007962,FILTRO AR CONDICIONADO (CABINE) ACP303,24,84213990,E
95414,7891342010733,FILTRO AR CONDICIONADO (CABINE) ACP551,34,84213990,E
95417,7891342010955,FILTRO AR CONDICIONADO (CABINE) ACP709,28,84213990,E
7513941,7891342512985,FILTRO AR CONDICIONADO (CABINE) ACP730,31,84213990,E
7500963,7891342010740,FILTRO AR CONDICIONADO (CABINE) ACP886,21,84213990,E
7500980,7891342512374,FILTRO AR CONDICIONADO (CABINE) ACP904,21,84213990,E
7514000,7891342012874,FILTRO AR CONDICIONADO (CABINE) ACP906,20,84213990,E
95421,7891342011273,FILTRO AR CONDICIONADO (CABINE) ACP972,16,84213990,E
95424,7891342511421,FILTRO AR CONDICIONADO (CABINE) ACP979,29,84213990,E
70997,7892415458704,FILTRO CABINE (AR COND) LA 0031,18,84213990,E
7511981,4047025327480,FILTRO CABINE STANDARD,34,84213990,E
6316305,4011558340506,FILTRO AR,44,84219999,E
63824,3165142041377,FILTRO AR,31,84219999,E
63854,7891009326597,FILTRO AR,40,84219999,E
7527829,7891342515658,FILTRO AR,45,84219999,E
45923,7891342002486,"FILTRO AR AR2867 (REDONDO, OVAL OU SIMIL",76,84219999,E
45686,7891342002509,"FILTRO AR AR2953 (REDONDO, OVAL OU SIMIL",79,84219999,E
45688,7891342002035,"FILTRO AR AR3589 (REDONDO, OVAL OU SIMIL",29,84219999,E
45691,7891342031554,"FILTRO AR AR6084 (REDONDO, OVAL OU SIMIL",66,84219999,E
45692,7891342002073,"FILTRO AR AR6089 (REDONDO, OVAL OU SIMIL",40,84219999,E
45693,7891342031578,"FILTRO AR AR6193 (REDONDO, OVAL OU SIMIL",26,84219999,E
45694,7891342002103,"FILTRO AR AR6194 (REDONDO, OVAL OU SIMIL",21,84219999,E
45696,7891342002127,"FILTRO AR AR6196 (REDONDO, OVAL OU SIMIL",50,84219999,E
45698,7891342033411,"FILTRO AR AR9620 (REDONDO, OVAL OU SIMIL",32,84219999,E
45668,7891342002165,FILTRO AR ARL2505 (PLANO / REGULAR),31,84219999,E
45670,7891342002042,FILTRO AR ARL4147 (PLANO / REGULAR),20,84219999,E
45671,7891342002226,FILTRO AR ARL4150 (PLANO / REGULAR),21,84219999,E
95426,7891342011655,FILTRO AR ARL4151 (PLANO / REGULAR),28,84219999,E
93171,7891342011761,FILTRO AR ARL4152,34,84219999,E
71875,7891342006200,FILTRO AR ARL4415 (PLANO / REGULAR),31,84219999,E
63464,7891342005708,FILTRO AR ARL5050 (PLANO / REGULAR),55,84219999,E
95430,7891342010351,FILTRO AR ARL5138 (PLANO / REGULAR),36,84219999,E
45672,7891342031882,FILTRO AR ARL6090 (PLANO / REGULAR),34,84219999,E
45673,7891342002196,FILTRO AR ARL6091 (PLANO / REGULAR),24,84219999,E
71877,7891342006217,FILTRO AR ARL6096 (PLANO / REGULAR),21,84219999,E
68543,7891342005791,FILTRO AR ARL8825 (PLANO / REGULAR),26,84219999,E
3191435,7891342513043,FILTRO AR ARL8830 (PLANO / REGULAR),36,84219999,E
45675,7891342002172,FILTRO AR ARL8832 (PLANO / REGULAR),20,84219999,E
58935,7891342005340,FILTRO AR ARL8834 (PLANO / REGULAR),15,84219999,E
45678,7891342002240,FILTRO AR ARL8837 (PLANO / REGULAR),56,84219999,E
53900,7891342004787,FILTRO AR ARL8840 (PLANO / REGULAR),42,84219999,E
45682,7891342002264,FILTRO AR ARL9603 (PLANO / REGULAR),26,84219999,E
60212,7891342005319,FILTRO AR ARL9605 (PLANO / REGULAR),34,84219999,E
68975,7891342005524,FILTRO AR ARL9608 (PLANO / REGULAR),29,84219999,E
53910,7891342505048,FILTRO AR ARS2868 (SELO RADIAL),45,84219999,E
90786,7891342010993,FILTRO AR ART6098 (TRAPEZOIDAL),29,84219999,E
7505817,4011558069506,FILTRO AR C18581,45,84219999,E
7518340,7891342515870,FILTRO AR PLANO,55,84219999,E
7530901,7891342017503,FILTRO AR PLANO,44,84219999,E
7518021,7891342015417,FILTRO AR TRAPEZOIDAL,69,84219999,E
82633,7891342008150,FILTRO LUBRIFIC.(PAPEL ECOLOGICO) REFIL,39,84219999,E
91686,7891342008297,FILTRO LUBRIFIC.(PAPEL ECOLOGICO) REFIL,29,84219999,E
7514301,7891342512282,FILTRO LUBRIFICANTE PEL674,44,84219999,E
30832,7894476031827,VALVULA DE RETENCAO DE VACUO,10,84813000,E
56628,7893989007053,VALVULA TERMOSTATICA S/OURO,204,84818021,E
19302,7316576756863,ROL.DA CAIXA DE TRANSFERENCIA,72,84821010,E
30976,7316571047102,ROLAMENTO DA EMBREAGEM,12,84821010,E
3840565,7316574169160,ROLAMENTO DA RODA DIANT.,100,84821010,E
21638,7316571370668,ROLAMENTO DA RODA TRAS.,39,84821010,E
10490,7316575080709,ROLAMENTO DO MOTOR,23,84821010,E
6309554,4012801053686,ROLAMENTO FIXO DE ESFERAS,21,84821010,E
10496,7316575092580,ROLAMENTO INDUSTRIAL,34,84821010,E
55435,7316577758644,ROLAMENTO INDUSTRIAL,15,84821010,E
10488,7316575080655,ROLAMENTO LINHA 6000,16,84821010,E
40750,7316572669624,ROLAMENTO DA EMBREAGEM,69,84821090,E
77393,7892166011333,ROLAMENTO DA EMBREAGEM,79,84821090,E
3840018,7316579633062,ROLAMENTO DA RODA DIANT (S/ABS),136,84821090,E
3840590,7316577258083,ROLAMENTO DA RODA DIANT.,93,84821090,E
47081,4047643160681,ROLAMENTO DA RODA DIANTEIRA,93,84821090,E
3809625,7316576689840,ROLAMENTO RODA DIANT,168,84821090,E
3840247,7316570003680,ROLAMENTO DA RODA DIANT.7316576689796,69,84822010,E
6309562,4014870511852,ROLAMENTO DE ROLOS CONICOS,50,84822010,E
3840620,7316577063182,ROLAMENTO DA RODA DIANT. INT. E EXTERNA,69,84822090,E
3840204,7316576942884,ROLAMENTO DA RODA TRAS.,66,84822090,E
3840166,7316574426065,ROLAMENTO DA RODA TRAS. BT10606Q,39,84822090,E
10457,7316577327109,ROLAMENTO DO EIXO TRAS.,138,84822090,E
3840182,7316574426058,ROLAMENTO RODA DIAN OU TRAS.LM11949910,58,84822090,E
6668674,7899823507604,ROLAMENTO RODA DIANTEIRA TRASEIRA,24,84822090,E
18266,7892166000849,BUCHA DE AGULHA (EIXO PILOTO),12,84824000,E
18239,7892166001143,ROLAMENTO BUCHA DE AGULHA (ALTER.ARNO),12,84824000,E
51571,7892166004830,ROLAMENTO DO PILOTO (PONTA DE EIXO),16,84824000,E
6669107,7899823508694,ROLAMENTO RODA TRASEIRA,82,84825010,E
80178,7892415549501,BRONZINA DE BIELA (BIELA LONGA) SPA,58,84833029,E
80182,7892415549525,BRONZINA DE BIELA (BIELA LONGA) SPA,64,84833029,E
80100,7892415548948,BRONZINA DE BIELA (SPA),159,84833029,E
80158,7892415549235,BRONZINA DE BIELA (SPA),82,84833029,E
80160,7892415549242,BRONZINA DE BIELA (SPA),66,84833029,E
80162,7892415549259,BRONZINA DE BIELA (SPA),66,84833029,E
80164,7892415549266,BRONZINA DE BIELA (SPA),53,84833029,E
80170,7892415549464,BRONZINA DE BIELA (SPA),88,84833029,E
80312,7892415550118,"BRONZINA DE MANCAL (0,50 EXT.E FLANGE 2,",154,84833029,E
80360,7892415550354,BRONZINA DE MANCAL (BIELA LONGA),116,84833029,E
80350,7892415550309,"BRONZINA DE MANCAL (FLANGE = 0,40)",272,84833029,E
80386,7892415550538,BUCHA DE EIXO COMANDO (SPA),143,84833029,E
54040,7892637002990,POLIA TENSORA DA CORREIA DENTADA,199,84835090,E
89751,7316577216809,TENSOR CORREIA SINCRON (DENTADA),124,84835090,E
61952,7316575153427,TENSOR CORREIA SINCRON.(DENTADA),165,84835090,E
61960,7316575153465,TENSOR CORREIA SINCRON.(DENTADA),136,84835090,E
67294,7316572155301,TENSOR CORREIA SINCRON.(DENTADA),50,84835090,E
87799,7891252820545,JUNTA DE CABECOTE GAS E ALC FIBRA,95,84841000,E
87853,7891252822686,JUNTA DO CABECOTE EM FIBRA,87,84841000,E
16274,7891252820712,JUNTA DO CABECOTE FIBRA,71,84841000,E
34967,7891252821771,JUNTA DO CABECOTE FIBRA,85,84841000,E
41170,7891252822327,JUNTA DO CABECOTE FIBRA,66,84841000,E
25865,7891252802183,JG.DE JUNTA DO MOTOR C/RETENTOR,151,84849000,E
16438,7891252802046,JG.DE JUNTA MOTOR COMPLETO S/RET FIBRA,239,84849000,E
29003,7891252026190,RET.DA ARV.DA MANIV.TRAS.(L.VOLANTE),143,84879000,E
82479,4047024656727,VELA DE IGNICAO FR5DE2 (SP30),28,85111000,E
82478,4047024656734,VELA DE IGNICAO FR6ME (SP31),48,85111000,E
6430724,,VELA IGNICAO SP40 FR 7 DCX+,18,85111000,E
58763,4047024656499,VELA SUPER PLUS FR6D (SP7),15,85111000,E
58776,4047024656550,VELA SUPER PLUS W5D (SP13),20,85111000,E
58774,4047024656536,VELA SUPER PLUS W9B (SP11),21,85111000,E
58766,4047024656611,VELA SUPER PLUS YR7DE (SP19),39,85111000,E
87335,4047024656741,VELA SUPER WR5C (SP32),16,85111000,E
1947,4047024838437,BOBINA DE IGNICAO (ALUMINIO),256,85113020,E
1949,4047024838451,BOBINA DE IGNICAO (VERMELHA) S/PINO,268,85113020,E
2057,4047024838505,PLATINADO,44,85119000,E
2058,7891009007014,PLATINADO,55,85119000,E
2158,3165142379227,PLATINADO,60,85119000,E
25572,3165141016727,ROTOR DO DISTRIBUIDOR,52,85119000,E
271,3165141016703,ROTOR DO DISTRIBUIDOR,48,85119000,E
272,3165141016710,ROTOR DO DISTRIBUIDOR,50,85119000,E
42446,3165143129500,ROTOR DO DISTRIBUIDOR,36,85119000,E
2059,3165142237411,TAMPA DO DISTRIBUIDOR,53,85119000,E
33751,4047024841727,TAMPA DO DISTRIBUIDOR,95,85119000,E
34655,4047026526356,TAMPA DO DISTRIBUIDOR,172,85119000,E
24800,3165144068624,TAMPA DO DISTRIBUIDOR (COM PINO),88,85119000,E
33868,3165143402078,TAMPA DO DISTRIBUIDOR (COM PINO),114,85119000,E
30607,7891009003566,TAMPA DO DISTRIBUIDOR (SEM PINO),90,85119000,E
279,4047024841635,TAMPA DO DISTRIBUIDOR BOSCH 107,119,85119000,E
7212127,7891100001126,PALHETA (REFIL) TRAS. 300MM,34,85129000,E
7212682,7891100001133,PALHETA (REFIL) TRAS. 330MM,31,85129000,E
7212925,7891100001140,PALHETA (REFIL) TRAS. 350MM,37,85129000,E
6312882,7891100351405,PALHETA 350MM NOVA SLIM+ UNID (S514),45,85129000,E
6312883,7891100351504,PALHETA 380MM NOVA SLIM+ UNID (S515),39,85129000,E
6312884,7891100351603,PALHETA 400MM NOVA SLIM+ UNID (S516),39,85129000,E
6312885,7891100351801,PALHETA 450MM NOVA SLIM+ UNID (S518),31,85129000,E
6312886,7891100351900,PALHETA 475MM NOVA SLIM+ UNID (S519),47,85129000,E
6312887,7891100352006,PALHETA 500MM NOVA SLIM+ UNID (S520),42,85129000,E
6312895,7891100350200,PALHETA 500MM/450MM NOVA SLIM+ PAR (S502,60,85129000,E
6312889,7891100352105,PALHETA 530MM NOVA SLIM+ UNID (S521),47,85129000,E
6312890,7891100352204,PALHETA 550MM NOVA SLIM+ UNID (S522),37,85129000,E
6312899,7891100350606,PALHETA 550MM/380MM NOVA SLIM+ PAR (S506,77,85129000,E
6312901,7891100350804,PALHETA 550MM/450MM NOVA SLIM+ PAR (S508,76,85129000,E
6312891,7891100352402,PALHETA 600MM NOVA SLIM+ UNID (S524),45,85129000,E
6312902,7891100350903,PALHETA 600MM/400MM NOVA SLIM+ PAR (S509,77,85129000,E
6312892,7891100352600,PALHETA 650MM NOVA SLIM+ UNID (S526),47,85129000,E
7212046,7891100001751,PALHETA DIANT. CONVENCIONAL,39,85129000,E
7214022,7891100065166,PALHETA DX DIANTEIRA 400MM,58,85129000,E
7214031,7891100065180,PALHETA DX DIANTEIRA 450MM,77,85129000,E
7214049,7891100065197,PALHETA DX DIANTEIRA 475MM,72,85129000,E
7214057,7891100065203,PALHETA DX DIANTEIRA 500MM,87,85129000,E
7214073,7891100065210,PALHETA DX DIANTEIRA 530/475MM,63,85129000,E
7214090,7891100065234,PALHETA DX DIANTEIRA 580/450MM,87,85129000,E
6505813,7891100303220,PALHETA SLIM 21/18,100,85129000,E
6505864,7891100308225,PALHETA SLIM 22/15,101,85129000,E
6505821,7891100304227,PALHETA SLIM 22/16,96,85129000,E
6505856,7891100307228,PALHETA SLIM 22/16,119,85129000,E
6505848,7891100306221,PALHETA SLIM 24/14,95,85129000,E
7200111,7891100343516,PALHETA SLIM PLUS 350MM S435,61,85129000,E
7200129,7891100344018,PALHETA SLIM PLUS 400MM S440,52,85129000,E
7200137,7891100344513,PALHETA SLIM PLUS 450MM S445,39,85129000,E
7200145,7891100345015,PALHETA SLIM PLUS 500MM S450,55,85129000,E
7200153,7891100345312,PALHETA SLIM PLUS 530MM S453,63,85129000,E
7200161,7891100346012,PALHETA SLIM PLUS 600MM S460,60,85129000,E
7200170,7891100346517,PALHETA SLIM PLUS 650MM S465,60,85129000,E
7212917,7891100001164,PALHETA TRAS. 400MM (REFIL),31,85129000,E
7212267,7891100010050,"PALHETA TRASEIRA CARENADA 10,5",55,85129000,E
7212577,7891100000464,PALHETA TRASEIRA CONVENCIONAL,37,85129000,E
2062,3165142523279,CONDENSADOR,26,85322590,E
32700,4047026263169,CABO DE VELA (IGNICAO) SCFIA032,72,85443000,E
85699,4047026262988,CABO DE VELA (IGNICAO) SCFIA130 C/PINO,82,85443000,E
20868,4047026263183,CABO DE VELA (IGNICAO) SCGM000,55,85443000,E
32711,4047026263404,CABO DE VELA (IGNICAO) SCGM004,90,85443000,E
43336,4047026262971,CABO DE VELA (IGNICAO) SCGM012,119,85443000,E
20863,4047024616684,CABO DE VELA (IGNICAO) STVW041,80,85443000,E
20860,4047026263060,CABO DE VELA (IGNICAO) STVW042,71,85443000,E
34565,4047026263220,CABO DE VELA (IGNICAO) STVW047,135,85443000,E
6504655,4047026263077,CABO DE VELA (IGNICAO) STVW599,138,85443000,E
67401,4047026262964,CABO VELA (IGNICAO) STVW125,200,85443000,E
3360806,7891579873835,AMORTECEDOR MOLA A GAS,88,87082999,E
3360105,7891579874122,AMORTECEDOR PORTA TRAS.,63,87082999,E
35393,7891579000385,AMORTECEDOR TAMPA TRAS.,93,87082999,E
3360717,7891579878359,AMORTECEDOR TAMPA TRAS. C/LIMP.,77,87082999,E
58112,7896880705110,CALHA,143,87082999,E
39592,7893026006162,PASTILHA FREIO DIANT,29,87083019,E
94031,7892679063393,PASTILHA FREIO DIANTEIRA (PISTAO ACO),141,87083019,E
96838,7892679063676,PASTILHA FREIO DIANTEIRO C/ ABS,141,87083019,E
4202007,7892679064178,PASTILHA FREIO N1465,138,87083019,E
60112,7892679060132,PASTILHA FREIO N201 DIANT.,74,87083019,E
60113,7892679161969,PASTILHA FREIO N208 DIANT.,77,87083019,E
60114,7892679060170,PASTILHA FREIO N209 DIANT.,85,87083019,E
60119,7892679060248,PASTILHA FREIO N235 DIANT.,56,87083019,E
60120,7892679060842,PASTILHA FREIO N239 DIANT.,71,87083019,E
60122,7892679060262,PASTILHA FREIO N302 DIANT.,72,87083019,E
18741,7892679060316,PASTILHA FREIO N309 DIANT.,60,87083019,E
60130,7892679060392,PASTILHA FREIO N324 DIANT.,71,87083019,E
60142,7892679060446,PASTILHA FREIO N503 DIANT.,42,87083019,E
60151,7892679061566,PASTILHA FREIO N532 DIANT.,68,87083019,E
6309335,7893049200066,CILIN.MESTRE DUPLO 20.63MM CILIN.4 SAIDA,172,87083090,E
6667058,7893049340007,CILINDRO DE RODA,116,87083090,E
6309376,7893049336666,CILINDRO DE RODA 23.81MM,66,87083090,E
35811,7894476076095,CILINDRO MESTRE DUPLO,237,87083090,E
39858,7894476076064,CILINDRO MESTRE DUPLO,188,87083090,E
4471,7894476056851,CILINDRO MESTRE DUPLO,159,87083090,E
6309338,7893049200738,CILINDRO MESTRE DUPLO 19.05MM,146,87083090,E
6309345,7893049204644,CILINDRO MESTRE DUPLO 20.63MM,212,87083090,E
6309352,7893049208208,CILINDRO MESTRE DUPLO 20.63MM,141,87083090,E
6309340,7893049201896,CILINDRO MESTRE DUPLO 23.81MM,176,87083090,E
4240383,7893049206006,CILINDRO MESTRE FREIO DUPLO,296,87083090,E
4334809,7893049209281,CILINDRO MESTRE FREIO DUPLO,231,87083090,E
6309337,7893049200301,CILINDRO MESTRE SIMPLES 17.46MM,196,87083090,E
4466,7894476075616,CILINDRO RODA DIANT.,63,87083090,E
37264,7894476075630,CILINDRO RODA TRAS.,63,87083090,E
4463,7894476085202,CILINDRO RODA TRAS.,72,87083090,E
4464,7894476075746,CILINDRO RODA TRAS.,88,87083090,E
49571,7894476057155,"CILINDRO RODA TRAS.D/E 19,05MM",32,87083090,E
7209584,7893049143417,REPARO DA PINCA,42,87083090,E
7209649,7893049150897,REPARO DA PINCA,47,87083090,E
6664920,7893049200653,REPARO DO CILINDRO DE RODA,298,87083090,E
6665233,7893049208475,REPARO DO CILINDRO DE RODA,234,87083090,E
4301862,7893049144308,REPARO PINCA FREIO,24,87083090,E
4312716,7893049152594,REPARO PINCA FREIO,44,87083090,E
4104145,7893026304190,SAPATA FREIO 180X30MM,116,87083090,E
86759,7893026340648,SAPATA FREIO 180X32MM,87,87083090,E
4103408,7893026460933,SAPATA FREIO 230X42MM,196,87083090,E
6391303,7898318870452,TAMBOR FREIO DIANT 268/4F C/CUBO,180,87083090,E
6514430,7891579015624,JUNTA DESLIZANTE DO CAMBIO,248,87085099,E
3844358,7891579287083,JUNTA FIXA (HOMOCINETICA),167,87085099,E
3844366,7891579015747,JUNTA FIXA (HOMOCINETICA),231,87085099,E
3844382,7891579015778,JUNTA FIXA (HOMOCINETICA),274,87085099,E
3844391,7891579015785,JUNTA FIXA (HOMOCINETICA),223,87085099,E
3844404,7891579015792,JUNTA FIXA (HOMOCINETICA),228,87085099,E
3844722,7891579015655,JUNTA FIXA (HOMOCINETICA),224,87085099,E
3844731,7891579015662,JUNTA FIXA (HOMOCINETICA),178,87085099,E
3844811,7891579313126,JUNTA FIXA (HOMOCINETICA),212,87085099,E
3844935,7891579086662,JUNTA FIXA (HOMOCINETICA),194,87085099,E
3800083,7891579015679,JUNTA FIXA RODA C/KIT S/TRAVA JHC01105,180,87085099,E
3844536,7891579015600,JUNTA HOMOCINETICA DESLIZANTE,191,87085099,E
3844552,7891579121301,JUNTA HOMOCINETICA DESLIZANTE,317,87085099,E
3831612,7891579117144,JUNTA HOMOCINETICA JHC04110,272,87085099,E
3860027,7316574646425,KIT DO ROLAMENTO DA RODA TRAS. S/CUBO,85,87087090,E
3860035,7316574646418,KIT DO ROLAMENTO DA RODA TRAS. S/CUBO,79,87087090,E
3860108,7316574646432,KIT DO ROLAMENTO DA RODA TRAS. S/CUBO,74,87087090,E
3860124,7316572392294,KIT DO ROLAMENTO DA RODA TRAS. S/CUBO,125,87087090,E
3402908,7899823507567,KIT ROLAMENTO RODA TRASEIRO,48,87087090,E
3301681,7891579028624,AMORTECEDOR 32208 DIANT SUPER.,151,87088000,E
49052,7891579093622,AMORTECEDOR B47464 TRAS SUPER,279,87088000,E
3350061,7891579022677,AMORTECEDOR SB27003 DIANT (SPA),162,87088000,E
3350118,7891579298409,AMORTECEDOR SB27448 TRAS (SPA),133,87088000,E
90137,7891579298416,AMORTECEDOR SB27449 DIAN (SPA) EMBUCHAM,108,87088000,E
3303853,7891579120755,AMORTECEDOR SUSPENSAO TRAS ESQ/DIR SUPER,140,87088000,E
3815447,7891579305541,BANDEJA BJC01027 DIAN E/D S/PIVO C/BUCHA,114,87088000,E
94364,7899013309285,PIVO DE SUSPENSAO INFERIOR,116,87088000,E
94363,7899013309216,PIVO DE SUSPENSAO SUPERIOR,60,87088000,E
35776,7897499910834,PIVO SUP N1014 ESQ HIDRAU.C/ PINO GROSSO,68,87088000,E
35775,7897499910827,PIVO SUSP N1012 DIR/ESQ C/ PIN.FINO,85,87088000,E
35861,7897499910841,PIVO SUSP N1015 DIR HIDR. C/ PINO GROSSO,72,87088000,E
42550,7897499917574,PIVO SUSP N1020 D/E DIR MEC C/ PIN.GROSS,56,87088000,E
35832,7897499915235,PIVO SUSPENSAO N1030 INF.ESQ,79,87088000,E
35828,7897499915266,PIVO SUSPENSAO N1033 INF.DIR,111,87088000,E
9278,7897499910018,PIVO SUSPENSAO N111 SUPER DIR/ESQ,66,87088000,E
9279,7897499910025,PIVO SUSPENSAO N112 INF.DIR/ESQ,66,87088000,E
32147,7897499910681,PIVO SUSPENSAO N188 INF.ESQ,135,87088000,E
32148,7897499910698,PIVO SUSPENSAO N189 INF.DIR,132,87088000,E
35855,7897499915280,PIVO SUSPENSAO N2018 SUPER DIR/ESQ,80,87088000,E
35856,7897499915297,PIVO SUSPENSAO N2019 INF.DIR/ESQ,95,87088000,E
35837,7897499915464,PIVO SUSPENSAO N3004 INF.DIR/ESQ,84,87088000,E
35841,7897499915525,PIVO SUSPENSAO N3010 INF.DIR/ESQ,101,87088000,E
48764,7897499921304,PIVO SUSPENSAO N3045 INF.DIR/ESQ,80,87088000,E
9317,7890903055633,PIVO SUSPENSAO N324 SUPER DIR/ESQ,106,87088000,E
9318,7897499910056,PIVO SUSPENSAO N325 INF.DIR/ESQ,124,87088000,E
41726,7897499917505,PIVO SUSPENSAO N398 INF.DIR/ESQ,101,87088000,E
35830,7897499915358,PIVO SUSPENSAO N6009 INF.DIR/ESQ,58,87088000,E
41039,7897499918083,PIVO SUSPENSAO N6020 INF.DIR/ESQ,90,87088000,E
60031,7897499923728,PIVO SUSPENSAO N6058 DIR/ESQ,61,87088000,E
95733,7890903027876,PIVO SUSPENSAO N93021 DIR/ESQ,122,87088000,E
30065,3276427326796,RADIADOR DE AGUA (SEM AR COND),583,87089100,E
42675,3276427326826,RADIADOR DE AGUA (SEM AR COND),285,87089100,E
42803,3276427326758,RADIADOR DE AGUA (SEM AR COND),336,87089100,E
72749,3276427329650,RADIADOR DE AGUA (SEM AR COND),256,87089100,E
52124,7892063006661,KIT EMBREAGEM 180MM/17 ESTRIAS C/ROL,455,87089300,E
56442,7892063008870,KIT EMBREAGEM 180MM/20 ESTRIAS C/ROL,428,87089300,E
40056,7892063003363,KIT EMBREAGEM 180MM/28 ESTRIAS C/ROL,325,87089300,E
52118,4005108189714,KIT EMBREAGEM 190MM/20 ESTRIAS C/ROL,476,87089300,E
77074,7892063007842,KIT EMBREAGEM 190MM/24 ESTRIAS C/ROL,535,87089300,E
96862,7892063614279,KIT EMBREAGEM 200MM/14 ESTRIAS C/ROL,341,87089300,E
88157,4014870677527,KIT EMBREAGEM 200MM/17 ESTRIAS C/ATUADOR,808,87089300,E
59434,7898276871805,KIT EMBREAGEM 200MM/17 ESTRIAS C/ROL,588,87089300,E
52157,7892063006760,KIT EMBREAGEM 200MM/24 ESTRIAS C/ROL,551,87089300,E
82510,7892063014987,KIT EMBREAGEM 200MM/24 ESTRIAS C/ROL,540,87089300,E
52130,7892063006777,KIT EMBREAGEM 210MM/24 ESTRIAS C/ROL,455,87089300,E
33768,7892063002656,KIT EMBREAGEM 215MM/24 ESTRIAS C/ROL,708,87089300,E
40744,7316572669723,ROLAMENTO DA EMBREAGEM,77,87089300,E
9298,7897499912777,BARRA DIRECAO FIXA DIANT.,175,87089482,E
35854,7897499915198,BARRA DIRECAO FIXA DIANT.DIR,207,87089482,E
35825,7897499915181,BARRA DIRECAO REGULAVEL DIANT.ESQ,240,87089482,E
3814581,7899013301517,TERMINAL DIRECAO 335008 ESQ/DIR,56,87089490,E
3301010,7891579000439,AMORTECEDOR 22001 DIRECAO,159,87089990,E
3301567,7891579000446,AMORTECEDOR 22002 DIRECAO,133,87089990,E
10641,7890903026640,KIT DE REP.JUNTA HOMOCINETICA (LD.RODA),28,87089990,E
3890660,7892724415016,KIT DE REP.JUNTA HOMOCINETICA (LD.RODA),28,87089990,E
6312027,7890903063065,KIT HOMOCINETICA LADO RODA,36,87089990,E
6312034,7890903063041,KIT HOMOCINETICA LADO RODA,21,87089990,E
6312036,7890903065878,KIT HOMOCINETICA LADO RODA,32,87089990,E
6312038,7890903065908,KIT HOMOCINETICA LADO RODA,37,87089990,E
6312016,7890903067100,KIT REPARO HOMOCINETICA CAMBIO,18,87089990,E
6312041,7890903065939,KIT REPARO HOMOCINETICA CAMBIO,61,87089990,E
6312067,7890903065946,KIT REPARO HOMOCINETICA CAMBIO,56,87089990,E
80406,7891252785530,KIT REPARO JUNTA DESLIZANTE (CAMBIO),21,87089990,E
6311838,7891252787619,KIT REPARO JUNTA HOMOCINETICA,42,87089990,E
80404,7891252785523,KIT REPARO JUNTA HOMOCINETICA (RODA),18,87089990,E
80432,7891252785578,KIT REPARO JUNTA HOMOCINETICA (RODA),20,87089990,E
80458,7891252785769,KIT REPARO JUNTA HOMOCINETICA (RODA),21,87089990,E
35835,7897499915204,TERM DIRECAO DIR. N1027 ROSCA EXTERNA,55,87089990,E
41727,7897499912555,TERM DIRECAO N183 ROSCA DIREITA INTER,56,87089990,E
9285,7897499911091,TERMINAL DIRECAO N120,85,87089990,E
9286,7897499911084,TERMINAL DIRECAO N122,74,87089990,E
9290,7897499911190,TERMINAL DIRECAO N127,72,87089990,E
9291,7897499911213,TERMINAL DIRECAO N128,61,87089990,E
9292,7897499911206,TERMINAL DIRECAO N129 C/ OLHAL ESQ,103,87089990,E
35849,7897499915303,TERMINAL DIRECAO N2020 DIR/ESQ,64,87089990,E
36021,7897499915518,TERMINAL DIRECAO N3009 DIR/ESQ,80,87089990,E
3803422,7890903055497,TERMINAL DIRECAO N3032 DIR/ESQ,85,87089990,E
88317,7897499941678,TERMINAL DIRECAO N3072 14X1.5 E/D,64,87089990,E
9319,7897499911725,TERMINAL DIRECAO N330 ESQ,96,87089990,E
9320,7897499911718,TERMINAL DIRECAO N331 DIR,79,87089990,E
30366,7890903055732,TERMINAL DIRECAO N364 DIR,93,87089990,E
35852,7897499915372,TERMINAL DIRECAO N6011 LONGO,79,87089990,E
35821,7897499915389,TERMINAL DIRECAO N6012 LONGO,68,87089990,E
39216,7897499915402,TERMINAL DIRECAO N6014,79,87089990,E
42562,7897499917772,TERMINAL DIRECAO N6016 DIR,82,87089990,E
42540,7897499917789,TERMINAL DIRECAO N6017 ESQ,61,87089990,E
6583652,4047026500660,REGULADOR MONOFUNCAO,37,90328911,E
BLACKOX,7899718101993,JUNTA COLA (COLA PRETA) MOTOR BLACK OX HIGH TEMP SI,44,35069190,F
FFADOT3,7892679810010,LIQUIDO DE FREIO (DOT) SISTEMA DE FREIO - DOT 3 (500ML),18,38190000,F
FFADOT4,7892679810027,LIQUIDO DE FREIO (DOT) SISTEMA DE FREIO - DOT 4 (500ML),36,38190000,F
FFADOT51,7892679810034,LIQUIDO DE FREIO (DOT) SISTEMA DE FREIO - DOT 51 (500ML),44,38190000,F
CAR80,7897068800016,DESCARBONIZANTE USO GERAL - CAR80 AEROSSOL 300ML - PRECO,28,38249941,F
1507DS,7898382481714,MANGUEIRA CORRUGADA TUBO CORRUGADO - BOCAL 75 / 90 - COMPR,18,39173290,F
1509DS,7898382481738,MANGUEIRA CORRUGADA TUBO CORRUGADO - BOCAL 75MM/75MM - COM,13,39173290,F
IE1352,7898084413525,MANGUEIRA CORRUGADA BOMBA DE COMBUSTIVEL - BOCAL 75 MM/90,15,39173900,F
IE1356,7898084413563,MANGUEIRA CORRUGADA MANGUEIRA PARA BOMBA DE COMBUSTIVEL - BO,13,39173900,F
IE87124,7898307491484,REPARO DO CAVALETE DISTRIBUIDOR DE AGUA LINHA VW GOL / PARA,23,39174090,F
4PK0825,7898410231489,CORREIA POLY V FIESTA/COURIER 13 8V ENDURA 94/96 GIR/A,29,40103100,F
10A1150C,,CORREIAS EM V (ALT / DH / ACD) TWINGO 12 8V 93.GIR/ALT,23,40103100,F
6PK1125,7898410232219,CORREIAS POLY V (ALT / DH / ACD) PALIO SIENA WEEKEND STRADA 10 E 15,44,40103100,F
5PK1190,7898410231984,CORREIAS POLY V (ALT / DH / ACD) PALIO/SIENA/WEEKEND 10 8V FIRE ATE 03 G,28,40103100,F
5PK1170,7898493042071,CORREIAS POLY V (ALT / DH / ACD) PALIO/WEEKEND/SIENA 10 8V/10 13 16V 0,40,40103100,F
10A0740C,7898410230086,CORREIA EM V ESCORT/VERONA 16-18-20 8V AP 93.GIR,28,40103200,F
10A0940C,7898410230239,CORREIA EM V GOL/PARATI/SAVEIRO/VOYAGE 16 18 20,28,40103200,F
10A0850C,7898410230154,CORREIAS EM V (ALT / DH / ACD) ESCORT 16 8V AP 93..GIR/ALT/BA (S/ACD,21,40103200,F
10A1010C,7898410230291,CORREIAS EM V (ALT / DH / ACD) GOL/PAR/SAV/VOY 16 8V AE 90/94 GIR/ALT/,21,40103200,F
10A0765C,7898410230093,CORREIAS EM V (ALT / DH / ACD) GOL/PAR/SAVEIRO/VOYAGE 16 8V 18 8V 20,21,40103200,F
10A0950C,7898410230246,CORREIAS EM V (ALT / DH / ACD) GOL/PARATI/SAVEIRO/VOYAGE 16 18 20 8V,18,40103200,F
10A1090C,7898410230369,CORREIAS EM V (ALT / DH / ACD) OPALA/CARAVAN 25 4 CILS 69/80 GIR/ACD 4,24,40103200,F
10A0685C,7898410230031,CORREIAS EM V (ALT / DH / ACD) PALIO/SIENA/WEEKEND/STRADA 16 8V 98/00,16,40103200,F
10A0960C,7898410230253,CORREIAS EM V (ALT / DH / ACD) SANTANA/QUANTUM 18 8V AP 84/95 GIR/ALT/,21,40103200,F
6PK2270,7898410232721,CORREIA POLY V GOL/PAR/SAV 16 18 20 8V AP 96/03 GIR/,53,40103300,F
6PK2240,7898410232707,CORREIAS POLY V (ALT / DH / ACD) GOL/PAR/SAV 16 18 20 8V AP 04.GIR/A,63,40103300,F
099S150,7898410233162,CORREIA DENTADA ( SINCRONIZADA) MOTOR CHEVETTE/MARAJO/CHEVY 10 8V/14 8V 16,18,40103500,F
121SX180,7898410233490,CORREIA DENTADA ( SINCRONIZADA) MOTOR GOL/PAR/SAV/VOY 16 18 20 8V AP 84/95,23,40103500,F
158SHPN254H,7898410234015,CORREIA DENTADA ( SINCRONIZADA) MOTOR PALIO/SIENA/WEEKEND/STRADA 16 16V 96/03,85,40103500,F
138SHPN150,,CORREIA DENTADA ( SINCRONIZADA) MOTOR UNO/FIORINO/PREMIO/ELBA 16 8V 90/97 CVA,32,40103500,F
104SP240H,7898410233230,CORREIA DENTADA CIVIC 16 16V (MOTOR D16Y5) NOV 95/FEV 0,106,40103500,F
6PK1105,,CORREIAS POLY V (ALT / DH / ACD) PALIO SIENA WEEKEND STRADA 10 E 15,24,40103900,F
IE20170,7898084411705,BORRACHA DO BOCAL CARBURADOR BORRACHA DO BOCAL 460 CHT SUPERIOR,10,40169300,F
IE20185,7898084411859,BORRACHA DO BOCAL CARBURADOR BORRACHA DO BOCAL SOLEX DUPLO,8,40169300,F
IE20260,7898084414263,BORRACHA DO BOCAL CARBURADOR MODELO TLDZ WEBER DUPLO - TODOS,13,40169300,F
IE20215,7898084414157,GUARDA PO GUARDA PO PARA BICO INJETOR (PACOTE COM,10,40169300,F
IE20240,,GUARNICAO DA FLANGE DA BOMBA DE COMB CORSA IE (TODOS) 94+ 99 / VECTRA 97+ (,13,40169300,F
IE20212,7898084414126,GUARNICAO DA FLANGE DA BOMBA DE COMBUSTI ASTRA 99+ ALC/GAS 18-20 8V/16V,39,40169300,F
IE20211,7898084414119,GUARNICAO DA FLANGE DA BOMBA DE COMBUSTI COURIER 13/14 16V - GASOLINA 97+00 -,34,40169300,F
IE20210,7898084414102,GUARNICAO DA FLANGE DA BOMBA DE COMBUSTI ESCORT / VERONA / PAMPA / LOGUS / POINT,34,40169300,F
IE20220,7898084414201,GUARNICAO DA FLANGE DA BOMBA DE COMBUSTI VW GOL PARATI SANTANA SAVEIRO KOMBI FIE,26,40169300,F
1203DS,7898382481882,FILTRO BICO EXTERNO 4 BICOS BICO INJETOR - MULTI POINT SISTEMA BOSCH,29,84099140,F
1205DS,7898382481905,FILTRO BICO EXTERNO 4 BICOS FILTRO P/BICO INJETOR MPFI CORSA/VECTRA,29,84099140,F
1204DS,7898382481899,FILTRO BICO EXTERNO 4 BICOS FILTRO PARA BICO INJETOR SIST MMARELLI,29,84099140,F
1256DS,7898568763993,FILTRO BICO EXTERNO 4 BICOS GM CELTA 2003 A 2015 / CORSA 2007 A 2012,29,84099140,F
1201DS,7898382480632,FILTRO DO BICO EXTERNO 1 BICO MAGNETI MARELLI MOD SPI FIAT FORD VW,12,84099140,F
1254DS,7898382488430,FILTRO DO BICO INTERNO 4 BICOS HONDA NEW FIT NEW CITY NEW CIVIC,34,84099140,F
1252DS,7898382488317,FILTRO DO BICO INTERNO 4 BICOS TOYOTA COROLLA 18 16V 2002 ATE 2008,61,84099140,F
G11026,,(DIVERSOS) AGULHA LINHA VOLKS SOLEX,10,84099190,F
G401056,,(DIVERSOS) AGULHA ROSCA,10,84099190,F
G401483,,(DIVERSOS) AGULHA ROSCA,10,84099190,F
G401837,,(DIVERSOS) AGULHA ROSCA,10,84099190,F
G40238,,(DIVERSOS) AGULHA ROSCA,10,84099190,F
G402852,,(DIVERSOS) AGULHA ROSCA,10,84099190,F
G402989,,(DIVERSOS) AGULHA ROSCA,10,84099190,F
G175492,,(DIVERSOS) AGULHA ROSCA FINA MONZA,10,84099190,F
G175217,7898337174708,(DIVERSOS) FLAUTINHA 2E (MED 47/135),20,84099190,F
G17521047150,7898337174739,(DIVERSOS) FLAUTINHA 2E (MED 47/150),20,84099190,F
G175203,7898337174661,(DIVERSOS) FLAUTINHA 2E (MED 50/150),20,84099190,F
G175213,7898337174654,(DIVERSOS) FLAUTINHA 2E (MED 50/150),20,84099190,F
G17620850160,,(DIVERSOS) FLAUTINHA 2E (MED 50/160),20,84099190,F
G175208,7898337175118,(DIVERSOS) FLAUTINHA 2E (MED 52/150),20,84099190,F
G175200,7898337175026,(DIVERSOS) FLAUTINHA 2E (MED 60/155),20,84099190,F
G175215,7898337174845,(DIVERSOS) FLAUTINHA 2E (MED 625/145),20,84099190,F
G175214,7898337175071,(DIVERSOS) FLAUTINHA 2E (MED 65/155),20,84099190,F
G175216,7898337174821,(DIVERSOS) FLAUTINHA 2E (MED 67/135),20,84099190,F
G17620880160,7898337174975,(DIVERSOS) FLAUTINHA 2E (MED 80/160),20,84099190,F
G17621057160,7898337174777,(DIVERSOS) FLAUTINHA 2E/3E (MED 57/160),20,84099190,F
G176207,7898337175101,(DIVERSOS) FLAUTINHA 2E/3E (MED 60/145),20,84099190,F
G17520280140,7898337174715,(DIVERSOS) FLAUTINHA 3E (MED 80/140),20,84099190,F
G112072110,7898337175811,(DIVERSOS) FLAUTINHA VW (QUANTIDADE MINIMA DE 5 PEC,13,84099190,F
G112072120,7898337175828,(DIVERSOS) FLAUTINHA VW (QUANTIDADE MINIMA DE 5 PEC,15,84099190,F
G112072125,7898337175835,(DIVERSOS) FLAUTINHA VW (QUANTIDADE MINIMA DE 5 PEC,15,84099190,F
G112072135,7898337175859,(DIVERSOS) FLAUTINHA VW (QUANTIDADE MINIMA DE 5 PEC,15,84099190,F
G112072140,7898337175866,(DIVERSOS) FLAUTINHA VW (QUANTIDADE MINIMA DE 5 PEC,12,84099190,F
G11065115,7898337175996,(DIVERSOS) GICLEUR CORRETOR DE AR,10,84099190,F
G11065135,7898337176030,(DIVERSOS) GICLEUR CORRETOR DE AR,10,84099190,F
G46110565,7898337174210,(DIVERSOS) GICLEUR MARCHA LENTA MINI PROGRESSIVO,10,84099190,F
G46110580,7898337174272,(DIVERSOS) GICLEUR MARCHA LENTA MINI PROGRESSIVO,10,84099190,F
G30012032,7898337172926,(DIVERSOS) GICLEUR PRINCIPAL CARB WEBER 228 DFV,10,84099190,F
G323110105,7898337171998,(DIVERSOS) GICLEUR PRINCIPAL CHT,10,84099190,F
G323110155,7898337172193,(DIVERSOS) GICLEUR PRINCIPAL CHT,10,84099190,F
G32311095,7898337171950,(DIVERSOS) GICLEUR PRINCIPAL CHT,10,84099190,F
G32311097,7898337171967,(DIVERSOS) GICLEUR PRINCIPAL CHT,10,84099190,F
G11068150,7898337170250,(DIVERSOS) GICLEUR PRINCIPAL GASOLINA,10,84099190,F
G11068155,7898337170274,(DIVERSOS) GICLEUR PRINCIPAL GASOLINA,10,84099190,F
G110681575,7898337170281,(DIVERSOS) GICLEUR PRINCIPAL GASOLINA,10,84099190,F
G11068160,7898337170298,(DIVERSOS) GICLEUR PRINCIPAL GASOLINA,10,84099190,F
G11068165,7898337170311,(DIVERSOS) GICLEUR PRINCIPAL GASOLINA,10,84099190,F
G110681675,7898337170328,(DIVERSOS) GICLEUR PRINCIPAL GASOLINA,10,84099190,F
G11068190,7898337170052,(DIVERSOS) GICLEUR PRINCIPAL GASOLINA,10,84099190,F
G315210100,7898337177648,(DIVERSOS) GICLEUR PRINCIPAL MINI PROGRESSIVO (PREC,10,84099190,F
G315210107,7898337177679,(DIVERSOS) GICLEUR PRINCIPAL MINI PROGRESSIVO (PREC,10,84099190,F
G315210110,7898337177686,(DIVERSOS) GICLEUR PRINCIPAL MINI PROGRESSIVO (PREC,10,84099190,F
G315210115,7898337177709,(DIVERSOS) GICLEUR PRINCIPAL MINI PROGRESSIVO (PREC,10,84099190,F
G315210120,7898337177723,(DIVERSOS) GICLEUR PRINCIPAL MINI PROGRESSIVO (PREC,10,84099190,F
G315210125,7898337177747,(DIVERSOS) GICLEUR PRINCIPAL MINI PROGRESSIVO (PREC,10,84099190,F
G315210130,7898337177761,(DIVERSOS) GICLEUR PRINCIPAL MINI PROGRESSIVO (PREC,10,84099190,F
G315210132,7898337177778,(DIVERSOS) GICLEUR PRINCIPAL MINI PROGRESSIVO (PREC,10,84099190,F
G315210140,7898337177808,(DIVERSOS) GICLEUR PRINCIPAL MINI PROGRESSIVO (PREC,10,84099190,F
G315210145,7898337177822,(DIVERSOS) GICLEUR PRINCIPAL MINI PROGRESSIVO (PREC,10,84099190,F
G315210155,7898337177860,(DIVERSOS) GICLEUR PRINCIPAL MINI PROGRESSIVO (PREC,10,84099190,F
G315210160,7898337177884,(DIVERSOS) GICLEUR PRINCIPAL MINI PROGRESSIVO (PREC,10,84099190,F
G315210200,7898337178041,(DIVERSOS) GICLEUR PRINCIPAL MINI PROGRESSIVO (PREC,10,84099190,F
G160072160,7898337173374,(DIVERSOS) GICLEUR PRINCIPAL MONZA SIMPLES,10,84099190,F
G1600721725,7898337173404,(DIVERSOS) GICLEUR PRINCIPAL MONZA SIMPLES,10,84099190,F
G201669,7898337176894,(DIVERSOS) PORTA GICLEUR,13,84099190,F
G2814,7898337176887,(DIVERSOS) PORTA GICLEUR,13,84099190,F
G314911140,7898337176559,(DIVERSOS) RESPIRO PRINCIPAL DO MINI PROGRESSIVO (E,10,84099190,F
G314911185,7898337176641,(DIVERSOS) RESPIRO PRINCIPAL DO MINI PROGRESSIVO (E,10,84099190,F
G314911200,7898337176672,(DIVERSOS) RESPIRO PRINCIPAL DO MINI PROGRESSIVO (E,10,84099190,F
G3238,7898337177044,AGULHA DA MISTURA DE AR AGULHA ROSCA BRASILIA,12,84099190,F
FIRE,7898307491873,ANTI-CHAMA DE METAL FIAT MOTOR FIRE (087161),10,84099190,F
G11065100,7898337175965,AUTO PECAS GICLEUR CORRETOR DE AR,4,84099190,F
G11065110,7898337175989,AUTO PECAS GICLEUR CORRETOR DE AR,4,84099190,F
G11065130,7898337176023,AUTO PECAS GICLEUR CORRETOR DE AR,4,84099190,F
G11065165,7898337176092,AUTO PECAS GICLEUR CORRETOR DE AR,4,84099190,F
G46110545,7898337174135,AUTO PECAS GICLEUR MARCHA LENTA MINI PROGRESSIVO,5,84099190,F
G46110552,7898337174166,AUTO PECAS GICLEUR MARCHA LENTA MINI PROGRESSIVO,5,84099190,F
G46110555,7898337174173,AUTO PECAS GICLEUR MARCHA LENTA MINI PROGRESSIVO,5,84099190,F
G46110560,7898337174197,AUTO PECAS GICLEUR MARCHA LENTA MINI PROGRESSIVO,5,84099190,F
G46860445,7898337173855,AUTO PECAS GICLEUR MARCHA LENTA MINI PROGRESSIVO (1,5,84099190,F
G46860452,7898337173886,AUTO PECAS GICLEUR MARCHA LENTA MINI PROGRESSIVO (1,5,84099190,F
G30012028,7898337172889,AUTO PECAS GICLEUR PRINCIPAL CARB WEBER 228 DFV,4,84099190,F
G323110115,7898337172032,AUTO PECAS GICLEUR PRINCIPAL CHT,4,84099190,F
G323110120,7898337172056,AUTO PECAS GICLEUR PRINCIPAL CHT,4,84099190,F
G323110160,7898337172216,AUTO PECAS GICLEUR PRINCIPAL CHT,4,84099190,F
G11068170,7898337170335,AUTO PECAS GICLEUR PRINCIPAL GASOLINA,4,84099190,F
G11068175,7898337170359,AUTO PECAS GICLEUR PRINCIPAL GASOLINA,4,84099190,F
G110681775,7898337170366,AUTO PECAS GICLEUR PRINCIPAL GASOLINA,4,84099190,F
G11068180,7898337170373,AUTO PECAS GICLEUR PRINCIPAL GASOLINA,4,84099190,F
G11068185,7898337170380,AUTO PECAS GICLEUR PRINCIPAL GASOLINA,4,84099190,F
G11068200,7898337170427,AUTO PECAS GICLEUR PRINCIPAL GASOLINA,4,84099190,F
G11068220,7898337170465,AUTO PECAS GICLEUR PRINCIPAL GASOLINA,4,84099190,F
G315210135,7898337177785,AUTO PECAS GICLEUR PRINCIPAL MINI PROGRESSIVO (PREC,4,84099190,F
G315210137,7898337177792,AUTO PECAS GICLEUR PRINCIPAL MINI PROGRESSIVO (PREC,4,84099190,F
G315210190,7898337178003,AUTO PECAS GICLEUR PRINCIPAL MINI PROGRESSIVO (PREC,4,84099190,F
G314911115,7898337176504,AUTO PECAS RESPIRO PRINCIPAL DO MINI PROGRESSIVO (E,5,84099190,F
G314911120,7898337176511,AUTO PECAS RESPIRO PRINCIPAL DO MINI PROGRESSIVO (E,5,84099190,F
540T,,AUTO PECAS TUBO PARTIDA FRIO FIAT/VW 190,5,84099190,F
BQ605,,BAQUELITES DO PE DO CARBURDADOR 190 FIAT,5,84099190,F
10855,7898331570742,BICO INJETOR (CARBURADOR) BICO INJETOR 2E MONZA KADETT,23,84099190,F
154G42,7898508732966,BICO INJETOR (CARBURADOR) BICO INJETOR TLDZ,24,84099190,F
10160,7898508733109,BICO INJETOR (CARBURADOR) BICO INJETOR VW SIMPLES,7,84099190,F
10260,7898508733161,BICO INJETOR (CARBURADOR) BRASILIA/ GOL 1300,7,84099190,F
151607,7898508732850,BICO INJETOR (CARBURADOR) CHEVETTE 16-S,23,84099190,F
155G50,7898508733048,BICO INJETOR (CARBURADOR) CORCEL II/ BELINA II/ DEL REY/PASSAT/VOY,26,84099190,F
151407,7898508732829,BICO INJETOR (CARBURADOR) CORCEL II/ BELINAII/ ESCORT 13/ PAMPA 1,23,84099190,F
151507,7898508732836,BICO INJETOR (CARBURADOR) CORCELII/ BELINAII/ DEL REY/ ESCORT/ PAM,20,84099190,F
154A55,7898508732928,BICO INJETOR (CARBURADOR) DEL REY/ ESCORT 18,24,84099190,F
154G40,7898508732959,BICO INJETOR (CARBURADOR) DEL REY/ ESCORT 18,24,84099190,F
15345,7898508732904,BICO INJETOR (CARBURADOR) ELBA/ UNO/ PREMIO 16,24,84099190,F
154G35,7898508732942,BICO INJETOR (CARBURADOR) ESCORT 18,24,84099190,F
154G50,7898508732980,BICO INJETOR (CARBURADOR) ESCORT 18,24,84099190,F
10860,7898331570766,BICO INJETOR (CARBURADOR) ESCORT/ VERONA/ PAMPA 18/ SANTANA,23,84099190,F
151402,7898508732812,BICO INJETOR (CARBURADOR) FIAT 13/ FIORINO/ PANORAMA/PICK-UP/UNO/,23,84099190,F
150452,7898508732782,BICO INJETOR (CARBURADOR) FIAT 147/ FIORINO/ SPAZIO 1050,23,84099190,F
150457,7898508732799,BICO INJETOR (CARBURADOR) FIAT 15 UNO/ UTILITARIOS,20,84099190,F
15242,7898508732881,BICO INJETOR (CARBURADOR) FIAT 994CC/UNO MILLE C/INJ,23,84099190,F
10155,7898508733093,BICO INJETOR (CARBURADOR) FUSCA SIMPLES 1300 1500,8,84099190,F
150357,7898508732751,BICO INJETOR (CARBURADOR) GOL LINHA 1000,20,84099190,F
154A60,7898508732935,BICO INJETOR (CARBURADOR) GOL SAVEIRO PARATI VOYAGE 16,24,84099190,F
150407,7898331571367,BICO INJETOR (CARBURADOR) GOL/ PARATI/ VOYAGE/ SAVEIRO 16,23,84099190,F
10170,7898508733116,BICO INJETOR (CARBURADOR) KOMBI/ FUSCAO/ KGUIA,8,84099190,F
10270,7898508733178,BICO INJETOR (CARBURADOR) KOMBI/ SEDAN 1600,5,84099190,F
154G45,7898331571725,BICO INJETOR (CARBURADOR) LINHA FORD,28,84099190,F
151559,7898508732843,BICO INJETOR (CARBURADOR) MONZA 16,20,84099190,F
10880,7898508732492,BICO INJETOR (CARBURADOR) OPALA 6 CIL,23,84099190,F
10845,7898508732447,BICO INJETOR (CARBURADOR) PAMPA 18,23,84099190,F
10850,7898508732454,BICO INJETOR (CARBURADOR) PAMPA 18,24,84099190,F
155A70,7898508733017,BICO INJETOR (CARBURADOR) PASSAT/ VOYAGE/ PARATI 16,26,84099190,F
155A65,7898508733000,BICO INJETOR (CARBURADOR) PASSAT/ VOYAGE/ PARATI/ GOL 16,23,84099190,F
150507,7898508732805,BICO INJETOR (CARBURADOR) PREMIO/ ELBA/ UNO 15,23,84099190,F
10835,7898331570704,BICO INJETOR (CARBURADOR) SANTANA/ GOL/ PASSAT/ VOYAGE/ QUANTUM,23,84099190,F
10960,7898508732522,BICO INJETOR (CARBURADOR) SANTANA/ QUANTUM 20,23,84099190,F
10980,7898508732546,BICO INJETOR (CARBURADOR) SANTANA/ QUANTUM/ PASSAT/ GOL/ VOYAGE/ P,23,84099190,F
10870,7898331570780,BICO INJETOR (CARBURADOR) SANTANA/GOL GT/PASSAT/ VOYAGE 18/QUANTU,24,84099190,F
10150,7898331570063,BICO INJETOR (CARBURADOR) SEDAN 1300 1500 1600,7,84099190,F
151707,7898508732867,BICO INJETOR (CARBURADOR) UNO SX 1300,21,84099190,F
10240,7898508733123,BICO INJETOR (CARBURADOR) VARIANT/ BRASILIA/ KOMBI 1600,7,84099190,F
10145,7898508733079,BICO INJETOR CARBURADO BICO INJETOR VW SIMPLES,5,84099190,F
155G45,7898508733031,BICO INJETOR CARBURADO CHEVETTE 14 16,13,84099190,F
10580,7898508732348,BICO INJETOR CARBURADO ESCORT/ CORCEL / BELINA/PAMPA,5,84099190,F
10750,7898508732393,BICO INJETOR CARBURADO FIAT 147 TODOS 1050/ 1300,8,84099190,F
150402,7898331571343,BICO INJETOR CARBURADO FIAT 15/ FIAT 147/ FIORINO/PANORAMA 13,13,84099190,F
10550,7898508732331,BICO INJETOR CARBURADO GOL/ VOYAGE/ PARATI/ SAVEIRO16,5,84099190,F
11060,7898508732553,BICO INJETOR CARBURADO OPALA 25,8,84099190,F
11070,7898508732560,BICO INJETOR CARBURADO OPALA 38/ CARAVAN/ PICK-UP/ VERANEIO 2,7,84099190,F
111105,7898508732577,BICO INJETOR CARBURADO OPALA 38/ CARAVAN/ PICK-UP/ VERANEIO 2,4,84099190,F
V227,7898181980197,BOIA DE CARBURADOR 147 15 E 13,36,84099190,F
V105,7898181980029,BOIA DE CARBURADOR BOIA PARA KIT COMPLETO LINHA 190 (TODAS),31,84099190,F
V226,7898181980180,BOIA DE CARBURADOR CARB 32PDSI 114K (KOMBI 91..SEDAN 93,28,84099190,F
V217,7898181980142,BOIA DE CARBURADOR CHEVETTE HATCH MARAJO CHEVY,15,84099190,F
V207,7898181980104,BOIA DE CARBURADOR CHEVETTE MARAJO CHEVY OPALA CARAVAN,42,84099190,F
40075902,7891579101938,BOIA DE CARBURADOR COM EIXO MOLA CARB 446001/008/011/014/01,68,84099190,F
V120,7898181980050,BOIA DE CARBURADOR CORCEL BELINA CHEVETTE OPALA WILLIS DFV,32,84099190,F
V225,7898181980173,BOIA DE CARBURADOR CORCEL BELINA PAMPA DEL REY ESCORT MONZA,34,84099190,F
V210,,BOIA DE CARBURADOR FUSCA BRASILIA GOL KOMBI VARIANT DUPLO,13,84099190,F
V220,7898181980166,BOIA DE CARBURADOR FUSCA KOMBI BRASILIA,12,84099190,F
V115,7898181980043,BOIA DE CARBURADOR GOL VOYAGE DEL REY PASSAT CHEVETTE 450 M,29,84099190,F
V100,7898181980012,BOIA DE CARBURADOR GOL VOYAGE PARATI CHEVETTE ESCORT DEL RE,34,84099190,F
V200,7898181980074,BOIA DE CARBURADOR MONZA KADETT IPANEMA PASSAT GOL GTS VOYA,16,84099190,F
V216,7898181980135,BOIA DE CARBURADOR PASSAT VOYAGE 15,15,84099190,F
V110,7898181980036,BOIA DE CARBURADOR UNO PREMIO ELBA DEL REY VERONA GOL VOYAG,34,84099190,F
IE1310,7898084413105,BUCHA DO CABECOTE BUCHA FIXACAO DO BICO INJETOR AO CABECOT,23,84099190,F
402854,7898307490609,CONJUNTO DA CAPSULA CHEVETTE 16 ALCOOL DE SET/87 .,24,84099190,F
403439,7898307490630,CONJUNTO DA CAPSULA DEL REY GOL VOYAGE PARATI SAVEIRO TLD,39,84099190,F
403364,7898307490654,CONJUNTO DA CAPSULA GOL 16 CHT AE600 DE DEZ/89 EM DIANTE G,37,84099190,F
403694,7898307490708,CONJUNTO DA CAPSULA GOL PARATI VOYAGE E SAVEIRO 18 E 16,39,84099190,F
401909,7898307490555,CONJUNTO DA CAPSULA VW - PASSAT PARATI VOYAGE GOL TODOS,23,84099190,F
403901,7898307490937,CONJUNTO DO DESAFOGADOR GOL VOYAGE PARATI SAVEIRO 18 ALC/GAS S,69,84099190,F
402321,7898307490807,CONJUNTO DO DESAFOGADOR PASSAT PARATI VOYAGE GOL 16 84.. NOV,48,84099190,F
IE87084,7898307490111,EMBREAGEM DO DISTRIBUIDOR CORSA COM DISTRIBUIDOR LUCAS,12,84099190,F
527,7898508732195,FLANGE COM PRISIONEIROS CARBURADOR DMTB (CHT),152,84099190,F
519,7898210975248,FLANGE ISOLANTE FLANGE 446,16,84099190,F
520,7898210975255,FLANGE ISOLANTE FLANGE GM COM MOTOR 4 E 6 CILINDROS,13,84099190,F
517,7898508733376,FLANGE ISOLANTE FLANGE MONZA BOMBA COMBUSTIVEL,5,84099190,F
511B,7898210975163,FLANGES ISOLANTES BASE C/ CIRCULACAO DE AGUA FIAT 13/15/,10,84099190,F
511A,7898210975156,FLANGES ISOLANTES CARBURADOR 130-BLFA FORD CHTVW AE,8,84099190,F
500,7898210975002,FLANGES ISOLANTES CARBURADOR SOLEX DUPLO CORCEL/BELINA-69/,18,84099190,F
509,7898210975118,FLANGES ISOLANTES FLANGE CHEVETTE 16S 460,8,84099190,F
512,7898210975170,FLANGES ISOLANTES FLANGE FIAT TEMPRA,16,84099190,F
G1106945,7898337173435,GICLEUR PRINCIPAL DA MARCHA LENTA (IGUACU 201-45) MARCHA LENTA PRINCIPAL,8,84099190,F
G1106950,7898337173459,GICLEUR PRINCIPAL DA MARCHA LENTA (IGUACU 201-50) MARCHA LENTA PRINCIPAL,10,84099190,F
G11069525,7898331572043,GICLEUR PRINCIPAL DA MARCHA LENTA (IGUACU 201-525) MARCHA LENTA PRINCIPAL,10,84099190,F
G1106955,7898337173473,GICLEUR PRINCIPAL DA MARCHA LENTA (IGUACU 201-55) MARCHA LENTA PRINCIPAL,10,84099190,F
G1106960,7898337173497,GICLEUR PRINCIPAL DA MARCHA LENTA (IGUACU 201-60) MARCHA LENTA PRINCIPAL,10,84099190,F
G1106965,7898331572142,GICLEUR PRINCIPAL DA MARCHA LENTA (IGUACU 201-65) MARCHA LENTA PRINCIPAL,10,84099190,F
G1106970,7898331572180,GICLEUR PRINCIPAL DA MARCHA LENTA (IGUACU 201-70) MARCHA LENTA PRINCIPAL,10,84099190,F
G1106975,,GICLEUR PRINCIPAL DA MARCHA LENTA (IGUACU 201-75) MARCHA LENTA PRINCIPAL,4,84099190,F
G11068100,7898337170007,GICLEUR PRINCIPAL GICLEUR PRINCIPAL GASOLINA,4,84099190,F
G11068102,,GICLEUR PRINCIPAL GICLEUR PRINCIPAL GASOLINA,4,84099190,F
G11068105,7898337170076,GICLEUR PRINCIPAL GICLEUR PRINCIPAL GASOLINA,4,84099190,F
G110681075,7898337170083,GICLEUR PRINCIPAL GICLEUR PRINCIPAL GASOLINA,4,84099190,F
G11068110,7898337170090,GICLEUR PRINCIPAL GICLEUR PRINCIPAL GASOLINA,4,84099190,F
G110681125,7898337170106,GICLEUR PRINCIPAL GICLEUR PRINCIPAL GASOLINA,4,84099190,F
G11068115,7898337170113,GICLEUR PRINCIPAL GICLEUR PRINCIPAL GASOLINA,4,84099190,F
G110681175,7898337170120,GICLEUR PRINCIPAL GICLEUR PRINCIPAL GASOLINA,4,84099190,F
G11068120,7898337170137,GICLEUR PRINCIPAL GICLEUR PRINCIPAL GASOLINA,4,84099190,F
G110681225,7898337170144,GICLEUR PRINCIPAL GICLEUR PRINCIPAL GASOLINA,4,84099190,F
G11068125,7898337170151,GICLEUR PRINCIPAL GICLEUR PRINCIPAL GASOLINA,4,84099190,F
G110681275,7898337170168,GICLEUR PRINCIPAL GICLEUR PRINCIPAL GASOLINA,4,84099190,F
G11068130,7898337170175,GICLEUR PRINCIPAL GICLEUR PRINCIPAL GASOLINA,4,84099190,F
G110681325,7898337170182,GICLEUR PRINCIPAL GICLEUR PRINCIPAL GASOLINA,4,84099190,F
G11068135,7898337170199,GICLEUR PRINCIPAL GICLEUR PRINCIPAL GASOLINA,4,84099190,F
G11068140,7898337170212,GICLEUR PRINCIPAL GICLEUR PRINCIPAL GASOLINA,4,84099190,F
G11068145,7898337170236,GICLEUR PRINCIPAL GICLEUR PRINCIPAL GASOLINA,4,84099190,F
G1106890,,GICLEUR PRINCIPAL GICLEUR PRINCIPAL GASOLINA,4,84099190,F
70,7898351760130,KIT DE CARBURADOR MOD SOLEX BROSOL 147 1050 1300 GAS,15,84099190,F
175ce1,7898351760758,KIT DE CARBURADOR MOD SOLEX BROSOL 2E FORD 18 SANTANA MONZA PASSAT VOYAGE,93,84099190,F
175c,7898351760277,KIT DE CARBURADOR MOD SOLEX BROSOL 2E SANTANA MONZA 18 KADETT GOL COMPLET,40,84099190,F
175,7898351760260,KIT DE CARBURADOR MOD SOLEX BROSOL 2E SANTANA MONZA 18 KADETT GOL SIMPLES,26,84099190,F
160,7898351760253,KIT DE CARBURADOR MOD SOLEX BROSOL 35 ALFA1 MONZA 16 UNO PREMIO GAS E ALC,24,84099190,F
176ce,7898351760765,KIT DE CARBURADOR MOD SOLEX BROSOL 3E FORD GM/VW 20 25 28 41 ALC E GAS,87,84099190,F
176,7898351760291,KIT DE CARBURADOR MOD SOLEX BROSOL 3E VW FORD GM 18 20 22 MONZA KADETT G,24,84099190,F
176c,7898351760307,KIT DE CARBURADOR MOD SOLEX BROSOL 3E VW FORD GM 18 20 22 MONZA KADETT G,50,84099190,F
130E1,7898351761670,KIT DE CARBURADOR MOD SOLEX BROSOL BLFA ESCORT MONZA BOIA 30074 VALV 130111,82,84099190,F
130e,7898351760703,KIT DE CARBURADOR MOD SOLEX BROSOL BLFA ESCORT MONZA BOIA 30074 VALV 130113,76,84099190,F
130,7898351760246,KIT DE CARBURADOR MOD SOLEX BROSOL BLFA SOLEX CHT AE CORCEL BELINA/MONZA 1,28,84099190,F
114e,7898351760673,KIT DE CARBURADOR MOD SOLEX BROSOL BRASILIA KOMBI SEDAN 1600 BOIA 3208 VAL,106,84099190,F
175ce,7898351760741,KIT DE CARBURADOR MOD SOLEX BROSOL CARBURADOR 2E BROSOL FORD 18 SANTANA M,90,84099190,F
40B,7898351760055,KIT DE CARBURADOR MOD SOLEX BROSOL CHEVETTE MARAJO CARBURADOR 35 PDSI 1982,18,84099190,F
50c,7898351760109,KIT DE CARBURADOR MOD SOLEX BROSOL CORCEL OPALA CHEVETTE 34SEIE COM VAL MAX,34,84099190,F
114c,7898351760208,KIT DE CARBURADOR MOD SOLEX BROSOL DUPLA CARB FUSCA BRASILIA KOMBI COM BICO,32,84099190,F
PK112,7898351763766,KIT DE CARBURADOR MOD SOLEX BROSOL FUSCA SIMPLES,8,84099190,F
40BBQE,7898351760642,KIT DE CARBURADOR MOD SOLEX BROSOL GM CHEVETTE / MARAJO 14 / 16 GASOLINA,55,84099190,F
PK114,7898351763780,KIT DE CARBURADOR MOD SOLEX BROSOL KIT CARB BRASILIA DUPLA,15,84099190,F
PK114E,7898351763797,KIT DE CARBURADOR MOD SOLEX BROSOL KIT CARB BRASILIA DUPLA BOIA AGULHA,96,84099190,F
50a,7898351760116,KIT DE CARBURADOR MOD SOLEX BROSOL OPALA SIMPLES 4 DIS 2500 E 3800 GAS,18,84099190,F
112e,7898351760666,KIT DE CARBURADOR MOD SOLEX BROSOL SEDAN 13 1968 ATE 1983 KOMBI 15 1973 A,52,84099190,F
114EA,7898351760680,KIT DE CARBURADOR MOD SOLEX BROSOL SEDAN 1600 GOL 1600 KOMBI 1600 BOIA 3208,106,84099190,F
40BQE,7898351760635,KIT DE CARBURADOR MOD SOLEX BROSOL VW 15 PASSAT 1974 ATE 1981 DS 40119 F 1,52,84099190,F
PK112E,7898351763773,KIT DE CARBURADOR MOD SOLEX BROSOL VW FUSCA 1300 CARBURADOR 30 PIC SIMPLES,50,84099190,F
112C,7898351760185,KIT DE CARBURADOR MOD SOLEX BROSOL VW FUSCA 1300 CARBURADOR SIMPLES 30 PIC,18,84099190,F
114eax,7898351760697,KIT DE CARBURADOR MOD SOLEX BROSOL VW FUSCA 1600 / BRASILIA 1600 - BOIA 320,106,84099190,F
190bqe1,7898351760789,KIT DE CARBURADOR MOD WEBER MAGNETI MARE 1050 1300 OGGI PREMIO ELBA MONZA 18 VA,63,84099190,F
460aee1,7898351760925,KIT DE CARBURADOR MOD WEBER MAGNETI MARE 1991 GOL 16 PARATI SAVEIRO GOL 1000 VA,90,84099190,F
489,7898351760567,KIT DE CARBURADOR MOD WEBER MAGNETI MARE CARB 495 TLDZ GOL VOYAGE PARATI SAVEIRO,40,84099190,F
495e,7898351760604,KIT DE CARBURADOR MOD WEBER MAGNETI MARE CARBURADOR TLDE VW GOL / VOYAGE / PARAT,40,84099190,F
495E1,7898351760963,KIT DE CARBURADOR MOD WEBER MAGNETI MARE CARBURADOR TLDF FIAT UNO / PREMIO / ELB,93,84099190,F
228c,7898351760437,KIT DE CARBURADOR MOD WEBER MAGNETI MARE CHEVETTE MARAJO DFV GAS,26,84099190,F
460E,7898351760871,KIT DE CARBURADOR MOD WEBER MAGNETI MARE CHT ESCORT BELINA II DEL REY 16 VALV B,74,84099190,F
460,7898351760505,KIT DE CARBURADOR MOD WEBER MAGNETI MARE CHT ESCORT CORCEL BELINA GOL DEL REY SC,29,84099190,F
460E1,7898351760888,KIT DE CARBURADOR MOD WEBER MAGNETI MARE CHT ESCORT CORCEL II DEL REY BELINA II,79,84099190,F
228a,7898351760390,KIT DE CARBURADOR MOD WEBER MAGNETI MARE CORCEL BELINA DFV ALC,23,84099190,F
228bi,7898351760420,KIT DE CARBURADOR MOD WEBER MAGNETI MARE CORCEL BELINA DFV COM BICO INJETOR GAS,34,84099190,F
228b,7898351760413,KIT DE CARBURADOR MOD WEBER MAGNETI MARE CORCEL BELINA DFV GAS,28,84099190,F
228be,7898351760819,KIT DE CARBURADOR MOD WEBER MAGNETI MARE CORCEL II BELINA DEL REY DFV VALV DS 4,84,84099190,F
460AE,7898351760529,KIT DE CARBURADOR MOD WEBER MAGNETI MARE GOL PARATI SAVEIRO 1000 / 16 MOTOR AE,28,84099190,F
450E,7898351760857,KIT DE CARBURADOR MOD WEBER MAGNETI MARE MINIPROGRESSIVO PASSAT GOL VOYAGE PARAT,61,84099190,F
450E1,7898351760864,KIT DE CARBURADOR MOD WEBER MAGNETI MARE MINIPROGRESSIVO PASSAT GOL VOYAGE PARAT,66,84099190,F
450,7898351760499,KIT DE CARBURADOR MOD WEBER MAGNETI MARE MINIPROGRESSIVO PASSAT VOYAGE GOL PARAT,24,84099190,F
489AE,7898351760956,KIT DE CARBURADOR MOD WEBER MAGNETI MARE MOD WEBER TLDZ GOL VOYAGE PARATI ALC,88,84099190,F
190bq,7898351760345,KIT DE CARBURADOR MOD WEBER MAGNETI MARE MONZA 16 18 FIAT 1050 1300 COM BAQU,26,84099190,F
190,7898351760338,KIT DE CARBURADOR MOD WEBER MAGNETI MARE MONZA 16 18 FIAT 1050 1300 SIMPLES,18,84099190,F
190bqe,7898351760772,KIT DE CARBURADOR MOD WEBER MAGNETI MARE OGGI PREMIO 1300 18 ELBA/MONZA 16 18,66,84099190,F
228i,7898351760383,KIT DE CARBURADOR MOD WEBER MAGNETI MARE OPALA CARAVAN DFV COM BICO INJETOR GAS,37,84099190,F
228,7898351760376,KIT DE CARBURADOR MOD WEBER MAGNETI MARE OPALA CARAVAN DFV GAS,28,84099190,F
228e,7898351760802,KIT DE CARBURADOR MOD WEBER MAGNETI MARE OPALA CARAVAN DFV VALV BOIA DS 463020 F,63,84099190,F
446a,7898351760482,KIT DE CARBURADOR MOD WEBER MAGNETI MARE OPALA SS CARAVAN 6CIL MOTOR 250S ALCOOL,37,84099190,F
446,7898351760475,KIT DE CARBURADOR MOD WEBER MAGNETI MARE OPALA SS CARAVAN 6CIL MOTOR 250S GASOLI,37,84099190,F
495ue,7898351760994,KIT DE CARBURADOR MOD WEBER MAGNETI MARE TLDF UNO MILLE ELETRONIC VALV BOIA DS 4,87,84099190,F
495a,7898351760598,KIT DE CARBURADOR MOD WEBER MAGNETI MARE TLDF UNO PREMIO ELBA 16 ALC,32,84099190,F
495,7898351760581,KIT DE CARBURADOR MOD WEBER MAGNETI MARE TLDF UNO PREMIO ELBA 16 GAS,32,84099190,F
489e,7898351760949,KIT DE CARBURADOR MOD WEBER MAGNETI MARE TLDZ 495 GOL VOYAGE PARATI SAVEIRO ESCO,88,84099190,F
190ubqe,7898351760796,KIT DE CARBURADOR MOD WEBER MAGNETI MARE UNO MILLE 1990 ATE 1992 VALV BOIA DS 48,68,84099190,F
460f,7898351760536,KIT DE CARBURADOR MOD WEBER MAGNETI MARE UNO MILLE BRIO ELBA UNO 16R,28,84099190,F
190u,7898351760352,KIT DE CARBURADOR MOD WEBER MAGNETI MARE UNO MILLE ELETRONIC SIMPLES,20,84099190,F
190ubq,7898351760369,KIT DE CARBURADOR MOD WEBER MAGNETI MARE UNO MILLE ELETRONIC SIMPLES COM BAQUELI,24,84099190,F
460a,7898351760512,KIT DE CARBURADOR MOD WEBER MAGNETI MARE UNO SX ELBA PREMIO 1300 1500,29,84099190,F
460aee,7898351760918,KIT DE CARBURADOR MOD WEBER MAGNETI MARE VW GOL 1000 1991 - AGULHA 48832002 - FU,82,84099190,F
ie98,7898351762141,KIT DE INJECAO ELETRONICA IMPORTADOS KIA - MULTIPONTO SPORTAGE 96. AUT GRAN,66,84099190,F
IE200,7898508732256,KIT DE INJECAO ELETRONICA NACIONAL ANEIS PARA BICO INJETOR DELPHI - GM 10,15,84099190,F
IE103,7898508732249,KIT DE INJECAO ELETRONICA NACIONAL BICO INJETOR (ANEIS DE VITON) LINHA GM C,13,84099190,F
ie28,7898351761311,KIT DE INJECAO ELETRONICA NACIONAL FIAT - MULTIPONTO FIORINO MPI LAW G7 PAL,44,84099190,F
ie02,7898351761052,KIT DE INJECAO ELETRONICA NACIONAL FIAT MONOPONTO MILLE PREMIO ELBA UNO 1,32,84099190,F
ie38,7898351761410,KIT DE INJECAO ELETRONICA NACIONAL FIAT MONOPONTO PALIO SIENA 16,34,84099190,F
ie07,7898351761106,KIT DE INJECAO ELETRONICA NACIONAL GM MONOPONTO CORSA WIND 10 GL 14 EFI,37,84099190,F
IE01,7898351761021,KIT DE INJECAO ELETRONICA NACIONAL GM MONZA/KADETT/IPANEMA 18 /20 ALC E G,64,84099190,F
ie69,7898351761779,KIT DE INJECAO ELETRONICA NACIONAL GM MULTIPONTO CORSA 10 MPFI 1999 EM DI,34,84099190,F
ie56,7898351761595,KIT DE INJECAO ELETRONICA NACIONAL GM MULTIPONTO KADETT IPANEMA 20 VECTRA,39,84099190,F
ie24,7898351761274,KIT DE INJECAO ELETRONICA NACIONAL GM MULTIPONTO VECTRA 8V GLS 20 1994 199,34,84099190,F
PKIE09,7898351764282,KIT DE INJECAO ELETRONICA NACIONAL LINHA VW 16 18 CFI,16,84099190,F
IE184,7898351763421,KIT DE INJECAO ELETRONICA NACIONAL VW FOX NOV-03+ / GOL JUN-02+ / GOL POWER,50,84099190,F
ie203,7898351763605,KIT DE INJECAO ELETRONICA NACIONAL VW KOMBI 14 2005 EM DIANTE,58,84099190,F
ie09,7898351761120,KIT DE INJECAO ELETRONICA NACIONAL VW MONOPONTO GOL PARATI SAVEIRO CLI 16,31,84099190,F
ie03,7898351761069,KIT DE INJECAO ELETRONICA NACIONAL VW MONOPONTO SANTANA QUANTUM POINTER LO,36,84099190,F
ie16,7898351761199,KIT DE INJECAO ELETRONICA NACIONAL VW MULTIPONTO AP 16 18 20 MI M M 1AVB,34,84099190,F
ie13,7898351761168,KIT DE INJECAO ELETRONICA NACIONAL VW MULTIPONTO GOL GTI BOSCH LE-JETRONIC,36,84099190,F
ie51,7898351761540,KIT DE INJECAO ELETRONICA NACIONAL VW MULTIPONTO KOMBI A AR BOSCH MOTRONIC,32,84099190,F
ie49,7898351761526,KIT DE INJECAO ELETRONICA NACIONAL VW MULTIPONTO PARATI GOL 10 16V AT 199,48,84099190,F
IE1301,7898084413013,PONTA INFERIOR DO BICO MULTI POINT COM ANEIS SISTEMA BOSCH,23,84099190,F
IE1303,7898084413037,PONTA INFERIOR DO BICO PONTA INFERIOR DE BICO INJETOR (SISTEMA,15,84099190,F
030091,7898307490432,POSICIONADOR DO AR CONDICIONADO GOL VOYAGE PARATI SAVEIRO 16 CARB BLFA,72,84099190,F
02069,7898307490340,POSICIONADOR PNEUMATICO DO 2o CORPO SANTANA PASSAT VOYAGE GOL GT QUANTUM GOL,69,84099190,F
030082,7898307490357,POSICIONADOR PNEUMATICO DO 2o CORPO SANTANA QUANTUM 20 CARB 3E GAS/ALC NOV/,47,84099190,F
02040,7898307490258,POSICIONADOR PNEUMATICO ESCORT/BELINA/DEL REY/PAMPA/VERONA 18 /,48,84099190,F
403181,7898307490739,POSICIONADOR PNEUMATICO FIAT UNO 13 PREMIO FIORINO ALC/GAS 89.,37,84099190,F
020007,7898307490265,POSICIONADOR PNEUMATICO MONZA KADETT,48,84099190,F
556,7898181981750,SEPARADOR DE VAPOR DESBOLHADOR BROSOL 130 080/111/140 - SEPARADOR DE,16,84099190,F
2056,7898938363051,SEPARADOR DE VAPOR DESBOLHADOR SEPARADOR DE VAPOR - DESBORBULHADOR (FIA,13,84099190,F
2055,7898938363044,SEPARADOR DE VAPOR DESBOLHADOR SEPARADOR DE VAPOR DESBORBULHADOR (FORD,13,84099190,F
78150,7898280111225,BOMBA DE COMBUSTIVEL (MECANICA) ELBA/PREMIO/PICK-UP LX 1600-GAS/ALC 1,197,84133010,F
71413,7895652714138,BOMBA DE COMBUSTIVEL (MECANICA) FUSCA 79+86 / BRASILIA 80+93 / GOL 80+86,85,84133010,F
DPL0101,7898930478319,BOMBA DE COMBUSTIVEL INJECAO ELETRONICA IPANEMA KADETT MONZA S10 EFI GASOLINA 9,168,84133010,F
252002,7898098920569,BOMBA D AGUA CELTA 10 MPFI 8V 01 +/ CORSA 10/14/1,100,84133090,F
204000,7898098920224,BOMBA D AGUA CORCEL/BELINA L GL/GOL C/MOTOR AE / CHT,109,84133090,F
252008,7898098929876,BOMBA D AGUA CORSA SEDAN HATCH 18 8V 01/02.SPIN 1,106,84133090,F
354000,7898098920613,BOMBA D AGUA FIAT 147 L GL GLS/UNO TODOS 85.PREMIO,92,84133090,F
252001,,BOMBA D AGUA MONZA TODOS 82+86 / MONZA/KADETT/IPANEMA,77,84133090,F
354003,7898098922853,BOMBA D AGUA PALIO 10 ED EDX EL 96/98,109,84133090,F
252007,7898098924857,BOMBA D AGUA VECTRA/ASTRA 16V NUBIRA,114,84133090,F
T030031,7898935147296,FLANGE DA BOMBA DE COMBUSTIVEL FORD FIESTA 2002 A 2014 / ECOSPORT 2002,39,84139190,F
T030051,7898935147241,TAMPA DA BOMBA DE COMBUSTIVEL CORSA - ANO 1994+02/1999 (MANGUEIRA COM,95,84139190,F
IE20180,7898084411804,BORRACHA DO BOCAL CARBURADOR BORRACHA DO BOCAL 460 CHT INFERIOR,7,84212990,F
IE1004,7898084410043,ELEMENTRO FILTRANTE (CHAPEU DE BRUXA) ELEMENTO FILTRANTE PARA ENTRADA DE COMBU,5,84212990,F
IE1019,7898084410197,ELEMENTRO FILTRANTE CHAPEU DE BRUXA SOLEX - MODELO BLFA PARA BOMBA DE COMBUS,5,84212990,F
IE1825,7898084418254,FILTRO BICO EXTERNO 4 BICOS ESCORT 97 + MOTOR ZETEC-E 18L 16V /MODE,39,84212990,F
BA2000,7898508733024,FILTRO DE COMBUSTIVEL CARBURADO UNIVERSAL ALCOOL GRANDE,10,84212990,F
BA2000CAIXA,7898950328021,FILTRO DE COMBUSTIVEL CARBURADO UNIVERSAL ALCOOL GRANDE,8,84212990,F
BG4000,7898508733185,FILTRO DE COMBUSTIVEL CARBURADO UNIVERSAL GASOLINA PEQUENO,8,84212990,F
IE1801,7898084418018,FILTRO DO BICO EXTERNO 1 BICO CJ DE FILTROS P/BICO INJETOR C/ ANEI SP,10,84212990,F
IE1002,7898084410029,FILTRO DO BICO EXTERNO 1 BICO CONJUNTO DE FILTROS PARA O BICO INJETO I,18,84212990,F
IE1001,7898084410012,FILTRO DO BICO EXTERNO 1 BICO CONJUNTO DE FILTROS PARA O BICO INJETOR,18,84212990,F
IE1129,7898084411293,FILTRO DO BICO EXTERNO 1 BICO FIAT TIPO 16 94+ MONOTRIC MA17 RENAULT,16,84212990,F
IE1029,7898084410296,FILTRO DO BICO EXTERNO 1 BICO FIAT TIPO 16 IE (IMP) 94 RENAULT R19 1,23,84212990,F
PK1001,7898181984331,FILTRO DO BICO EXTERNO 1 BICO MARELLI,12,84212990,F
PK1002,7898351763704,FILTRO DO BICO EXTERNO 1 BICO ROCHESTER,12,84212990,F
2307,7898938363907,FILTRO DO BICO INTERNO 4 BICOS CORSA MERIVA MONTANA 14 18 FLEX CELTA,20,84212990,F
IE6027,7898084416021,FILTRO DO BICO INTERNO 4 BICOS FLEX BICO INJETOR MODELO MULTI POINT MAG,15,84212990,F
IE1847,7898084418476,FILTRO DO BICO INTERNO 4 BICOS HONDA CIVIC (COM VEDACOES INFERIORES),34,84212990,F
1301DS,7898382481943,PRE FILTRO DA BOMBA DE COMBUSTIVEL ASTRA 18 MPFI 10/98 + 09/01 CORSA 10 E,10,84212990,F
1320DS,7898382481592,PRE FILTRO DA BOMBA DE COMBUSTIVEL ASTRA 20 MPFI FLEXPOWER 04/04 + CORSA,28,84212990,F
1317DS,7898382481530,PRE FILTRO DA BOMBA DE COMBUSTIVEL BLAZER 99 + 02/07 CORSA 10 MPFI 16V 04,32,84212990,F
IE1016,,PRE FILTRO DA BOMBA DE COMBUSTIVEL CORSA / PICK-UP / SEDAN 10 / 13 / 14,23,84212990,F
1310DS,7898382482032,PRE FILTRO DA BOMBA DE COMBUSTIVEL FIAT TODOS C/ BOMBA MARWAL 92/97 ESCORT,15,84212990,F
1312DS,7898382482223,PRE FILTRO DA BOMBA DE COMBUSTIVEL KADETT 92 + 99 MONZA 90 +,32,84212990,F
IE1815,7898084418155,PRE FILTRO DA BOMBA DE COMBUSTIVEL LOGUS / POINTER / GOL / PARATO / ESCORT,13,84212990,F
IE1018,7898084410180,PRE FILTRO DA BOMBA DE COMBUSTIVEL MONZA 90/ TODOS - KADETT 92+ TODOS / OM,21,84212990,F
1302DS,7898382481950,PRE FILTRO DA BOMBA DE COMBUSTIVEL PALIO 10 MPI 16V 08/00 + 06/02 PAMPA 1,31,84212990,F
1402DS,7898382482063,REGULADOR DE PRESSAO (DIAFRAGMA) BLAZER/S-10/CORSA GL 14/CORSA WIND 10/,44,84811000,F
1405DS,7898382483015,REGULADOR DE PRESSAO (DIAFRAGMA) GOL 1000/PARATI/LOGUS GOL 16 18/SANTAN,53,84811000,F
IE47405,7898407220410,REGULADOR DE PRESSAO (DIAFRAGMA) GOL 1000/PARATI/LOGUS GOL 16 18/SANTAN,18,84811000,F
IE47406,7898407220427,REGULADOR DE PRESSAO (DIAFRAGMA) MONZA/KADETT/IPANEMA 18 E 20/CORSA WIN,39,84811000,F
IE47414,7898407220717,REGULADOR DE PRESSAO (DIAFRAGMA) TIPO 16 IE/SIENA 16 8V/GOLF 18GL/CORD,21,84811000,F
1152DS,7898382480687,REGULADOR DE PRESSAO ALFA ROMEO ASIA AUDI CADILLAC CITROEN FI,77,84811000,F
1153DS,7898382480694,REGULADOR DE PRESSAO ASTRA 18 MPFI 10/98.09/01/ASTRA 18 M,45,84811000,F
LP47418,7898407220816,TAMPA DO REGULADOR DE PRESSAO MONZA/KADET/IPANEMA 18 20/CORSA WIND 1,29,84811000,F
1012DS,7898382480014,VALVULA AGULHA P/ CARBURADOR (ESTILETE) 112122 F 151 GOL SEDAN BRASILIA KOMBI MO,28,84813000,F
1056DS,7898382481844,VALVULA AGULHA P/ CARBURADOR (ESTILETE) 114123 FURO 121 BRASILIA 1600 VARIANT,21,84813000,F
1033DS,7898382480205,VALVULA AGULHA P/ CARBURADOR (ESTILETE) 130113 FURO 221 MM 48811302 MONZA 18,29,84813000,F
1065VITON,7898382480243,VALVULA AGULHA P/ CARBURADOR (ESTILETE) 175100 FURO 25 KADETT MONZA GOL GT SANT,28,84813000,F
1066VITON,7898382480274,VALVULA AGULHA P/ CARBURADOR (ESTILETE) 175125 FURO 25 ESCORT VERONA CARAVAN KA,29,84813000,F
1034DS,7898382480045,VALVULA AGULHA P/ CARBURADOR (ESTILETE) 40104 FURO 176 CHEVETTE MARAJO,28,84813000,F
1050DS,7898382480557,VALVULA AGULHA P/ CARBURADOR (ESTILETE) 463120 FURO 200 BELINA CORCEL CHEVETTE,21,84813000,F
1045VITON,7898382480502,VALVULA AGULHA P/ CARBURADOR (ESTILETE) 472222 FURO 220 GOL PARATI,23,84813000,F
1052VITON,7898382480458,VALVULA AGULHA P/ CARBURADOR (ESTILETE) 488320 FURO 200 ELBA FIAT PREMIO UNO ESC,24,84813000,F
1051VITON,7898382480465,VALVULA AGULHA P/ CARBURADOR (ESTILETE) 488322 FURO 225 FIAT UNO BELINA ESCORT,24,84813000,F
1057DS,7898382481752,VALVULA AGULHA P/ CARBURADOR (ESTILETE) BELINA/CORCEL/DELREY/MAVERICK/CHEVETTE/C,21,84813000,F
1067VITON,7898382480533,VALVULA AGULHA P/ CARBURADOR (ESTILETE) CARAVAN/OPALA 4/6CIL ALCOOL 80 + 81/ CAR,28,84813000,F
1061DS,7898382481394,VALVULA AGULHA P/ CARBURADOR (ESTILETE) CARAVAN/OPALA 4CIL 88+89 / BRASILIA 1600,26,84813000,F
1046VITON,7898382480519,VALVULA AGULHA P/ CARBURADOR (ESTILETE) CHEVETTE 14/16 GASOLINA 80 + / GOL/PAR,23,84813000,F
1017DS,7898382480359,VALVULA AGULHA P/ CARBURADOR (ESTILETE) ESCORT 16 CHT GASOLINA 12/89 + / GOL 1,23,84813000,F
1053DS,7898382480434,VALVULA AGULHA P/ CARBURADOR (ESTILETE) FIAT 1050 147 - GASOLINA 77 + 03/83 / FI,24,84813000,F
1063DS,7898382480120,VALVULA AGULHA P/ CARBURADOR (ESTILETE) FIAT 147 1300 TODOS 79 + / PASSAT/VOYAGE,26,84813000,F
1068DS,7898382480298,VALVULA AGULHA P/ CARBURADOR (ESTILETE) KOMBI 1600 ALCOOL 01/91 + / KOMBI 1600,29,84813000,F
1060DS,7898382480090,VALVULA AGULHA P/ CARBURADOR (ESTILETE) MONZA 16-18 ALCOOL 84+85 / MONZA 18 A,24,84813000,F
1054DS,7898382481356,VALVULA AGULHA P/ CARBURADOR (ESTILETE) PASSAT 1500 ALCOOL 79+82 / VOYAGE 1500 A,16,84813000,F
1058DS,7898382481837,VALVULA DE AGULHA CARBURADOR ESTILETE 54109 FURO 222 CARAVAN OPALA PICK-UP VER,12,84813000,F
1042DS,7898382480328,VALVULA DE AGULHA CARBURADOR ESTILETE AERO WILLYS/JEEP/PERUA/PICK-UP 6 CIL / C,12,84813000,F
1049VITON,7898382480526,VALVULA DE AGULHA CARBURADOR ESTILETE BELINA/CORCEL II/DEL REY ALCOOL AR COND,12,84813000,F
1018DS,7898382480380,VALVULA DE AGULHA CARBURADOR ESTILETE FIAT 1300 147 - GASOLINA 89 + / PREMIO/U,12,84813000,F
147ANTI,7898307491866,ANTI-CHAMA DE METAL (IE87160) ANTI CHAMA 147 / FIAT MILLE -,10,84814000,F
IE87075,7898307490180,TAMPA DO OLEO (ANTI-CHAMA ACOPLADA) KA / FIESTA (TODOS OS MODELOS),34,84814000,F
7002,7898615200020,VALVULA ANTI-CHAMA FIAT - PALIO / SIENA / STRADA,7,84814000,F
IE87079,7898307490081,VALVULA ANTI-CHAMA FIAT - PALIO / SIENA / STRADA,18,84814000,F
IE87080,7898307490074,VALVULA ANTI-CHAMA VW - KOMBI - FORD F100 -GM D-20 MWM,15,84814000,F
IE87073,7898307490227,VALVULA ANTI-CHAMA VW / FORD MOTOR AP 18 E 20 MOTOR MWM S,20,84814000,F
VT24092,7893989003628,VALVULA TERMOSTATICA COMPLETA GM MONZA / KADETT / IPANEMA 18 / 20 E,90,84818021,F
3004,7898914660259,SOLENOIDE (INTERRUPTOR MAGNETICO) UNO-R PREMIO ELBA C/AR COND FIAT UNO-R,93,84818092,F
2002DS,7898382480199,VALVULA DE DUAS VIAS DOBLO/FIORINO/IDEA FLEX/PALIO/SIENA/ STR,69,84818092,F
120022,,VALVULA DE DUAS VIAS PALIO/SIENA/FIORINO/UNO MILLE FIRE/DOBLO,40,84818092,F
2004DS,,VALVULA DE TRES VIAS PAMPA G/A 92+93/ROYALE 92+94/VERSAILLES,39,84818092,F
at3080,7898156850722,KIT DE DISTRIBUICAO PARA MOTOR FORD CHT/VW AE TODOS,207,84834090,F
DYV610,7898410238709,TENSIONADOR DA CORREIA DENTADA KA 10 8V ENDURA C/ACD 97/99 FIESTA COUR,71,84835010,F
R4616,7898908640199,ESTICADOR DA CORREIA DENTADA MEGANE 20 16V (F4R) 01/05 SCENIC 20 16,194,84835090,F
R4420C,7898908639759,ESTICADOR DA CORREIA DENTADA UNO 15 91.UNO FIORINO 10 93.PALIO,61,84835090,F
R4145,7898908639148,GUIA DA CORREIA DENTADA GOL PARATI 10 16V AT 10 16V AT TURBO 9,85,84835090,F
R4455,7898908639964,GUIA DA CORREIA DENTADA PALIO / SIENA / WEEKEND / STRADA 16 16V,132,84835090,F
R4229,,POLIA DA CORREIA DE ACESSORIOS ESCORT 18 16V ZETEC 96/02 CELTA CORSA 1,40,84835090,F
R4117,7898908639094,POLIA DA CORREIA DE ACESSORIOS GOL PARATI SAVEIRO 10 93/96 BLAZER S10,84,84835090,F
R4446,7898908639889,POLIA DA CORREIA DE ACESSORIOS MAREA STILO 20 24 20V 98.ESTRIADA,138,84835090,F
R4415,7898908639704,POLIA DA CORREIA DENTADA UNO MILLE 10 8V 91/93 UNO FIORINO PREMI,50,84835090,F
DYV700,7898410238372,POLIA DA CORREIA DENTADA VOLARE 28 TURBO DIES 4CILS MWM SPRINT.,50,84835090,F
R4119,7898908639117,POLIA DA DIRECAO HIDRAULICA GOL PARATI SANTANA 16 18 20 8V S/ACD,188,84835090,F
R4453,7898908639957,POLIA DA DIRECAO HIDRAULICA UNO 10 8V 99.13 8V 01.FIORINO 15,72,84835090,F
R4442,7898908639841,POLIA DO ALTERNADOR BRAVA PALIO SIENA 16 16V 98+ / TIPO 16,72,84835090,F
R4445,7898908639872,POLIA DO ALTERNADOR DOBLO FIORINO IDEA PALIO PUNTO SIENA STR,53,84835090,F
R4316,7898908640533,POLIA DO ALTERNADOR GM CORSA / MONTANA 18 8V 2002. / MERI,66,84835090,F
R4116,,POLIA DO ALTERNADOR GOLF 18/20 98+/BORA/NEW BEATLE/POLO 2,47,84835090,F
R4444,7898908639865,POLIA DO ALTERNADOR PALIO / SIENA / STRADA 10/15 8V S/ACD,76,84835090,F
R4102,7898908640601,POLIA DO ALTERNADOR POLO/GOLF/FOX 02 + C/AR E DH / KA 10 8V,58,84835090,F
R4114,7898908639063,POLIA FALSA DA CORREIA GOLF POLO GOL PARATI 16 8V EA 111 10,42,84835090,F
R4303,7898908639421,TENSIONADOR DA CORREIA DE ACESSORIOS MONZA KADETT IPANEMA 20 8V C/DH C/ACD 9,101,84835090,F
R4468,7898908640335,TENSIONADOR DA CORREIA DENTADA 147 1050 1300 ELBA FIORINO UNO 13 E,108,84835090,F
R4703,7898908640984,TENSIONADOR DA CORREIA DENTADA CIVIC 15 16V (MOTOR No D15B2) ./NOV 9,146,84835090,F
R4310,7898908639476,TENSIONADOR DA CORREIA DENTADA CORSA CELTA 10 14 8V TODOS C/MOTOR VHC,95,84835090,F
DYT232,7898410239515,TENSIONADOR DA CORREIA DENTADA FIAT 147 / PANORAMA / SPAZIO / OGGI / EU,64,84835090,F
R4155,7898908639193,TENSIONADOR DA CORREIA DENTADA GOL PARATI 10 16V AT 10 16V AT TURBO 9,119,84835090,F
R4150,7898908639162,TENSIONADOR DA CORREIA DENTADA GOL PARATI 10 8V AT 1996 ATE 2002,111,84835090,F
R4300,7898908639414,TENSIONADOR DA CORREIA DENTADA KADETT IPANEMA 18 20 8V 89/95 MONZA M,117,84835090,F
R4305,7898908639438,TENSIONADOR DA CORREIA DENTADA KADETT IPANEMA MONZA 20 8V 96/98 ASTRA,101,84835090,F
R4425,7898908639803,TENSIONADOR DA CORREIA DENTADA PALIO SIENA WEEKEND STRADA 16 16V 96/03,122,84835090,F
R4460,7898908640014,TENSIONADOR DA CORREIA DENTADA PALIO/SIENA/STRADA 10 8V FIRE 14 8V FI,122,84835090,F
BQ105,7898508733628,BAQUELITE BAQUELITE BOMBA VW 16 - 5PCS,13,84842000,F
BQ104,7898508733239,BAQUELITE BAQUELITE BOMBA VW 18 - 5PCS,13,84842000,F
BQ604,,BAQUELITE BAQUELITE VW DUPLO,8,84842000,F
531,7898508734403,BAQUELITE FIAT UNO (FLANGE BAQUELITE - BANDEJA),90,84842000,F
504,7898210975040,FLANGE ISOLANTE CARBURADOR 2E 3E GM FORD/VW,10,84842000,F
510B,7898210975132,FLANGE ISOLANTE CARBURADOR FORD CHT VW AE PARTE INFERIOR,23,84842000,F
510A,7898210975125,FLANGE ISOLANTE CARBURADOR FORD CHT VW AE PARTE SUPERIOR,29,84842000,F
506,7898210975064,FLANGE ISOLANTE CARBURADOR WEBER 450 VW-PARATI/VOYAGE/ P,21,84842000,F
507,7898210975071,FLANGE ISOLANTE FLANGE DO CARBURADOR TLDZ,28,84842000,F
BFI1507,7899092139384,JUNTA DO COLETOR DE ADMISSAO TEMPRA 20 8V,8,84842000,F
1608DS,7898382482988,ATUADOR DE MARCHA LENTA (MOTOR DE PASSO) CORSA 10 EFI 94 + 96 CORSA 16 EFI 94,87,85011019,F
1601DS,7898382481547,ATUADOR DE MARCHA LENTA (MOTOR DE PASSO) GOL/PARATI 16 MPI TOTAL FLEX 02 +/ GOL,76,85011019,F
1604DS,7898382482278,ATUADOR DE MARCHA LENTA (MOTOR DE PASSO) PALIO/STRADA 18 ADVENTURE - HIFLEX MP,77,85011019,F
1602DS,7898382481561,ATUADOR DE MARCHA LENTA (MOTOR DE PASSO) TEMPRA 20 16V MPI - GASOLINA 95 + 96 E,77,85011019,F
1612DS,7898382482841,ATUADOR DE MARCHA LENTA IAC MOTOR PASSO PALIO 10 96/98 PALIO WEEKEND 10 GAS 97,53,85011019,F
IE87128,7898307491521,BOBINAS IMPULSORAS MONZA E KADET COM CARBURADOR,61,85045000,F
IE87130,7898307491545,BOBINA IMPLUSORA GOL/PARATI/SAVEIRO/VOYAGE/LOGUS E SANTAN,108,85045090,F
IE87129,7898307491538,BOBINA IMPULSORA FIAT TODOS - FORD TODOS- GM TODOS MENOS,104,85045090,F
IE87083,7898307490098,BOBINA IMPULSORA MONZA/KADETT/IPANEMA DE 91+96,76,85045090,F
MB928077,7895706000118,BOBINA DE IGNICAO GOL / PARATI / PASSAT / POINTER / SANTAN,176,85113020,F
DPL2505,7898493641014,BOBINA DE IGNICAO GOL GII/GIII 10 MI 8/16V 96+05/ GOL GII,224,85113020,F
MB928067,7895706000071,BOBINA DE OLEO VOLKSWAGEN FORD GM (VERMELHA),141,85113020,F
5030,,BOBINAS IMPULSORAS TODOS EXCETO MONZA E KADET E / LINHA VW,66,85119000,F
R7262MTE,7893989015782,SENSOR DA POSICAO DE BORBOLETA (TPS) BRAVA 16/18 16V MPI 00+01 / PALIO 16,100,85334091,F
1902DS,7898382489260,SENSOR DA POSICAO DE BORBOLETA (TPS) GOL / PARATI / POLO / SANTANA 16 / 18,100,85334091,F
1901DS,7898382489253,SENSOR DA POSICAO DE BORBOLETA (TPS) UNO / PREMIO / ELBA / PALIO - ESCORT / P,103,85334091,F
316020,7897126870166,FUSIVEL USO GERAL TIPO LAMINA (UNIVERSAL) - 20A,2,85361000,F
IE42692,7898331578274,TERMO INTERRUPTOR DO RADIADOR (CEBOLAO) BRAVA BRAVO 14 16 18 19 20 95.TIP,72,85364100,F
IE40592,7898331578090,TERMO INTERRUPTOR DO RADIADOR (CEBOLAO) CORCEL BELINA 14 16 GAS VERSAILLES 2P4,36,85364100,F
IE40575,7898331578014,TERMO INTERRUPTOR DO RADIADOR (CEBOLAO) UNO 15R 89 GOL PARATI SAVEIRO 16 93.,36,85364100,F
IE48590,,TERMO INTERRUPTOR DO RADIADOR CEBOLAO CORDOBA 14/16/18/20 93+99/CORDOBA 1,180,85364100,F
R7322MTE,7893989037319,SENSOR DE VELOCIDADE GOL 10 8V FLEX 05+ / 10 AT 16V 02+06 /,63,85432000,F
5162,7898188502569,SENSOR DE VELOCIDADE GOL PARATI 1994 EM DIANTE SANTANA 1991,45,85432000,F
5105,7898188502422,SENSOR DE VELOCIDADE KADETT IPANEMA 18 20 MEC 1989 ATE 199,95,85432000,F
5103,7898188502385,SENSOR DE VELOCIDADE MONZA 18 20 1989 ATE 1996 KADETT IPANE,100,85432000,F
DYFO25,7898410235173,CABO DE VELA APOLLO/ESCORT/PAMPA 18 8V AP 92,103,85443000,F
DYFO02,7898410235081,CABO DE VELA COURIER/ESCORT/FIESTA/KA 10 16 8V ZETE,127,85443000,F
DYGM65,7898410235326,CABO DE VELA IPANEMA/KADETT/MONZA 18 20 EFI 92.,124,85443000,F
DYFI54,7898410235012,CABO DE VELA PALIO/WEEKEND/STRADA/SIENA/FIORINO 10 8,100,85443000,F
DYVW02,7898410235845,CABO DE VELA PARATI PASSAT SANTANA QUANTUM SAVEIRO VO,98,85443000,F
DYVW24,7898410236156,CABO DE VELA PARATI/GOL 10 MI 16V AT 97/JUN 01,138,85443000,F
DYPG02,,CABO DE VELA PEUGEOT 306 XSI / CABRIO 20 (XU10J2) 94,82,85443000,F
FO25,7898377621323,CABOS DE IGNICAO (VELAS) APOLO/ESCORT/PAMPA 18 8V AP 92,53,85443000,F
DYFO29,7898410235227,CABOS DE IGNICAO (VELAS) BELINA/CORCEL/DEL REY/PAMPA 13 14 16,48,85443000,F
DYGM66,,CABOS DE IGNICAO (VELAS) CORSA 10 14 16 8V EFI 94.,92,85443000,F
GM66,,CABOS DE IGNICAO (VELAS) CORSA 10 14 16 8V EFI 94.,63,85443000,F
20G73P,7898578620163,CABOS DE IGNICAO (VELAS) CORSA CELTA 10 8V (VHC) CORSA 10 16 8,52,85443000,F
40F02P,,CABOS DE IGNICAO (VELAS) COURIER/ESCORT/FIESTA/KA 10 16 8V ZET,63,85443000,F
FI46,,CABOS DE IGNICAO (VELAS) ELBA/FIORINO/PREMIO/UNO 15IE 8V 92.1,47,85443000,F
DYVW04,7898410235883,CABOS DE IGNICAO (VELAS) ESCORT 10 16 (AE) 93.LOGUS 16 8V A,76,85443000,F
10V12P,,CABOS DE IGNICAO (VELAS) FUSCA/BRASILIA/KOMBI 13 15 16 8V TOD,42,85443000,F
VW12,,CABOS DE IGNICAO (VELAS) FUSCA/BRASILIA/KOMBI 13 15 16 8V TOD,37,85443000,F
10V17P,7898578620040,CABOS DE IGNICAO (VELAS) GOL 10 MI 8V AT 1997 EM DIANTE,71,85443000,F
VW17,,CABOS DE IGNICAO (VELAS) GOL 10 MI 8V AT 97.,63,85443000,F
DYVW22,7898410236118,CABOS DE IGNICAO (VELAS) GOL/SAVEIRO 13 / 16 (REFR AR) ROSCA L,47,85443000,F
DYVW26,,CABOS DE IGNICAO (VELAS) GOLF 20 GLX/GTI (ABA) JAN 94+98,100,85443000,F
GM01,7898377622399,CABOS DE IGNICAO (VELAS) MONZA / KADETT / IPANEMA EFI 92.94,64,85443000,F
30T09P,,CABOS DE IGNICAO (VELAS) PALIO/WEEKEND/STRADA/SIENA 10 8V (FIRE/,55,85443000,F
30T06P,,CABOS DE IGNICAO (VELAS) PALIO/WEEKEND/STRADA/SIENA/UNO 10 8V FI,53,85443000,F
10V24P,,CABOS DE IGNICAO (VELAS) PARATI/GOL 10 MI 16V MOTOR AT JUN/1997,80,85443000,F
VW09,,CABOS DE IGNICAO (VELAS) PARATI/GOL 16I / 18I AP 95/96,74,85443000,F
10V02P,,CABOS DE IGNICAO (VELAS) PARATI/PASSAT/VAR/SANT/QUANT/SAV/VOY/GOL,63,85443000,F
DYVW18,7898410236071,CABOS DE IGNICAO (VELAS) PARATI/SAVEIRO/GOL 16 18 20 MI (AP) 9,92,85443000,F
VW18,7898377621248,CABOS DE IGNICAO (VELAS) PARATI/SAVEIRO/GOL 16 18 20 MI (AP) 9,68,85443000,F
10V03P,,CABOS DE IGNICAO (VELAS) PARATI/SAVEIRO/VOYAGE/GOL 16 8V AE 92/9,64,85443000,F
DYFO28,,CABOS DE IGNICAO (VELAS) PARATI/SAVEIRO/VOYAGE/GOL 16 8V AE ATE,66,85443000,F
FI58,7898377621859,CABOS DE IGNICAO (VELAS) TIPO 16 8V / IE TODOS,45,85443000,F
M051,7898407220779,TAMPA DA VALVULA DE MAXIMA LP-204116/077 - CARBURADOR BLFA,8,87082919,F
6000,7898914660761,TAMPA DO RESERVATORIO DE FREIO TAMPA RESERVATORIO DE FREIO VERDE,52,87083011,F
N239,7892679060842,PASTILHA DE FREIO CORSA 10 14 16 1996 ATE 2000 CORSA 1,69,87083019,F
ECO1044,7899198910443,PASTILHAS DE FREIO FORD - GALAXY / ROYALE / VERSAILLES 94 +,39,87083019,F
ECO1007,7899198910078,PASTILHAS DE FREIO GM - ASTRA 16 17 TD 18 20 SW 98+,80,87083019,F
ECO1016,7899198910160,PASTILHAS DE FREIO GM - CORSA (NOVO) 10 18 02 + GM - COR,44,87083019,F
ECO1509,7890429229372,PASTILHAS DE FREIO GOL GV 16 11 + - SAVEIRO GV 16 11 + -,56,87083019,F
ECO1520,7890429230118,PASTILHAS DE FREIO NEW FIESTA 12 + - NEW KA 13 + - DIANTE,63,87083019,F
R7120MTE,7893989002546,SENSOR MAP PRESSAO BLAZER BR 22 96.EFI CORSA IPANEMA 1,183,87089990,F
TP35,,TAMPAS DA BOMBA DE COMBUSTIVEL ECOSPORT 20 16V TODAS 2004..FIESTA SU,34,87089990,F
IE844,7898331572975,PLUG ELETRONICO FIORINO/PALIO FIRE 13 8V FIRE MPI 04+/I,77,90259010,F
IE805,7898331573095,SENSOR DE TEMPERATURA AGUA BLAZER S10 CABINE 22 24 4X4 MPFI 98 GA,24,90259010,F
IE811,7898331573217,SENSOR DE TEMPERATURA D AGUA ESCORT VERONA CONVERSIVEL 20 AP EFI DIG,69,90259010,F
IE901,7898331574511,SENSOR DE TEMPERATURA DO AR PALIO 3P 5P 16 16V MPI 96/00 GAS/SIENA,117,90259010,F
IE2018,7898331575358,SENSOR DE TEMPERATURA DO PAINEL SIENA EL HL SPORT MTV 16 16V MPI 98 GAS,37,90259010,F
3013MTE,7893989001150,SENSOR DE PARTIDA A FRIO FUSCA 13 ATE 1986,20,90259090,F
4051MTE,7893989002010,SENSOR DE TEMPERATURA AGUA ELBA 16 MPI 8V 94 FIORINO UNO 16 MPI,34,90259090,F
3018MTE,7893989001181,SENSOR DE TEMPERATURA DO PAINEL ESCORT VERONA 18 20 93.LOGUS POINTER,34,90259090,F
PK20212,7898351763940,GUARNICAO DA FLANGE DA BOMBA DE COMBUSTI ASTRA/CORSA 99+,29,90261029,F
PK20230,7898351763971,GUARNICAO DA FLANGE DA BOMBA DE COMBUSTI FIAT PALIO ELBA UNO TEMPRA IE,24,90261029,F
PK20210,7898351763926,GUARNICAO DA FLANGE DA BOMBA DE COMBUSTI GOL LOGUS ESCORT MARWAL,21,90261029,F
PK20220,7898351763964,GUARNICAO DA FLANGE DA BOMBA DE COMBUSTI GOL PARATI SANTANA SAVEIRO KOMBI FIESTA,16,90261029,F
D15397,7892228153971,MEDIDOR DE COMBUSTIVEL (CARBURADO BOIA) CORCEL DEL REY 78 A 82 54LTS,237,90261029,F
221038001R,7894476011478,MEDIDOR DE COMBUSTIVEL (CARBURADO BOIA) ESCORT HOBBY 10 C/TUBO DE RETORNO 93/96,152,90261029,F
t090002,7898935146329,MEDIDOR DE COMBUSTIVEL (CARBURADO BOIA) FUSCA TODOS 77 EM DIANTE,71,90261029,F
V3013,7898181984737,MEDIDOR DE COMBUSTIVEL (CARBURADO BOIA) GOL VOYAGE ALC/GAS 80 A 82 305919051-,69,90261029,F
D19392,,MEDIDOR DE COMBUSTIVEL (CARBURADO BOIA) MONZA 83.90 AL/G,48,90261029,F
D20929,,MEDIDOR DE COMBUSTIVEL (CARBURADO BOIA) OPALA CARAVAN 79 A 84 65 LITS ALC,82,90261029,F
221030025R,,MEDIDOR DE COMBUSTIVEL (CARBURADO BOIA) PASSAT 83 ALC,148,90261029,F
T010182,7898935146879,MEDIDOR DE COMBUSTIVEL CELTA / PRISMA / AGILE / CLASSIC TODOS A,66,90261029,F
T010141,,MEDIDOR DE COMBUSTIVEL CELTA 2006./PRISMA 2007./ CORSA CLAS,66,90261029,F
T010093,7898911773990,MEDIDOR DE COMBUSTIVEL CORSA NOVO FLEX 2002.TODOS,87,90261029,F
T010064,7898911773648,MEDIDOR DE COMBUSTIVEL CORSA PICK-UP 00/04 VEICULOS CONVERTIDO,92,90261029,F
T010116,7898911774300,MEDIDOR DE COMBUSTIVEL PALIO SIENA 2004 ATE 10/2006 IDEA 2006/2,90,90261029,F
T010117,7898911774317,MEDIDOR DE COMBUSTIVEL STRADA 14 / 18 2005 ATE 03/2007 FLEX,90,90261029,F
T060001,7898911774560,MEDIDOR DE NIVEL DE COMBUSTIVEL(TUBULAR) PREMIO ELBA FIORINO MOTOR 13 15 60MM,144,90261029,F
T060004,7898911774591,MEDIDOR DE NIVEL DE COMBUSTIVEL(TUBULAR) UNO MILLE PREMIO ELBA FIORINO UNO TODOS,188,90261029,F
T060003,7898911774584,MEDIDOR TUBOLAR TEMPRA MPI 60MM 92.S/RETORNO PARAFUSO,109,90261029,F
T060009,7898911774645,MEDIDOR TUBOLAR UNO PREMIO ELBA FIORINO MOTOR 13 S/RET,128,90261029,F
2321DS,7898568761401,SENSOR DE NIVEL DE COMBUSTIVEL CELTA 2005/2006 CORSA 2006.PRISMA 200,96,90261029,F
2307DS,7898568761265,SENSOR DE NIVEL DE COMBUSTIVEL STRADA 14 / 18 2005 ATE 03/2007 FLEX,93,90261029,F
T010122,7898911774362,SENSOR DE NIVEL DE COMBUSTIVEL UNO MILLE FIRE FURGONETA 2006+2007 FLEX,92,90261029,F
T010061,7898911773617,SENSOR DE NIVEL DE COMBUSTIVEL UNO MILLE TODOS UNO MILLE EX FIRE SMART,120,90261029,F
1707DS,7898382483121,SENSOR MAP PRESSAO FIORINO 15 MPFI 99 +/PALIO 16 16V MPI,151,90262090,F
1806DS,7898382483251,SENSOR DE ROTACAO GM ASTRA 18 16V MPFI 03 + CELTA 10 8V,87,90318099,F
DPL8124,7898493640208,SENSOR DE ROTACAO PALIO FIRE 10-13 8V 03+ /PALIO FIRE FL,63,90318099,F
P2310,7898916089072,RELOGIO DO PAINEL INDICADOR DE COMB SEDAN 1300 77.82,47,91040000,F
P2130,7898917046418,RELOGIO DO PAINEL INDICADOR DE COMBUSTIVEL FUSCA 82 EM DIA,45,91040000,F
299246,7891200016693,2942514 LOCTITE SI 598 85G NEW PACK - HNK,90,32141010,G
221104,7891200016228,2569820 LOCTITE POWER CLEAN - DESCARBONIZANTE - HNK,29,38140090,G
72632,7894758135601,3PK0753 CORREIA MICRO V - GAT,90,40103100,G
53899,7894758161082,3PK0796SF CORREIA MICRO V ELASTICA - GAT,77,40103100,G
72069,7894758183428,3PK0940 CORREIA MICRO V - GAT,44,40103100,G
33257,7894758011318,4PK0675 CORREIA MICRO V - GAT,28,40103100,G
195647,,4PK855 CORREIA POLY V - DAY,32,40103100,G
285720,7898447712296,4PK860 CORREIA MULTI V - CNT,32,40103100,G
80055,7894758002163,5PK0925 CORREIA MICRO V - GAT,53,40103100,G
241308,,5PK1250 CORREIA POLY V - DAY,40,40103100,G
239925,,5PK1795 CORREIA POLY V - DAY,61,40103100,G
288136,,5PK995 CORREIA POLY V - DAY,45,40103100,G
53898,7894758161075,6PK1200SF CORREIA MICRO V ELASTICA - GAT,85,40103100,G
12322,7891551179122,6PK1220RNH CORREIA MULTI V - CNT,66,40103100,G
288923,7891551179122,6PK1220RNH CORREIA MULTI V - CNT,66,40103100,G
288150,,6PK1250 CORREIA POLY V - DAY,76,40103100,G
286116,7898447713705,6PK1795 CORREIA MULTI V - CNT,58,40103100,G
6548,7894758002897,7312 CORREIA V - GAT,34,40103200,G
6552,7894758000817,7330 CORREIA V - GAT,32,40103200,G
6554,7894758000831,7341 CORREIA V - GAT,34,40103200,G
6555,7894758000848,7344 CORREIA V - GAT,37,40103200,G
6558,7894758000299,7356 CORREIA V - GAT,24,40103200,G
6561,7894758000886,7362 CORREIA V - GAT,34,40103200,G
6563,7894758000893,7364 CORREIA V - GAT,26,40103200,G
6565,7894758000282,7374 CORREIA V - GAT,23,40103200,G
6569,7894758000947,7392 CORREIA V - GAT,40,40103200,G
6571,7894758000961,7398 CORREIA V - GAT,32,40103200,G
6572,7894758000350,7402 CORREIA V - GAT,36,40103200,G
6575,7894758000992,7410 CORREIA V - GAT,37,40103200,G
6576,7894758001005,7422 CORREIA V - GAT,40,40103200,G
41684,7894758007205,7427 CORREIA V - GAT,34,40103200,G
6578,7894758001036,7466 CORREIA V - GAT,34,40103200,G
6585,7894758001197,9325 CORREIA V - GAT,45,40103200,G
6594,7894758001326,9384 CORREIA V - GAT,42,40103200,G
6600,7894758001425,9406 CORREIA V - GAT,50,40103200,G
130471,7894758010427,9429 CORREIA V - GAT,55,40103200,G
33596,7894758001524,9477 CORREIA V - GAT,55,40103200,G
6663,7894758004471,30985X20 CORREIA SINCRONIZADORA CR - GAT,50,40103500,G
25915,7894758027531,40825X1XS CORREIA SINCRONIZADORA HNBR - GAT,151,40103500,G
80464,7894758062983,40956X22XS CORREIA SINCRONIZADORA HNBR - GAT,85,40103500,G
6674,7894758004907,41099X15 CORREIA SINCRONIZADORA - GAT,32,40103500,G
6679,7894758005331,41121X15 CORREIA SINCRONIZADORA CR - GAT,36,40103500,G
80051,7894758004020,96121X18XS CORREIA SINCRONIZADORA - GAT,69,40103500,G
80511,7891252003443,00344BE RETENTOR CAIXA MUDANCA - SAB,90,40169300,G
91018,7891252009049,00904BRGE RETENTOR RODA DIANT - SAB,23,40169300,G
188398,7891252070506,01095JOGO2 RETENTOR RODA TRAS - SAB,44,40169300,G
154763,7891252050232,01135BRP RETENTOR TRAS VIRABREQUIM - SAB,58,40169300,G
80796,7891252017648,01764BAGG RETENTOR RODA DIANT - SAB,29,40169300,G
219027,7891252018324,01832BR RETENTOR RODA TRAS - SAB,26,40169300,G
181717,7891252018331,01833BA RETENTOR EIXO PILOTO - SAB,47,40169300,G
80799,7891252018348,01834BAGE RETENTOR FLANGE TRAS - SAB,87,40169300,G
9063,7891252070681,01849BAG RETENTOR RODA TRAS - SAB,55,40169300,G
219425,7891252018508,01850BRGE RETENTOR RODA DIANT - SAB,36,40169300,G
82966,7891252018775,01877BAG RETENTOR FLANGE TRAS - SAB,21,40169300,G
178788,7891252018980,01898BRGEP RETENTOR PINHAO DIFERENCIAL - SAB,108,40169300,G
188392,7891252050324,01911BRG RETENTOR EIXO COMANDO VALVULAS - SAB,40,40169300,G
80800,7891252019185,01918BRGE RETENTOR RODA DIANT - SAB,34,40169300,G
146133,7891252019420,01942BRGP RETENTOR DIANT VIRABREQUIM - SAB,37,40169300,G
9179,7891252019451,01945BRGS RETENTOR TRAS VIRABREQUIM - SAB,74,40169300,G
219426,7891252019499,01949BR RETENTOR BOMBA INJETORA - SAB,23,40169300,G
82981,7891252020754,02075BREP RETENTOR EIXO PILOTO - SAB,61,40169300,G
9198,7891252050034,02178BRAGS RETENTOR EIXO COMANDO VALVULAS - SAB,34,40169300,G
82968,7891252023731,02373BRG RETENTOR CAIXA MUDANCA - SAB,85,40169300,G
80882,7891252025391,02539BRGP RETENTOR EIXO COMANDO VALVULAS - SAB,40,40169300,G
191067,7891252027418,02741BRGGP RETENTOR CAIXA MUDANCA - SAB,95,40169300,G
80844,7891252028453,02845BRAGF RETENTOR TRAS VIRABREQUIM - SAB,100,40169300,G
80856,7891252051598,05159BRAGF RETENTOR DIANT VIRABREQUIM - SAB,52,40169300,G
80883,7891252052663,05266BRAGF RETENTOR DIANT VIRABREQUIM - SAB,31,40169300,G
80254,7893026203240,8049 LA/720 LONA FREIO - FRA,52,68138190,G
80252,7893026203080,855 LA/720 LONA FREIO TRAS - FRA,48,68138190,G
80257,7893026203097,855-X LA/720 LONA FREIO TRAS - FRA,55,68138190,G
80258,7893026203301,CB/40 LA/720 LONA FREIO TRAS - FRA,39,68138190,G
80307,7893026203318,CB/40-X LA/720 LONA FREIO TRAS - FRA,44,68138190,G
80259,7893026203332,CB/41 LA/720 LONA FREIO TRAS - FRA,47,68138190,G
80262,7893026203578,FD/65 LA/720 LONA FREIO TRAS - FRA,39,68138190,G
80265,7893026203646,FI/90 LA/720 LONA FREIO TRAS - FRA,32,68138190,G
80488,7893026203820,VW/262-X LA/720 LONA FREIO DIANT/TRAS - FRA,47,68138190,G
80489,7893026203851,VW/264-X LA/720 LONA FREIO DIANT/TRAS - FRA,36,68138190,G
89712,7893026203882,VW/270-X LA/720 LONA FREIO DIANT - FRA,68,68138190,G
103008,7893026203899,VW/270-XX LA/720 LONA FREIO - FRA,69,68138190,G
127361,7893026203929,VW/271-XX LA/720 LONA FREIO - FRA,64,68138190,G
80300,7893026203936,VW/272 LA/720 LONA FREIO TRAS - FRA,45,68138190,G
80303,7893026204025,VW/275 LA/720 LONA FREIO TRAS - FRA,82,68138190,G
80491,7893026204032,VW/275-X LA/720 LONA FREIO TRAS - FRA,93,68138190,G
89682,7893026416961,VW/278-X LA/720 LONA FREIO TRAS - FRA,56,68138190,G
292005,7908189368788,MH42337M MOLA HELICOIDAL TRAS - AMX,274,73202010,G
222531,7891579092717,MC.EVW25M MOLA SUSP DIANT - COF,212,73202090,G
130407,7890903038285,MG 16536 AMORTECEDOR PORTA MALAS - NAK,98,83023000,G
87807,7892677003278,11.390 VALVULA RETENCAO OLEO - SDK,55,84099114,G
81222,7894766152003,"SNA2297 0,50 JG ANEL MOTOR SPA - MML",186,84099116,G
81045,7894766152584,SNA2353 STD JG ANEL MOTOR SPA - MML,194,84099116,G
86701,7894766448182,"SNA6539 STD JG ANEL 85,50 - MML",344,84099116,G
291723,7892637002075,207 VALVULA RETENCAO - APL,28,84099190,G
19115,7892637002730,273 ESCORA DO BALANCIM - APL,8,84099190,G
91036,7892637002747,274 ESCORA DO BALANCIM - APL,8,84099190,G
16127,,214131 BOMBA COMBUSTIVEL - BRO,112,84133010,G
16106,7898544291397,245400 BOMBA COMBUSTIVEL - BRO,240,84133010,G
32872,,245711 BOMBA COMBUSTIVEL - BRO,226,84133010,G
16114,7898544291076,251091 BOMBA COMBUSTIVEL - BRO,167,84133010,G
8378,7892677001014,10.105 BOMBA OLEO - SDK,263,84133030,G
8387,7892677001199,10.119 BOMBA OLEO - SDK,370,84133030,G
154097,7892677004480,20.025 BOMBA DAGUA - SDK,84,84133090,G
329515,7892677005302,20102 BOMBA DAGUA - SDK,96,84133090,G
51686,7890903023199,NKBA01749 BOMBA DAGUA - NAK,173,84133090,G
117686,7892391039843,UB0628 BOMBA DAGUA ALUMINIO - URB,120,84133090,G
122348,7892391040108,UB0942 BOMBA DAGUA - URB,151,84133090,G
117997,7892391056642,UB0947 BOMBA DAGUA - URB,109,84133090,G
84841,4047024773219,0986450238 FILTRO COMBUSTIVEL - BOS,37,84212300,G
206178,7891342003018,AG68 FILTRO COMBUSTIVEL - TEC,12,84212300,G
223626,7908189348865,FCO0407 FILTRO COMBUSTIVEL - AMX,21,84212300,G
219941,7908189348834,FCO1068 FILTRO COMBUSTIVEL - AMX,10,84212300,G
331500,7908189346212,FOL0145 FILTRO OLEO - AMX,20,84212300,G
186311,7891342008112,GI04/7 FILTRO COMBUSTIVEL - TEC,16,84212300,G
238946,7891342008112,GI04/7 FILTRO COMBUSTIVEL - TEC,18,84212300,G
186314,7891342004985,GI08/1 FILTRO COMBUSTIVEL - TEC,26,84212300,G
306496,7891342008204,GI40/7 FILTRO COMBUSTIVEL - TEC,24,84212300,G
186321,7891342004862,GI41 FILTRO COMBUSTIVEL - TEC,34,84212300,G
306870,7891342008181,GI50/7 FILTRO COMBUSTIVEL - TEC,18,84212300,G
306985,7891342008105,GI60/7 FILTRO COMBUSTIVEL - TEC,23,84212300,G
237482,7891342003025,GU86 FILTRO COMBUSTIVEL - TEC,8,84212300,G
71463,7892415670779,KL224/1 FILTRO COMBUSTIVEL GAS - MML,31,84212300,G
81016,7892415625816,KL583 FILTRO COMBUSTIVEL - MML,18,84212300,G
294346,7892415460516,OC259 FILTRO OLEO - MML,18,84212300,G
331858,7891342000673,PSL145 FILTRO OLEO - TEC,20,84212300,G
186660,7891342005395,PSL340 FILTRO OLEO - TEC,96,84212300,G
186670,7891342000123,PSL47 FILTRO OLEO - TEC,29,84212300,G
186676,7891342005296,PSL55 FILTRO OLEO - TEC,16,84212300,G
198894,7891342000581,PSL560 FILTRO OLEO - TEC,21,84212300,G
332920,7891342000581,PSL560 FILTRO OLEO - TEC,21,84212300,G
186682,7891342000222,PSL562 FILTRO OLEO - TEC,23,84212300,G
199978,7891342021784,PSL612 FILTRO OLEO - TEC,37,84212300,G
198895,7891342011679,PSL615 FILTRO OLEO - TEC,34,84212300,G
198896,7891342005364,PSL818 FILTRO OLEO - TEC,31,84212300,G
329774,7891342000208,PSL958 FILTRO OLEO - TEC,52,84212300,G
61997,4047025326902,0986BF0554 FILTRO CABINE STANDARD - BOS,18,84213990,G
309957,7891342005951,ACP005 FILTRO CABINE - TEC,24,84213990,G
185635,7891342017282,ACP008 FILTRO CABINE - TEC,28,84213990,G
308942,7891342011228,ACP121 FILTRO CABINE - TEC,34,84213990,G
185683,7891342007962,ACP303 FILTRO CABINE - TEC,20,84213990,G
278801,4011558808129,CU2336/2 ELEM. FILTRANTE AR COND. - MAN,18,84213990,G
219854,7908189347813,FCA0126 FILTRO CABINE - AMX,23,84213990,G
223621,7908189348230,FCA0709 FILTRO CABINE - AMX,20,84213990,G
223757,7908189348124,FCA1554 FILTRO CABINE - AMX,18,84213990,G
121991,7892415458643,LA11 FILTRO CABINE - MML,20,84213990,G
106483,4047025554824,0986B02318 FILTRO AR - BOS,44,84219910,G
185892,7891342002028,AR3147 FILTRO AR - TEC,61,84219999,G
241567,7891342002059,AR6016 FILTRO AR - TEC,39,84219999,G
313219,7891342002066,AR6084 FILTRO AR - TEC,53,84219999,G
185898,7891342002097,AR6193 FILTRO AR - TEC,23,84219999,G
328405,7891342002097,AR6193 FILTRO AR - TEC,23,84219999,G
311970,7891342002103,AR6194 FILTRO AR - TEC,26,84219999,G
309961,7891342002141,AR9620 FILTRO AR - TEC,29,84219999,G
185982,7891342011761,ARL4152 FILTRO AR - TEC,31,84219999,G
221654,7891342002196,ARL6091 FILTRO AR - TEC,28,84219999,G
186036,7891342004770,ARL6093 FILTRO AR - TEC,45,84219999,G
216893,7891342004770,ARL6093 FILTRO AR - TEC,44,84219999,G
186038,7891342005692,ARL6095 FILTRO AR - TEC,34,84219999,G
186039,7891342006217,ARL6096 FILTRO AR - TEC,23,84219999,G
186044,7891342008143,ARL7710 FILTRO AR - TEC,36,84219999,G
186057,7891342005791,ARL8825 FILTRO AR - TEC,28,84219999,G
186061,7891342013048,ARL8830 FILTRO AR - TEC,40,84219999,G
186063,7891342005340,ARL8834 FILTRO AR - TEC,15,84219999,G
186087,7891342005524,ARL9608 FILTRO AR - TEC,31,84219999,G
328412,7891342505833,ARS2869 FILTRO AR - TEC,82,84219999,G
186204,7891342010993,ART6098 FILTRO AR - TEC,29,84219999,G
217745,7891342023597,ART8860 FILTRO AR - TEC,48,84219999,G
276992,7893390202061,C1944 ELEM. FILTRANTE DO AR - MAN,13,84219999,G
277105,4011558202200,C2731/1 ELEM. FILTRANTE DO AR - MAN,58,84219999,G
223733,7908189344218,FAR8837 FILTRO AR - AMX,40,84219999,G
90195,7898298448764,LX1689 FILTRO AR - MAH,53,84219999,G
112444,7316571047102,6000-2Z ROLAMENTO - SKF,21,84821010,G
112451,7316577758644,6002-2Z ROLAMENTO - SKF,23,84821010,G
5848,4012801057554,6203.2ZR ROLAMENTO ALTERN DIANT - FAG,21,84821010,G
6859,7892166004298,5000172110 ROLAMENTO EMBREAGEM - LUK,92,84821090,G
186736,7316576689567,BAH-0031 D/VK210 ROLAMENTO RODA DIANT - SKF,124,84821090,G
186803,7316576689550,BAH-0036/VK210 ROLAMENTO RODA DIANT - SKF,127,84821090,G
186733,7316571525426,BAHB 636114 B/VK210 ROLAMENTO RODA DIANT - SKF,132,84821090,G
44193,0053893246673,30304-9TKA1 ROLAMENTO RODA DIANT EXT - TKN,95,84822010,G
136904,7893337578600,802749 ROLAMENTO RODA - MRT,32,84822010,G
112393,7316574426058,BT1-0605/Q ROLAMENTO RODA TRAS - SKF,56,84822010,G
5916,4014870014599,KL44649.L44610 ROLAMENTO RODA DIANT INT - FAG,40,84822010,G
5917,4012801036283,KLM11749.LM11710 ROLAMENTO RODA TRAS EXT - FAG,32,84822010,G
9679,0053893730318,L44649 / L44610 ROLAMENTO RODA TRAS INT - TKN,52,84822010,G
9697,0053893730110,LM11949/LM11910 ROLAMENTO RODA DIANT EXT - TKN,50,84822010,G
9704,0053893730394,LM67048 / LM67010 ROLAMENTO RODA DIANT INT - TKN,69,84822010,G
9685,0053893803654,M88048/M88010 ROLAMENTO PINHAO TRAS - TKN,103,84822010,G
222815,7908189351902,RM11749/11710 ROLAMENTO RODA TRASEIRA - AMX,29,84822010,G
276903,7908189363356,RM30304 ROLAMENTO RODA DIANT - AMX,56,84822010,G
276904,7908189363370,RM30305 ROLAMENTO RODA DIANT - AMX,55,84822010,G
222889,7908189351711,RM67048/67010 ROLAMENTO RODA DIANTEIRA - AMX,31,84822010,G
278547,7908189364742,RM84548/84510 ROLAMENTO DIFERENCIAL - AMX,82,84822010,G
219401,7316570170702,330757 C/QCL7CVA606 ROLAMENTO RODA DIANT - SKF,77,84822090,G
112262,7316572080337,LM 67048/010/QVK210 ROLAMENTO RODA DIANT - SKF,79,84822090,G
34806,7892415549174,"SBB-223-J-0,25 SPA BRONZINA BIELA - MML",120,84833029,G
85672,7892415549457,"SBB-280-J 0,25 SPA BRONZINA BIELA - MML",175,84833029,G
85671,7892415549273,SBB-280-J STD SPA BRONZINA BIELA - MML,175,84833029,G
34831,7892415549501,"SBB-390-J 0,25 SPA BRONZINA BIELA - MML",95,84833029,G
81264,7892415549891,SBC-105-J STD SPA BRONZINA MANCAL - MML,292,84833029,G
34847,7892415550309,"SBC-292-J-0,25 SPA BRONZINA MANCAL - MML",260,84833029,G
40665,7892415550538,SEC-083-J STD SPA BUCHA COMANDO VALVULA - MML,148,84833029,G
81269,7892415550569,SEC-084-J STD SPA BRONZINA EIXO COMANDO - MML,208,84833029,G
118743,,36131 POLIA MICRO V - GAT,66,84835090,G
182122,7908189301716,KC9140A KIT DISTRIBUICAO - AMX,148,84835090,G
182104,7908189325330,KC9460 KIT DISTRIBUICAO - AMX,237,84835090,G
60982,7894758086606,KS-200 KIT SINCRONIZADORA - GAT,165,84835090,G
263119,7894758269528,KS120 KIT SINCRONIZADORA - GAT,248,84835090,G
148020,7908189317878,RO4306 TENSOR CORREIA DENTADA - AMX,103,84835090,G
19763,,11302FLEX JUNTA CABECOTE MOTOR - SAB,82,84841000,G
9342,,46501FLEX JUNTA CABECOTE - SAB,96,84841000,G
180993,7891252822327,82232 JUNTA CABECOTE MOTOR - SAB,79,84841000,G
80830,,46506FLEXR JG JUNTA COMPL MOTOR C/RET - SAB,474,84849000,G
80828,7891252802183,46606EF8 JG JUNTA COMPL MOTOR C/RET - SAB,152,84849000,G
80539,7891252053394,00222BAG RETENTOR DIANT VIRABREQUIM - SAB,32,84879000,G
180488,7891252002248,00224BRG1P RETENTOR CAIXA MUDANCA - SAB,66,84879000,G
193298,7891252070339,00224BRGE1 RETENTOR EIXO PILOTO - SAB,66,84879000,G
8961,7891252009629,00962BR RETENTOR DIANT VIRABREQUIM - SAB,28,84879000,G
9165,7891252018379,01837BRGE RETENTOR EIXO PILOTO - SAB,52,84879000,G
82967,7891252020068,02006BAG RETENTOR EIXO COMANDO VALVULAS - SAB,34,84879000,G
80818,7891252023175,02317BRAGF RETENTOR DIANT VIRABREQUIM - SAB,114,84879000,G
177902,7891252023243,02324BRG RETENTOR RODA DIANT - SAB,36,84879000,G
225692,4047024656499,F000KE0P07 VELA IGNICAO SUPER PLUS - BOS,21,85111000,G
221244,4047024656536,F000KE0P11 VELA IGNICAO SUPER PLUS - BOS,20,85111000,G
241508,4047024656550,F000KE0P13 VELA IGNICAO SUPER PLUS - BOS,21,85111000,G
221570,4047024656727,F000KE0P30 VELA IGNICAO SUPER PLUS - BOS,26,85111000,G
223888,4047024656741,F000KE0P32 VELA IGNICAO SUPER PLUS - BOS,18,85111000,G
86612,4047024656789,F000KE0P36 VELA IGNICAO SUPER PLUS - BOS,24,85111000,G
226507,4047025961660,F000KE0P39 VELA IGNICAO SUPER PLUS - BOS,24,85111000,G
19514,3165143307687,F000ZS0103 BOBINA PLASTICA IGNICAO - BOS,160,85113020,G
82302,4047024841543,1234332215 ROTOR DISTRIBUIDOR - BOS,40,85119000,G
3839,7891009495941,9231086196 TAMPA DISTRIBUIDOR - BOS,108,85119000,G
3841,4047024852341,9231086370 TAMPA DISTRIBUIDOR - BOS,111,85119000,G
218357,4047024838529,9232081044 PLATINADO - BOS,60,85119000,G
3875,4047024841611,9232081442 TAMPA DISTRIBUIDOR - BOS,82,85119000,G
266402,7891100001751,175 PALHETA CONVENCIONAL DIANT (UN) - DYN,48,85129000,G
266547,7891100065180,DX18 PALHETA DX DIANT (PAR) - DYN,74,85129000,G
266410,7891100065203,DX20 PALHETA DX DIANT (PAR) - DYN,87,85129000,G
266920,7891100065210,DX21 PALHETA DX DIANT (PAR) - DYN,92,85129000,G
266463,7891100065234,DX23 PALHETA DX DIANT (PAR) - DYN,87,85129000,G
266915,7891100001133,R13 REFIL PALHETA TRAS (UN) - DYN,40,85129000,G
266483,7891100001140,R14 REFIL PALHETA TRAS (UN) - DYN,44,85129000,G
267378,7891100001164,R16 REFIL PALHETA TRAS (UN) - DYN,44,85129000,G
118824,7891100343516,S435 PALHETA SLIMPLUS DIANT (UN) - DYN,61,85129000,G
118825,7891100344018,S440 PALHETA SLIMPLUS DIANT (UN) - DYN,61,85129000,G
265654,7891100344513,S445 PALHETA SLIMPLUS DIANT (UN) - DYN,60,85129000,G
118828,7891100345312,S453 PALHETA SLIMPLUS DIANT (UN) - DYN,68,85129000,G
118829,7891100346012,S460 PALHETA SLIMPLUS DIANT (UN) - DYN,71,85129000,G
118830,7891100346517,S465 PALHETA SLIMPLUS DIANT (UN) - DYN,79,85129000,G
137215,7891100350804,S508 PALHETA NOVA SLIM - DYN,92,85129000,G
137216,7891100350903,S509 PALHETA NOVA SLIM - DYN,84,85129000,G
137199,7891100351405,S514 PALHETA NOVA SLIM - DYN,45,85129000,G
137201,7891100351603,S516 PALHETA NOVA SLIM - DYN,44,85129000,G
137202,7891100351801,S518 PALHETA NOVA SLIM - DYN,45,85129000,G
137204,7891100352006,S520 PALHETA NOVA SLIM - DYN,45,85129000,G
137205,7891100352105,S521 PALHETA NOVA SLIM - DYN,45,85129000,G
137206,7891100352204,S522 PALHETA NOVA SLIM - DYN,50,85129000,G
137208,7891100352600,S526 PALHETA NOVA SLIM - DYN,58,85129000,G
60268,7891100304227,SD4 PALHETA SLIM SD DIANT (PAR) - DYN,112,85129000,G
60270,7891100306221,SD6 PALHETA SLIM SD DIANT (PAR) - DYN,111,85129000,G
60271,7891100307228,SD7 PALHETA SLIM SD DIANT (PAR) - DYN,111,85129000,G
3888,4047025311434,9295080016 CABO IGNICAO - BOS,92,85443000,G
3912,4047026263220,9295080047 CABO IGNICAO - BOS,135,85443000,G
3914,4047026263381,9295080049 CABO IGNICAO - BOS,132,85443000,G
29024,7891009356167,F00099C125 CABO IGNICAO - BOS,186,85443000,G
235022,7892679060132,N-201 PASTILHA FREIO - COB,80,87083019,G
235064,7892679064048,N-286 PASTILHA FREIO - COB,157,87083019,G
235076,7892679060262,N-302 PASTILHA FREIO - COB,77,87083019,G
235146,7892679061306,N-505 PASTILHA FREIO - COB,74,87083019,G
238364,7892679161969,N208P PASTILHA FREIO - COB,76,87083019,G
80276,7893026006827,PD/42 PD/1788 PASTILHA FREIO DIANT - FRA,69,87083019,G
80277,7893026007367,PD/43 PD/1788 PASTILHA FREIO DIANT - FRA,66,87083019,G
1402,7892403365151,0986AB8621 CILINDRO MESTRE DUPLO S/ REVERV - BFR,360,87083090,G
19518,7894758004051,40812X20XS CORREIA SINCRONIZADORA - GAT,132,87083090,G
217827,7893233012406,BD1240 DISCO FREIO SOLIDO DIANT - FRX,111,87083090,G
66894,7893049140409,C-1404 REPARO VEDACAO FREIO A DISCO - CTL,45,87083090,G
66854,7893049144308,"C-1443 REPARO VEDACAO PINCA 48,00MM - CTL",21,87083090,G
66331,7893049147910,"C-1479 REPARO VEDACAO PINCA 48,00MM - CTL",36,87083090,G
66436,7893049152594,C-1525 REPARO VEDACAO FREIO A DISCO - CTL,37,87083090,G
66972,7893049156820,C-1568 REPARO VEDACAO FREIO A DISCO - CTL,42,87083090,G
135748,7893049175036,C-1750 VALVULA RETENCAO VACUO BRANCA - CTL,40,87083090,G
135775,7893049175371,C-1753 VALVULA RETENCAO VACUO - CTL,36,87083090,G
66853,7893049200066,C-2000 CILINDRO MESTRE DUPLO S/RESERV - CTL,173,87083090,G
66333,7893049200226,C-2002 CILINDRO MESTRE DUPLO S/RESERV - CTL,306,87083090,G
66910,7893049200301,"C-2003 CILINDRO MESTRE SIMPLES 17,46 MM - CTL",186,87083090,G
66466,7893049201032,C-2010 CILINDRO MESTRE DUPLO S/RESERV - CTL,223,87083090,G
66926,7893049201704,C-2017 CILINDRO MESTRE S/RESERV - CTL,208,87083090,G
66928,7893049201896,C-2018 CILINDRO MESTRE DUPLO S/RESERV - CTL,285,87083090,G
66963,7893049206006,C-2060 CILINDRO MESTRE DUPLO S/RESERV - CTL,287,87083090,G
228208,7893049339926,"C-3399 CILINDRO RODA DIANT D25,40 MM LE - CTL",101,87083090,G
228469,7893049340007,"C-3400 CILINDRO RODA DIANT D25,40 MM LD - CTL",100,87083090,G
66920,7893049340182,"C-3401 CILINDRO RODA DIANT D25,40 MM LE - CTL",98,87083090,G
66918,7893049340267,"C-3402 CILINDRO RODA DIANT D25,40 MM LD - CTL",98,87083090,G
333486,7893026304190,FI/97-CP LA/720 SAPATA FREIO C/LONA COLADA - FRA,98,87083090,G
202996,4053203402658,RCCD00500 CILINDRO MESTRE DUPLO S/ REVERV - VAR,279,87083090,G
10599,4053203402641,RCCD00680 CILINDRO MESTRE DUPLO S/ RESERV - VAR,184,87083090,G
225802,7897483400372,RCCD27891 CILINDRO MESTRE DUPLO S/ REVERV - VAR,221,87083090,G
10652,7897483400839,RCCM22946 CILINDRO MESTRE S/ RESERVATORIO - VAR,253,87083090,G
10689,4053203402566,RCCR00821 CILINDRO RODA TRAS - VAR,88,87083090,G
83198,7897483468303,RCCR01400 CILINDRO RODA TRAS - VAR,58,87083090,G
185591,7897483401607,RCCR21561 CILINDRO RODA TRAS - VAR,85,87083090,G
262869,7897483401652,RCCR22957 CILINDRO RODA TRAS - VAR,119,87083090,G
10732,7897483401805,RCCR23805 CILINDRO RODA TRAS - VAR,84,87083090,G
233201,7897483401959,RCCR27851 CILINDRO RODA TRAS - VAR,90,87083090,G
222569,7908189350158,CT5153 CRUZETA - AMX,53,87085099,G
262633,7891579015624,JDC01306 JUNTA HOMOCINETICA DESLIZANTE - COF,232,87085099,G
219558,7891579015679,JHC01105 JUNTA HOMOCINETICA FIXA - COF,165,87085099,G
219582,7891579093226,JHC03116 JUNTA HOMOCINETICA FIXA - COF,228,87085099,G
237463,7894873008545,54006K KIT RODA TRAS - COR,56,87087090,G
186737,7316574646418,VKBA 4529 A KIT RODA TRAS - SKF,92,87087090,G
112483,7316574646432,VKBA 4544 A KIT ROLAMENTO RODA EIXO TRAS - SKF,100,87087090,G
232499,4909500907269,443026 AMORTECEDOR DIANT - KYB,176,87088000,G
220094,7899013309285,503004 PIVO SUSPENSAO INF - VIE,112,87088000,G
140426,7899027351638,808030MM AMORTECEDOR TRAS - MON,354,87088000,G
185402,7890903038940,AC 30726 AMORTECEDOR TRAS - NAK,191,87088000,G
179989,7897499905519,AC 30830 AMORTECEDOR DIANT - NAK,183,87088000,G
80688,,CT 32552 AMORTECEDOR DIANT - NAK,245,87088000,G
233824,7890903036649,HG 31038 AMORTECEDOR TRAS - NAK,244,87088000,G
10414,7897499917574,N 1020 PIVO SUSPENSAO INF - NAK,66,87088000,G
10424,7897499915259,N 1032 PIVO SUSPENSAO INF - NAK,111,87088000,G
10238,7897499910018,N 111 PIVO SUSPENSAO SUPERIOR - NAK,71,87088000,G
10239,7897499910025,N 112 PIVO SUSPENSAO INF - NAK,71,87088000,G
10436,7897499915280,N 2018 PIVO SUSPENSAO SUPERIOR - NAK,92,87088000,G
10442,7897499915464,N 3004 PIVO SUSPENSAO INF - NAK,88,87088000,G
10314,7890903055633,N 324 PIVO SUSPENSAO SUPERIOR - NAK,109,87088000,G
10315,7897499910056,N 325 PIVO SUSPENSAO INF - NAK,117,87088000,G
26100,2000000120423,N 6058 PIVO SUSPENSAO INF - NAK,45,87088000,G
118961,7898272280915,228091. KIT EMBREAGEM 3P - VAL,397,87089300,G
81389,,30-376 CABO EMBREAGEM - FAN,71,87089300,G
82652,,34-278 CABO EMBREAGEM - FAN,72,87089300,G
81401,,61-421 CABO EMBREAGEM - FAN,92,87089300,G
84370,7893015031984,61-459 CABO EMBREAGEM - FAN,72,87089300,G
86218,7899046604920,61-501 CABO EMBREAGEM - FAN,50,87089300,G
30609,7892294626706,6267 KIT EMBREAGEM - SAC,436,87089300,G
9568,7892294656109,6561 KIT EMBREAGEM - SAC,639,87089300,G
123471,7897499917512,N 1019 BARRA DIRECAO REGULAVEL - NAK,432,87089482,G
136471,7897499915181,N 1025 BARRA DIRECAO REGULAVEL - NAK,236,87089482,G
142456,7897499913040,N 163 BARRA DIRECAO REGULAVEL - NAK,436,87089482,G
112673,7892724414781,2-13-139-1G KIT REPARO JUNTA HOMOCINETICA - SPI,64,87089990,G
81561,7892724414996,2-13-479G KIT REPARO JUNTA HOMOCINETICA - SPI,77,87089990,G
83235,7892724415054,2-13-569-1G KIT REPARO JUNTA HOMOCINETICA - SPI,39,87089990,G
81387,,30-353 CABO VELOCIMETRO - FAN,61,87089990,G
82573,7893015013713,61-001 CABO VELOCIMETRO - FAN,44,87089990,G
81399,,61-436 CABO ACELERADOR - FAN,63,87089990,G
85168,7893015039768,81-133 CABO ACELERADOR - FAN,44,87089990,G
10247,7897499911091,N 120 TERMINAL DIRECAO - NAK,69,87089990,G
121430,7897499911077,N 124 TERMINAL DIRECAO - NAK,120,87089990,G
10273,2000000123417,N 183 TERMINAL DIRECAO - NAK,58,87089990,G
10438,7897499915303,N 2020 TERMINAL DIRECAO - NAK,74,87089990,G
10441,7897499915457,N 3003 TERMINAL DIRECAO - NAK,80,87089990,G
109703,7890903065946,NKJ139-1 KIT REPARO JUNTA HOMOCINETICA - NAK,56,87089990,G
109729,7890903063065,NKJ209 KIT REPARO JUNTA HOMOCINETICA - NAK,37,87089990,G
197860,7908189314945,RK42594M KIT SUSPENSAO TRAS PARC 02L - AMX,127,87089990,G
218432,4047026500677,1986AE0009 REGULADOR MONOFUNCAO - BOS,44,90328911,G
64011,7898275014029,LIMPA HIDRATA COURO 200ML,16,34029039,H
6698,7896218601664,HIDRATANTE COURO 170G,15,39100019,H
76334,7898434004847,EMBLEMA RODA 48MM FIAT VERMELHO (4 UN),15,39199090,H
82905,7898434003512,EMBLEMA RODA 51MM VW (4 UN),15,39199090,H
82919,7898434000382,EMBLEMA RODA 58MM GM PR (4 UN),15,39199090,H
70348,7899965200050,CAPA VEIC G FORRO TETO+CAPO+PORTA MALAS,130,39262000,H
3353,7898436642160,FRISO CALHA TETO GOL 80/94,10,39263000,H
3355,7898436642184,FRISO CALHA TETO PARATI /95,12,39263000,H
49572,7898357410015,FRISO CROM 07MM X 25M UNIV,135,39263000,H
98949,7908262116220,"MOLDURA RADIO 9"" STRADA 20/ PR FOSCO CH",349,39263000,H
70779,,CORNETA 14-50 METALIZADA PANICO LATERAL VIOLETA,23,39269090,H
75158,7897186022581,FUNIL C/ 4 PECAS,5,39269090,H
8328,7893946027100,FUNIL FLEXIVEL PR MULTIUSO VONDER,47,39269090,H
84863,7898498773178,FUNIL SANFONADO 415MM VERM,15,39269090,H
9510,,PINO LIMITADOR LINGUETA CINTO SEG (10 UN),42,39269090,H
99186,7898478318757,"TELA ALTO FALANTE 6"" PR CLASSIC (2 UN)",8,39269090,H
75490,7897186009186,"ELASTICO BAGAGEIRO 1,5M (10 UN)",53,40070019,H
88825,7897186006277,"ELASTICO BAGAGEIRO 1,5M (3 UNID)",7,40070019,H
74777,4534534535395,CAPA VOLANTE 38CM PR CROMO FRONTAL,36,40161090,H
74612,4534534535272,CAPA VOLANTE 38CM TYPE R PR/ROSA BORDADO,36,40161090,H
69807,7898426710466,TAPETE FUSCA PR (4 PCS),111,40169100,H
6921,7896511313257,TAPETE ASTRA 99/11 PR (3 PCS),84,40169990,H
9944,7896511313288,TAPETE CACAMBA STRADA CURTA 03/07 PR (2 PCS),196,40169990,H
9841,7896511300264,TAPETE FUSCA PR (4 PCS),98,40169990,H
76335,7898434000450,EMBLEMA RODA 51MM PUNTO VINHO RESINADO (4 UN,29,49119900,H
18428,7898929629401,FITA FELTRO ADESIVA ANTIRRUIDO 8M X 25MM X 1,26,56022100,H
74970,7898947687667,REDE CAPACETE 35X35CM VM,8,56041000,H
7422,7897186001159,"CATRACA AMARRACAO CARGA 2,5CM X 4,5M AMARELA",16,56090090,H
73143,7898929629494,FITA ISOLANTE DE TECIDO 10M,31,59061000,H
74958,7898623812727,CAPA MOTOCICLISTA M CALCA+JAQUETA MOTOSPEED FEMIN,108,62101000,H
74957,7898623812710,CAPA MOTOCICLISTA P CALCA+JAQUETA MOTOSPEED,108,62101000,H
74748,,CAPA VEIC GOLD G FORRO PARCIAL C/CADEADO,196,63079090,H
74743,,CAPA VEIC GOLD G FORRO PARCIAL S/CADEADO,159,63079090,H
74744,,CAPA VEIC GOLD GG FORRO PARCIAL S/CADEADO,151,63079090,H
74742,,CAPA VEIC GOLD M FORRO PARCIAL S/CADEADO,149,63079090,H
74745,,CAPA VEIC GOLD M SUPER FORRO PARCIAL S/CADEA,149,63079090,H
74741,,CAPA VEIC GOLD P FORRO TETO+CAPO+PORTA MALAS S/CAD,108,63079090,H
74794,,CAPA VEIC SILVER G FORRO PARCIAL S/CADEADO,128,63079090,H
74795,,CAPA VEIC SILVER GG FORRO PARCIAL S/CADEADO,128,63079090,H
74796,,CAPA VEIC SILVER M SUPER FORRO TETO+CAPO+P MAL S/C,85,63079090,H
74792,,CAPA VEIC SILVER P FORRO TETO+CAPO+P MALAS S/CAD,74,63079090,H
56533,7908227206751,CAPACETE COQUINHO COM OCULOS,194,65061000,H
59452,7898420045113,ESPELHO 206/207 98/ METALIZADO C/BASE LD,45,70091000,H
59453,7898420045120,ESPELHO 206/207 98/ METALIZADO C/BASE LE,45,70091000,H
58360,7898559041178,ESPELHO CELTA 00/05 CR LD,85,70091000,H
59075,7896583200370,ESPELHO CHEVETTE 87/93 CR LE,52,70091000,H
58911,,ESPELHO ESCORT 87/92 APOLLO/VERONA 89/93 CR LE,50,70091000,H
5803,,ESPELHO FIORINO 91/97 LD,52,70091000,H
5804,7898395273115,ESPELHO FIORINO 91/97 LE,52,70091000,H
5852,7898395173118,ESPELHO KOMBI 76/96 PR LD/LE,16,70091000,H
58283,7898559042281,ESPELHO PALIO 96/02 2P FIXO LD,53,70091000,H
58366,7898395171114,ESPELHO UNIV MOD BLICK PR LD/LE,16,70091000,H
58906,7898395175518,ESPELHO UNO 88/95 FIXO LD,18,70091000,H
58979,7898395175624,ESPELHO UNO 89/ CR LD,74,70091000,H
58361,7898559041185,RETROVISOR EXT CELTA 00/05 2/4P C/CONTROLE L,87,70091000,H
58972,7898395271234,RETROVISOR EXT CELTA 00/05 2/4P C/CONTROLE L,148,70091000,H
58971,7898395171251,RETROVISOR EXT CELTA 00/06 2/4P C/CONTROLE L,148,70091000,H
59746,7898395176515,RETROVISOR EXT CORSA 94/ CASSIC 02/ S/CONTRO,77,70091000,H
59747,7898395276512,RETROVISOR EXT CORSA 94/ CASSIC 02/ S/CONTRO,77,70091000,H
58904,7898395176522,RETROVISOR EXT CORSA 94/ CLASSIC 02/ C/CONTR,104,70091000,H
55550,7896583212014,RETROVISOR EXT CORSA 94/01 CLASSIC 02/ C/CON,92,70091000,H
55551,7896583212021,RETROVISOR EXT CORSA 94/01 CLASSIC 02/ C/CON,98,70091000,H
58910,,RETROVISOR EXT ESCORT/VERONA 89/93 C/CONTROL,69,70091000,H
58390,7898559040171,RETROVISOR EXT GOL 95/99 2P C/CONTROLE LD,88,70091000,H
58391,7898559040188,RETROVISOR EXT GOL 95/99 2P C/CONTROLE LE,112,70091000,H
58914,7898395179523,RETROVISOR EXT GOL/PAR/SAV 95/99 2P C/CONTRO,108,70091000,H
59077,7896583214506,RETROVISOR EXT KADETT/IPANEMA 89/98 C/CONTRO,106,70091000,H
5876,7898395176126,RETROVISOR EXT KOMBI 97/ S/CONTROLE LD,119,70091000,H
5877,7898395176317,RETROVISOR EXT KOMBI 97/ S/CONTROLE LE,132,70091000,H
9307,7898420040101,RETROVISOR EXT UNO 84/ 2/4P S/CONTROLE FIXO,45,70091000,H
75493,7897186022031,"ESPELHO AUX CONVEXO 3"" 76MM AUTOADESIVO",8,70099200,H
76000,7908238900884,PARAFUSO CROM RODA CONICO AUDI/FOX/GOLF/05 V,104,73181500,H
7613,7908238900549,PARAFUSO CROM RODA FIAT LONGO,90,73181500,H
7602,7908238900860,PARAFUSO CROM RODA FUSCA/BRASILIA/KOMBI,76,73181500,H
7603,7898434008654,PARAFUSO CROM RODA GM/FORD/RENAULT CH 19 16,80,73181500,H
7604,7898433997157,PARAFUSO CROM RODA MONZA 94/96 KAD/CORS/CELTA CH17,36,73181500,H
76006,7908238900877,PARAFUSO CROM RODA MULTI CONICO LONGO GM/ VW,88,73181500,H
7612,7908238900532,PARAFUSO CROM RODA PALIO/WEEKEEND/SIENA,77,73181500,H
7611,7908238900556,PARAFUSO CROM RODA UNO 12/ STILO/PUNTO/IDEA/,76,73181500,H
7610,7908238900525,PARAFUSO CROM RODA UNO/TEMPRA/MAREA/BRAVA,76,73181500,H
7601,7908238900853,PARAFUSO CROM RODA VW/FORD/GM/RENAULT MULTI,69,73181500,H
7600,7908238900846,PARAFUSO CROM RODA VW/FORD/GM/RENAULT PGV ES,80,73181500,H
74815,7898433994835,PRISIONEIRO RODA DI/TR CIVIC/ FIT TODOS (5 U,64,73181500,H
76312,7908238900501,PORCA CROM RODA COROLLA CH 21 ARRUELA ORIG,165,73181600,H
7614,7908238900648,PORCA CROM RODA FORD/GM/VW/HONDA/MITSUBISHI,104,73181600,H
74800,7908238900426,PORCA CROM RODA HONDA/GM/FORD/VW/CHERY (20 U,103,73181600,H
74801,7908238900495,PORCA CROM RODA HYUNDAI/COROLLA CH 21 (20 UN),119,73181600,H
7617,7908238900785,PORCA CROM RODA S10/BLAZER/CRUZE/OPALA/CARAV,130,73181600,H
7865,,LINGUETA CINTO SEG 3 PONTOS UNIVERSAL,29,73269090,H
75386,7895467050681,ADAPTADOR PRESSAO OLEO FUSCA/BRASILIA/GOL AR,47,74122000,H
75318,7895467049913,COPO INSTRUMENTO 52MM CROM C/ ABRACADEIRA CR,47,76169900,H
83642,7897186009469,CHAVE FILTRO OLEO,24,82055900,H
88828,7897186014593,KIT CHAVE 25 ALLEN LONGA,45,82055900,H
75160,7897186002811,KIT CHAVE TORX 10 C/ ARGOLA,16,82055900,H
77498,7893946171353,ESTILETE 18MM CORPO ALUMINIO VONDER,87,82119390,H
84067,7898613227234,TRAVA VOLANTE PEDAL 2 CHAVES TETRA C/ALGEMA,45,83012000,H
88657,4664589102232,TRAVA VOLANTE PEDAL 2 CHAVES TETRA C/ALGEMA,53,83012000,H
41250,7899932710018,TRAVA VOLANTE PEDAL 2 CHAVES TETRA VM,44,83012000,H
72272,7895399290773,BOTAO ACION CHAVE HB20,10,83017000,H
13494,,CAPA CHAVE CANIVETE COMPATIVEL PAL/PUN/STI/U,47,83017000,H
80105,7898253491460,CINTA CD PLAYER PIONNER PRATA,13,83023000,H
80107,7898253491507,CINTA CD PLAYER SONY PRATA,13,83023000,H
88376,7899565602070,TRAVA VOLANTE PEDAL 2 CHAVES TETRA C/ALGEMA,56,83023000,H
7462,7898325940025,TRIANGULO SEGURANCA BASE LEVE UNIV,23,83100000,H
7418,7898325941015,TRIANGULO SEGURANCA BASE PESADA PR,37,83100000,H
64092,7898325943101,BOMBA SUGAR COMBUSTIVEL,13,84132000,H
80901,7898916653518,BASE P/ CARBURADOR ALUM LUST/POLI MT 2E/3E,136,84213100,H
93801,7898916654911,BASE P/ CARBURADOR DFV 446 ACO INOX,76,84213100,H
93587,7898916654102,FILTRO CONICO 12X15CM / INJ 1.0 A 1.8 62/70M,136,84213100,H
93814,7898916655413,FILTRO CONICO 52MM AZUL BASE BORRACHA,69,84213100,H
93816,7898916655420,FILTRO CONICO 52MM BRANCO BASE BORRACHA,69,84213100,H
93815,7898916655000,FILTRO CONICO 52MM VERM BASE BORRACHA,69,84213100,H
93818,7898916655062,FILTRO CONICO 62MM VERM BASE BORRACHA,58,84213100,H
93820,7898916655086,FILTRO CONICO 70MM AZUL BASE BORRACHA,87,84213100,H
93821,7898916655123,FILTRO CONICO 70MM VERM BASE BORRACHA,69,84213100,H
93600,7898916653136,FILTRO CONICO P/ TURBO/INJ TECIDO LAV 62MM A,87,84213100,H
93578,7898916653198,FILTRO CONICO P/ TURBO/INJ TECIDO LAV 70MM A,69,84213100,H
93565,7898916653013,FILTRO CONICO TELADO BAIXO 52MM (ALTURA 60MM,56,84213100,H
93566,7898916653020,FILTRO CONICO TELADO BAIXO 62MM (ALTURA 60MM,56,84213100,H
93804,7898916654942,FILTRO P/ CARBURADOR OVAL UNIV AZUL (TECIDO),71,84213100,H
93628,7898916653457,FILTRO P/ CARBURADOR OVAL UNIV PR (TELADO),44,84213100,H
93805,7898916654959,FILTRO P/ CARBURADOR OVAL UNIV VERM (TECIDO),71,84213100,H
93811,7898916655024,FILTRO RESPIRO OLEO 18MM AMARELO (TECIDO),23,84213100,H
93619,7898916653433,FILTRO RESPIRO OLEO 18MM AMARELO (TELADO),45,84213100,H
93809,7898916654997,FILTRO RESPIRO OLEO 18MM AZUL (TECIDO),84,84213100,H
93615,7898916653419,FILTRO RESPIRO OLEO 18MM AZUL (TELADO),45,84213100,H
93618,7898916653440,FILTRO RESPIRO OLEO 18MM CROM (TELADO),45,84213100,H
93810,7898916655017,FILTRO RESPIRO OLEO 18MM VERM (TECIDO),24,84213100,H
93616,7898916653426,FILTRO RESPIRO OLEO 18MM VERM (TELADO),45,84213100,H
93597,7898916654201,FILTRO TWISTER DUPLO FLUXO 62/70MM AZUL,117,84213100,H
7552,7896571900541,MACACO JOELHO LIGHT ATE 650KG,149,84254910,H
7131,7896571900466,MACACO KOMBI MOD ORIG,370,84254910,H
55455,7898325941602,ADAPTADOR 12V 2 ENTRADAS USB+CHICOTE UNIV PR,28,85044010,H
98883,7898587423922,CARREGADOR CELULAR 12V/24V 2 USB EXTENSOR,60,85044010,H
90891,7898202111043,CARREGADOR CELULAR 12V/24V 2 USB TOMADA,47,85044010,H
10331,6942559765709,BATERIA CR2025 3V LITHIUM (5 UN),15,85065010,H
91724,7897789632743,BATERIA CR2032 3V LITHIUM (5 UN),44,85065010,H
80079,7898253500896,PILHA ALARME ALCALINA 12V A23 PERMAK (5 UN),24,85065090,H
89568,7898253500902,BATERIA CR2016 3V LITHIUM (5 UN),12,85068010,H
89569,7898253500926,BATERIA CR2032 3V LITHIUM (5 UN),15,85068010,H
41343,7899838828541,ASPIRADOR DE PO MINI 12V 60W 1500PA SOLIDO/L,74,85081100,H
88301,7898935230035,ASPIRADOR DE PO MINI 12V,50,85086000,H
90815,,FAROL AUX QUADRADO 12/24V 27W 9 LED BR (2 UN,31,85122011,H
10775,9000000031333,FAROL AUX QUADRADO 12/24V 9 LED 27W,28,85122011,H
90777,,FAROL AUX QUADRADO 12/36V 9 LED 27W BR,24,85122011,H
90839,,FAROL AUX REDONDO 12/24V 27W 9 LED BR (2 UN),31,85122011,H
10776,9000000031357,FAROL AUX REDONDO 12/24V 9 LED 27W,28,85122011,H
90829,,FAROL AUX RETANGULAR 12/24V 18W 6 LED SLIM,45,85122011,H
92673,7896000111814,FAROL AUX RETANGULAR 12/24V 6 LED 18W,64,85122011,H
3973,7897652202349,FAROL BRASILIA/VARIANT TL EXTERNO C/VIGIA,76,85122011,H
72460,6097963202354,FAROL AUX QUADRADO 12/24V 9 LED 27W BR,24,85122019,H
72459,6097963202347,FAROL AUX REDONDO 12/24V 9 LED 27W BR,24,85122019,H
72458,6097963202323,FAROL AUX RETANGULAR 12V 6 LED 18W BR,36,85122019,H
34993,6949999839038,KIT FAROL AUX CELTA/PRISMA 07/11 INT MOD ORI,255,85122021,H
1532,7898235751506,LANT DD CR ESCORT 87/92 APOLLO/VERONA 90/92,31,85122022,H
1256,7898235751292,LANT DE AM GOL/PAR/SAV 95/99 MOD C,16,85122022,H
1270,7898235751094,LANT DE AM GOL/VOY 91/94 MOD C,15,85122022,H
3054,7898941542481,LANT NEBLINA PARACHOQUE GOL 95/99 RUBI (POLICARB),13,85122022,H
3053,7898941542498,LANT NEBLINA PARACHOQUE PARATI 96/99 RUBI(POLICAR),13,85122022,H
2794,7898598580096,LANT REFLETORA TD PARACHOQUE CORSA 02/ VM (ACR),21,85122022,H
2795,7898598580102,LANT REFLETORA TE PARACHOQUE CORSA 02/ VM (ACR),21,85122022,H
2484,7898598580010,LANT TD CORSA 00/01 SEDAN RE FUME (ACRILICO),53,85122022,H
2532,7898943778314,LANT TD UNO 84/03 FUME (PS),32,85122022,H
2485,7898598580027,LANT TE CORSA 00/01 SEDAN RE FUME (ACRILICO),53,85122022,H
2533,7898943778321,LANT TE UNO 84/03 FUME (PS),32,85122022,H
59106,7899814900544,LANT TD ESCORT 87/92,55,85122023,H
59107,7899814900568,LANT TE ESCORT 87/92,95,85122023,H
2951,7898943778239,LENTE TE UNO 84/03 TRICOLOR (PS),24,85122029,H
65014,7898252654675,BUZINA CARACOL 12V 2 TERM GRAVE E AGUDO UNIV,68,85123000,H
65007,7898252654699,BUZINA CARACOL 12V VW 98/,28,85123000,H
69373,,BRACO CARENADO TRAS C/ PALHETA PALIO 01/,48,85129000,H
86443,7899562605913,BRACO TRAS C/ PALHETA CORSA/CELTA 04/ PALHET,58,85129000,H
82153,7898516320315,BRACO TRAS C/ PALHETA PALIO 96/16,58,85129000,H
86441,7899562602646,BRACO TRAS C/ PALHETA PALIO 96/17,55,85129000,H
10932,7898175232653,BRACO TRAS PALIO 96/ (ENCAIXE PALHETA GT13),103,85129000,H
30445,,BRUCUTU TRASEIRO UNO 84/09,12,85129000,H
59114,7899814902296,LENTE TD/TE FUSCA /75 1300 BICOLOR,12,85129000,H
59115,7899814902319,LENTE TD/TE FUSCA 76/78 1500 TRICOLOR,20,85129000,H
59641,7899814900100,LENTE TD/TE FUSCA 79/ FAFA TRICOLOR,32,85129000,H
55471,7898938361453,MOLDURA LANT KOMBI 99/ GOL/SAV/PAR 94/02 MET,8,85129000,H
95942,7898656410280,"KIT QUADRIAXIAL 5"" 70W RMS 4 OHM LESON",96,85182100,H
99203,7898338312765,"KIT QUADRIAXIAL 6X9"" 150W RMS 4 OHM (QR 69)P",269,85182100,H
96108,7897183020238,"KIT QUADRIAXIAL 6X9"" 200W RMS 4 OHM BBMAX",264,85182100,H
98606,7897183021440,"KIT TRIAXIAL 5"" 50W RMS 4 OHM BBR CARCACA ACO",84,85182100,H
99201,7898338314042,"KIT TRIAXIAL 6"" 50W RMS 4 OHM (TRIAK 6)",119,85182100,H
99404,7898656410013,KIT QUADRIAXIAL 5'' 55W RMS 4 OHM,84,85182990,H
99405,7898923104225,KIT QUADRIAXIAL 6'' 55W RMS 4 OHM,60,85182990,H
91995,7899487910277,"KIT TRIAXIAL 4"" 45W RMS (ATP4050)",74,85182990,H
78893,7892787019442,"KIT TRIAXIAL 5"" 50W RMS (B3X50X)",136,85182990,H
54581,7892787020219,"KIT TRIAXIAL 6"" 50W RMS (B3X60G) GOLD",120,85182990,H
80315,7898253496809,TWEETER 160W,15,85182990,H
77895,7896359508631,REPARO DRIVER 250X (RPD250X),48,85189010,H
7061,7898253491422,"TELA ALTO FALANTE 6"" MOD ARLEN (PAR)",12,85189010,H
7339,7898253497332,"TELA ALTO FALANTE 6"" PR PREMIER PLASTICO (2",12,85189010,H
97768,7893296065067,"TELA ALTO FALANTE 6"" PR PLUS",10,85189090,H
56543,7892023120109,APLICADOR REPARO PNEUS S/CAMARA 12PC,50,85258919,H
79632,7897748705082,CONTROLE REMOTO SOM AUTOM 200M 8 FUNC PR (SX,92,85269200,H
82271,7898924304655,MODULO ACIONAMENTO PORTAO FAROL,24,85269200,H
62178,7908175500031,MEDIA RECEIVER BLUETOOTH/USB/SD/AUX/C.TELA L,136,85272100,H
10057,7898587424486,MEDIA RECEIVER RS2608BR USB/SD/AUX/BLUETOOTH,117,85272100,H
98364,7898587423106,MEDIA RECEIVER RS2709BR USB/SD/AUX/BLUETOOTH,172,85272900,H
48854,7898622141323,"MONITOR 4,3'' LCD 12V",128,85285900,H
7750,7898282140018,ANTENA 2 ESTAGIOS CR AM/FM UNIV,15,85291090,H
7751,7898282140025,ANTENA 2 ESTAGIOS PR AM/FM UNIV,15,85291090,H
7735,7898282140094,ANTENA 4 ESTAGIOS CR FUSCA,60,85291090,H
7736,7898282140117,ANTENA 4 ESTAGIOS CR GOL/VOY/PAR/SAV 80/94,55,85291090,H
7730,7898282140070,ANTENA 4 ESTAGIOS CR UNIV,55,85291090,H
7732,7898282140100,ANTENA 4 ESTAGIOS PR FUSCA GOL 00/05,48,85291090,H
7731,7898282140087,ANTENA 4 ESTAGIOS PR UNIV,40,85291090,H
77467,7898339382408,ANTENA DECORATIVA UNIV 15CM PR,18,85291090,H
77320,7898282140193,ANTENA KOMBI/CAMINHAO CR,61,85291090,H
7753,,ANTENA PALIO/WEEKEND/DOBLO C/ CABO PR,44,85291090,H
77452,7897748711717,ANTENA PARABRISA ELETRONICA UNIV (ST900),16,85291090,H
99030,7897748711878,ANTENA PARABRISA ELETRONICA UNIV ST900 (12 P,493,85291090,H
77700,,ANTENA PARABRISA UNIVERSAL,16,85291090,H
76436,7898966753183,ENFEITE DECORATIVO P/ANTENA EMOJI SURPRESO B,5,85291090,H
7757,7898282140513,HASTE ANTENA CELTA 00/15 PR,15,85291090,H
77661,7898282140940,HASTE ANTENA FIESTA 13/ PR,39,85291090,H
77340,7898282140551,HASTE ANTENA FIESTA 97/03 PR,24,85291090,H
77466,7898339382880,HASTE ANTENA UNIV ROSCA 6MM AD M5/M6 20 CM P,24,85291090,H
77472,7898339382750,HASTE ANTENA VW/GM/FIAT LISA 40CM ROSCA 5MM,16,85291090,H
5837,7898253495956,VARAO PERFURADO GRANDE 33CM (10 UN),68,85291090,H
70680,7898253490807,ARO ADAP ALTO FALANTE DI GOL/CORSA/PAL 11 2P,31,85299090,H
95388,7898253493990,BORNE PARA CAIXA ACUSTICA REDONDO PR,5,85299090,H
97473,7898253490777,"CAIXA PLASTICA ALTO FALANTE 6"" QUADRADA (PAR",24,85299090,H
6083,7898253490258,TAPA BURACO P/ CD FRENTE DESTACAVEL (PAR),12,85299090,H
98598,7898587423199,TRAVA ELETR 2 FIOS ESCRAVA,12,85311090,H
82236,7899720802307,DISJUNTOR P/ SOM 70A,60,85362000,H
73430,7898950584441,INT VIDRO ELET FIESTA 02/ AMAZON ECO 03/09 DUP DE,48,85365090,H
18451,7899705803855,INT VIDRO ELET FIESTA/ECOSPORT 02/09 DUPLO V,47,85365090,H
87615,7899562607313,INT VIDRO ELET FIESTA/ECOSPORT 02/09 DUPLO V,42,85365090,H
74935,7898553649059,INT VIDRO ELET FIESTA/ECOSPORT 02/09 DUPLO VD DE,31,85365090,H
5617,7891431475689,TOMADA ENGATE FEMEA PLAST 7 POLOS PR C/ PARAFUSOS,21,85365090,H
85562,7898325940032,GARRA BATERIA JACARE 13CM (PAR),36,85369010,H
85561,7898325940049,GARRA BATERIA JACARE 7CM (PAR),13,85369010,H
79300,7895099048421,ADAPTADOR 12V 2 ENTRADAS USB (10 UN),92,85369090,H
86998,7890314760355,GARRA BATERIA JACARE 18CM PR (2UN),48,85369090,H
86997,7890314760348,GARRA BATERIA JACARE 18CM VERM (2UN),48,85369090,H
48020,8711500695307,LAMPADA H3 12V 55W 4000K BLUE VISION,40,85392110,H
20011,7898252655337,LAMPADA H4 12V 60/55W,18,85392110,H
81540,4052899287655,LAMPADA H4 12V 60/55W 4200K CBI (2 UN),151,85392110,H
20075,7898252654989,LAMPADA TORPEDO 36MM 5W 12V (10 UN),23,85392910,H
20040,7898252654972,LAMPADA TORPEDO 43MM 10W 12V (10 UN),21,85392910,H
88495,7899562603131,KIT LAMPADA SUPER LED 3D H4 12V 40W 6000K 3700L,119,85395000,H
27230,7899463128245,LAMPADA LED TORPEDO 32MM 12V 10W 6 LEDS BR (,16,85395000,H
27231,7899463128283,LED LAMP TORPEDO 32MM 12V 10W 6 LEDS BR (10 UN),61,85395000,H
57445,7893590360431,FAROL AUX QUADRADO 12/24V 9 LED 27W,28,85395200,H
57443,7897090154965,FAROL AUX REDONDO 12/24V 9 LED 27W,28,85395200,H
2750,7898156371401,MINI SPOT 12V PR LED AZUL,15,85414022,H
55620,4713720650702,LED LAMP B8.5 1SMD5050 12V BRANCA PAR,13,85437099,H
79410,7897748702760,ADAPTADOR RCA (ST6000),45,85442000,H
80067,7898253490371,ADAPTADOR ANTENA CB80 C/ RABICHO 18CM (5 UN),36,85444200,H
55604,7898566203613,CABO P2 STEREO P/ 2 JACK RCA NIQUEL,4,85444200,H
79475,7897748729941,CABO RCA 1M VERMELHO TERMINAL PRATA (C1MP),37,85444200,H
97096,7898556841276,CABO RCA 5M INJETADO PLUS (RCA 5M INJETADO),40,85444200,H
79658,3051320100045,CABO RCA MOD Y 1 MACHO 2 FEMEA 5MM PR,4,85444200,H
79250,7898534142999,CABO RCA MOD Y 2 MACHO 1 FEMEA 5MM PR,4,85444200,H
79659,7895099048445,CABO RCA MOD Y 2 MACHO 1 FEMEA 5MM PR,4,85444200,H
97228,7898556841306,CABO RCA MOD Y 2 MACHO 1 FEMEA PR RCA Y 1F/2,21,85444200,H
88750,7898253494843,CABO RCA Y 1M/2F 5MM OURO PR,8,85444200,H
96371,7898566206669,CABO RCA Y 2M/1F 20CM TRANSPARENTE,8,85444200,H
88749,7898253494836,CABO RCA Y 2M/1F 5MM OURO PR,7,85444200,H
79757,7897375169882,CABO USB V8 1M BR 2.1A,12,85444200,H
90075,7898510330679,CHICOTE PIONEER 1150 1350,5,85444200,H
6962,7898510330624,CONECTOR 16 VIAS 12 FIOS FEMEA SOM SONY/BLAUPUNKT,7,85444200,H
81312,7898253490067,"EXTENSAO ANTENA 1,50M (2 UN)",15,85444200,H
5835,7898253490074,"EXTENSAO ANTENA 2,00M (2 UN)",36,85444200,H
5836,7898253490098,"EXTENSAO ANTENA 3,80M",42,85444200,H
79424,7898575260379,GARRA BATERIA JACARE 7CM 50A (PAR),12,85444200,H
73140,7898929629326,INT PANICO UNIV QUADRADO (10UN),52,85444200,H
79942,7898253498858,"CABO FLEXIVEL 14 1,50MM PR 100M",85,85444900,H
72675,7898615771056,SUPORTE GUIA PARACHOQUE CELTA/PRISMA 08/ DD,10,87081000,H
72676,7898615771063,SUPORTE GUIA PARACHOQUE CELTA/PRISMA 08/ DE,12,87081000,H
72766,7898615772619,SUPORTE GUIA PARACHOQUE COROLLA 08/12 DE,32,87081000,H
40180,7899893621040,CINTO SEG 2 PONTOS ABDOMINAL 25CM FEMEA CURT,60,87082100,H
0071,7898347230159,CINTO SEG 2 PONTOS KOMBI/CAMINHAO/UTILITARIO,53,87082100,H
0072,7898347230166,CINTO SEG 3 PONTOS CURTO UNIV,55,87082100,H
7874,7898347232764,CINTO SEG TRAS ABDOMINAL TRANSVERSAL CURTO U,58,87082100,H
40182,7899893621071,CINTO SEG TRASEIRO ESTATICO 2 PONTOS UNIVERS,61,87082100,H
40174,7899893610266,FECHO CINTO SEG CORSA 94/ LE HASTE RIGIDA,34,87082100,H
7277,7898347231040,FECHO CINTO SEG CORSA LD,23,87082100,H
7276,7898347231033,FECHO CINTO SEG CORSA LE,23,87082100,H
40176,7899893610051,FECHO CINTO SEG GOL/PAR/SAV/SAN/VOY BI HAST,32,87082100,H
7285,7898347230302,FECHO CINTO SEG GOL/VOY/PAR BILATERAL,31,87082100,H
7278,7898347230258,"FECHO CINTO SEG HASTE FLEXIVEL 18,5CM UNIV",71,87082100,H
7274,7898347230234,FECHO CINTO SEG MONZA 82/90,64,87082100,H
7284,7898347230272,FECHO CINTO SEG UNO 85/ HASTE ACO LD,29,87082100,H
7282,7898347230265,FECHO CINTO SEG UNO 85/ HASTE ACO LE,26,87082100,H
40183,7899893610099,FECHO CINTO SEG UNO/ELBA/PREM/FIOR HASTE RIG,34,87082100,H
40191,7899893610082,FECHO CINTO SEG UNO/ELBA/PREM/FIOR HASTE RIG,34,87082100,H
7863,7898347230319,LINGUETA CINTO SEG 3 PONTOS,13,87082100,H
86248,7908215406736,PORTA OBJETO FIT/CITY PR,47,87082914,H
84770,7898937190122,ANTENA DECORATIVA 150MM PR,13,87082919,H
84767,7898937190085,ANTENA DECORATIVA 340MM CROM LISA,16,87082919,H
84764,7898937190047,ANTENA DECORATIVA 340MM PR LISA,13,87082919,H
77314,7898937190191,ANTENA DECORATIVA TUBARAO CROM,47,87082919,H
85048,7898498774007,ANTENA DECORATIVA TUBARAO CROM,28,87082919,H
85046,7898498773987,ANTENA DECORATIVA TUBARAO PR CADILAC,24,87082919,H
95107,7898498770931,COBERTURA REG BANCO CELTA LE PR S/FURO,7,87082919,H
89274,7896836900132,"RACK 1,20M FUSCA C/ CANALETA PR",256,87082919,H
8890,7898920271715,"RACK 1,20M VEIC C/CANALETA UNI (ACO)",255,87082919,H
88150,7898920271333,RACK CORSA/CELTA/FIESTA /02 KADETT 2/4 PORT,362,87082919,H
89277,7896836900095,RACK CORSA/CELTA/FIESTA/ASTRA/KADETT 2/4P PR,143,87082919,H
8770,7898938376518,RACK CORSA/KADETT/ASTRA/CELTA 2/4P,151,87082919,H
8761,7898938376624,RACK GOL 05/08 2P,164,87082919,H
8762,7898938376631,RACK GOL 05/08 4P,184,87082919,H
89472,7896836900149,RACK GOL 95/08 2/4P PR,157,87082919,H
88143,7898920271760,RACK GOL 95/08 4P PRETO (ACO),271,87082919,H
46496,7896836901221,RACK GOL 95/08 PALIO 96/11 4P PRETO (ACO),268,87082919,H
88132,7898920271722,RACK GOL 96/04 2P,200,87082919,H
88135,7898920271739,RACK PALIO 96/12 4P (ACO),336,87082919,H
8771,7898938376570,RACK PALIO 96/99 2P,164,87082919,H
88130,7898938376587,RACK PALIO 96/99 4P,202,87082919,H
88128,7898938376556,RACK UNO 84/03 2P,184,87082919,H
8793,7898920271234,RACK UNO 84/13 2P (ACO),336,87082919,H
60109,7898373743821,SUBCALOTA 55MM VW PR,7,87082919,H
45894,7898937194779,SUPORTE FLEXIVEL MULTIUSO PRETO,31,87082919,H
96213,,ACABAMENTO APOIA BRACO GOL 99/05 DD CZ FLANEL,15,87082999,H
96212,,ACABAMENTO APOIA BRACO GOL 99/05 DE CZ FLANEL,15,87082999,H
48338,7898658552513,AMORTECEDOR PORTA MALAS TUCSON 05/11,60,87082999,H
57998,7898937190801,APLIQUE CR ESPELHO GOL 00/08 GOLF 00/07 SANT,37,87082999,H
57999,7898937190818,APLIQUE CR ESPELHO GOL 00/08 GOLF 00/07 SANT,37,87082999,H
58940,6223537959496,APLIQUE CR FAROL AUX GOL/ VOYAGE 09/12,71,87082999,H
58885,7898498773956,APLIQUE CR LANT TRAS GOL 06/08,20,87082999,H
58840,7898937191044,APLIQUE CR TAMPA COMB GOL 00/08,15,87082999,H
58811,7898937191068,APLIQUE CR TAMPA COMB PALIO 96/00,18,87082999,H
4451,7898653810724,ARO FAROL FUSCA 76/86 1 FURO CROM (PAR),13,87082999,H
4453,7898653810700,ARO FAROL FUSCA 76/86 1 FURO PR (PAR),8,87082999,H
72597,7898395920736,ARO FAROL KOMBI 1 FURO PRATA (2 UN),24,87082999,H
3030,7898166520769,ARO LANT TD/TE PLAST CR FUSCA 76/78 1500,5,87082999,H
3031,7898653810014,ARO LANT TD/TE PLAST CROM FUSCA /75 1300,7,87082999,H
4941,7898449870826,ARO PARALAMA DE PR CORSA 94/99,24,87082999,H
4944,7898449870833,ARO PARALAMA TD PR CORSA 94/99,26,87082999,H
4943,7898449870840,ARO PARALAMA TE PR CORSA 94/99,26,87082999,H
72591,7898395921221,BANDEJA SUPORTE BATERIA PALIO 96/00,66,87082999,H
71273,7895899908895,BORBOLETA CILINDRO IGNICAO S10/BLAZER/SILVER,8,87082999,H
6789,7896880704342,CALHA CHUVA CELTA 00/15 2P,160,87082999,H
6792,7896880705257,CALHA CHUVA CELTA 03/15 PRISMA 06/12 4P,144,87082999,H
6801,7896880700023,CALHA CHUVA CORSA 94/01 PICK-UP 94/03 2P,160,87082999,H
6802,7896880700030,CALHA CHUVA CORSA HATCH/SEDAN 95/16 CLASSIC,148,87082999,H
6816,7896880706896,CALHA CHUVA ECOSPORT 03/11 4P,162,87082999,H
67415,7896880715157,CALHA CHUVA ECOSPORT 16/ 4P,109,87082999,H
6781,7896880705141,CALHA CHUVA ESCORT 84/92 HOBBY 87/96 2P,114,87082999,H
6814,7896880705592,CALHA CHUVA FIESTA HATCH/SEDAN 02/114P,144,87082999,H
6811,7896880702935,CALHA CHUVA FIORINO 89/13 2P,152,87082999,H
6712,7896880711173,CALHA CHUVA GOL 12/16 SAVEIRO 09/24 CS/CE/CD,151,87082999,H
6800,7896880700016,CALHA CHUVA GOL/PARATI 95/14 2P,111,87082999,H
6805,7896880702041,CALHA CHUVA GOL/PARATI 98/14 4P,143,87082999,H
6838,7896880700061,CALHA CHUVA GOL/VOY 09/ 4P,108,87082999,H
6782,7896880705110,CALHA CHUVA GOL/VOY/PAR/SAV 87/94 2P,160,87082999,H
67460,7896880715164,CALHA CHUVA MOBI 16/24 4P,180,87082999,H
6815,7896880706339,CALHA CHUVA MONTANA 03/10 2P,149,87082999,H
6946,7896880712040,CALHA CHUVA ONIX/PRISMA 12/19 4P,106,87082999,H
6803,7896880700047,CALHA CHUVA PALIO/96/16 2/3P STRADA 96/20 2/,117,87082999,H
6804,7896880700054,CALHA CHUVA PALIO/SIENA 96/11 WEEKEND 96/20,160,87082999,H
6724,7896880711265,CALHA CHUVA UNO 10/ 4P,148,87082999,H
6757,7896880711609,CALHA CHUVA UNO 10/16 2P FIORINO 14/ 2P,120,87082999,H
6786,7896880704939,CALHA CHUVA UNO/PREMIO/ELBA 84/09 4P,108,87082999,H
6787,7896880704922,CALHA CHUVA UNO/PREMIO/ELBA 85/11 2P,151,87082999,H
6812,7896880703253,CALHA CHUVA VECTRA 97/05 4P,119,87082999,H
5572,7896117800151,"CAPA ENGATE INOX POLIDO 3,5"" 85MM",23,87082999,H
5592,7891431450525,"CAPA ENGATE INOX POLIDO ACAB BORRACHA 3,5"" 85MM",24,87082999,H
1800,7898653810076,CAPA LANT DD/DE FUSCA PLAST CROM,5,87082999,H
84541,7898498771235,CAPA MACAN EXT CR CORSA /01 VECTR /95 ASTRA,31,87082999,H
45742,7898937191686,CAPA MACAN EXT CR GOL 00/08 2P,16,87082999,H
45743,7898937191693,CAPA MACAN EXT CR GOL 00/08 4P,45,87082999,H
84548,7898498771303,CAPA MACAN EXT CR GOL 95/99 2P,20,87082999,H
45757,7898937191877,CAPA MACAN EXT CR PAL/MOB/STR/SIE/21 IDEA11/,45,87082999,H
84556,7898498771396,CAPA MACAN EXT CR PALIO 04/ 2P,31,87082999,H
84550,7898498771327,CAPA MACAN EXT CR PALIO ELX 96/04 FIRE 96/06 2P,13,87082999,H
84551,7898498771334,CAPA MACAN EXT CR PALIO ELX 96/04 FIRE 96/06 4P,21,87082999,H
9563,7898395920286,COBERTURA PAINEL INSTRUMENTO UNO CONCHA,42,87082999,H
72571,7898395920910,CONSOLE GOL/PAR/SAV 87/94 ALTO PR,120,87082999,H
7395,7898395920125,CONSOLE UNO 84/90,37,87082999,H
8775,7898156372811,"ELASTICO BAGAGEIRO 1,5M (10 UN)",40,87082999,H
82610,7898472273960,"EMBLEMA ""2.0"" MONZA/KADETT 91/ CZ",4,87082999,H
82742,7898472280449,"EMBLEMA ""FIAT"" CAPO PALIO FUNDO AZUL/CR",15,87082999,H
82613,7898472274103,"EMBLEMA ""MONZA"" /96 CZ",5,87082999,H
82847,7898472280845,"EMBLEMA ""STRADA"" /00 CR",15,87082999,H
82864,7898472276329,EMBLEMA 1.6 CORSA SEDAN 96/ CR,15,87082999,H
87698,7898472288926,EMBLEMA CALOTA 48MM FIAT VM (4 UN),16,87082999,H
88250,7899622604627,EMBLEMA CALOTA 48MM FIAT VM/PTA (4 UN),16,87082999,H
88242,7898472275735,EMBLEMA CALOTA 48MM GM PR (4 UN),18,87082999,H
88251,7899622604634,EMBLEMA CALOTA 51MM FIAT VM/PTA (4 UN),21,87082999,H
82636,7898472276220,EMBLEMA CHEVROLET 96/ CR,20,87082999,H
82637,7898472276244,EMBLEMA CORSA 96/ CR,16,87082999,H
82760,7898472279634,EMBLEMA FIAT GRADE UNO/FIORINO/PREMIO /95 AZ,7,87082999,H
82897,7898472276732,EMBLEMA GRADE CORSA 02/ CR,29,87082999,H
82998,7898472285246,EMBLEMA GRAVATA P/MALAS CORSA SEDAN 02/ CR/D,39,87082999,H
86777,7898472285116,EMBLEMA GRAVATA P/MALAS CORSA WAGON CR/DOUR,42,87082999,H
86881,7899622603460,EMBLEMA H 26MM CR,12,87082999,H
83035,7898472285604,EMBLEMA LOGO FIAT GRADE PALIO/07 UNO/SIE/STR,53,87082999,H
83034,7898472285598,EMBLEMA LOGO FIAT GRADE/P/MALAS 08/ VM,53,87082999,H
83036,7898472285611,EMBLEMA LOGO FIAT P/MALAS PALIO 04/07 UNO/ST,52,87082999,H
7296,,FECHO CINTO SEG KADETT 89/98 MONZA 91/96,48,87082999,H
70888,,FECHO CINTO SEG LD CELTA/CORSA CLASSIC 02/08,56,87082999,H
70887,,FECHO CINTO SEG LE CELTA/CORSA CLASSIC 02/08,56,87082999,H
7291,,FECHO CINTO SEG PALIO 96/00 LD,50,87082999,H
7290,,FECHO CINTO SEG PALIO 96/00 LE,80,87082999,H
97991,,FRISO PORTA MALAS GOL 09/ CROM,37,87082999,H
49171,7896880714884,FRISO UNIVERSAL 2P PR,106,87082999,H
7377,7898653810090,GRADE ENTRADA AR COLUNA PORTA GOL 87/94,16,87082999,H
84681,7908019404570,MANOPLA CAMBIO 206 ACRIL PR,16,87082999,H
85016,7898937193208,MOLDURA GRADE UNO 10/ VERMELHA (3 PCS),18,87082999,H
6538,,MOLDURA PARABRISA GOL 95/99 LD/LE,23,87082999,H
8116,7899463139753,PENDENTE LUZ 3M C/ GARRA 12V GANCHO/LAMPADA,45,87082999,H
7820,7898653810229,PORTINHOLA TANQUE COMB CHEVETTE 87/93,10,87082999,H
7021,7898395920231,REVEST SUP PORTA OMBREIRA GOL /94 PR LD,12,87082999,H
7022,7898395920248,REVEST SUP PORTA OMBREIRA GOL /94 PR LE,13,87082999,H
83627,,TAMPAO BAGAGITO UNO 84/07 PRETO,50,87082999,H
80117,7898156371302,TAPA CD LISO PR,5,87082999,H
56300,7896117800038,TOMADA ENGATE FEMEA PLAST 7 POLOS CR C/ PARAFUSOS,16,87082999,H
56301,7896117800304,TOMADA ENGATE MACHO PLAST 7 POLOS CR,16,87082999,H
7481,7898433996464,ADAPTADOR RODAS 4X4 PGV (4 UN),287,87087090,H
6168,7893468269309,ALARGADOR RODA UNIV,16,87087090,H
76322,7898433991841,ANEL CENTRALIZADOR 72.5MM VW LARANJA (4 UN),16,87087090,H
76328,7898433991520,ANEL CENTRALIZADOR 72MM FIAT AMARELO (4 UN),16,87087090,H
76327,7898433991858,ANEL CENTRALIZADOR 72MM VW LARANJA (4 UN),15,87087090,H
61681,7908356901381,ANEL CENTRALIZADOR 73.0MM FD SCORRO VERDE (4,8,87087090,H
60553,7898433991599,ANEL CENTRALIZADOR 73MM FORD VERDE (4 UN),10,87087090,H
60552,7898433991568,ANEL CENTRALIZADOR 73MM GM AZUL (4 UN),16,87087090,H
60550,7898433991537,ANEL CENTRALIZADOR 73MM VW LARANJA (4 UN),16,87087090,H
7520,7898433991964,"BICO AR PNEU 13"" S/CAMARA (10 UN)",15,87087090,H
60725,7898277984047,"CALOTA AGILE 10/13 14"" PARAFUSO CUBO BAIXO",13,87087090,H
76182,7898433993333,CALOTA ASTRA SPORT 02/ PRATA 55MM,24,87087090,H
60263,7898277981138,"CALOTA CELTA 00/05 13"" PARAFUSO CUBO BAIXO",12,87087090,H
60931,7898607100215,"CALOTA CELTA 12/ 13"" PARAFUSO",8,87087090,H
60688,7898277983347,"CALOTA CELTA 12/15 13"" PARAFUSO CUBO BAIXO",16,87087090,H
61788,7898970687344,CALOTA CENTRAL RODA ASTRA 16 02 C/EMB 3D PT,28,87087090,H
76187,7898433992039,CALOTA CENTRAL RODA CORSA 94/99 PRATA,36,87087090,H
60283,7898433993357,CALOTA CENTRAL RODA GM 4 PONTAS,16,87087090,H
61777,7908646500799,CALOTA CENTRAL RODA MOD AMARO 4X100 PF/GARRA,26,87087090,H
61774,7908646500942,CALOTA CENTRAL RODA MOD AMAROK 4X100 PF/GARR,26,87087090,H
60439,7898433997058,CALOTA CENTRAL RODA MONZA 82/90 PRATA,16,87087090,H
60248,7898433991445,CALOTA CENTRAL RODA ORBITAL PRATA,16,87087090,H
5968,7898277980254,"CALOTA CORSA WIND 00/ 13"" PARAFUSO CUBO BAIXO",13,87087090,H
60620,7898277982890,"CALOTA FIESTA HATCH 11/12 14"" PARAFUSO CUBO BAIXO",13,87087090,H
60617,7898277983040,"CALOTA FIESTA SEDAN 11/13 14"" PARAFUSO CUBO BAIXO",13,87087090,H
60569,7898277982494,"CALOTA FOX 10/11 14"" PARAFUSO CUBO ALTO 4 FUROS",13,87087090,H
60410,7898277981046,"CALOTA FOX CITY 14"" ENCAIXE",16,87087090,H
60382,7898277981060,"CALOTA FOX PLUS 06/ 15"" ENCAIXE",15,87087090,H
60696,7898277983712,"CALOTA FOX/SPACEFOX 12/ 15"" PARAFUSO (5 FUROS)",15,87087090,H
5951,7898277980308,"CALOTA GOL 00/ 13"" ENCAIXE",12,87087090,H
60208,7898277980704,"CALOTA GOL POWER 13"" ENCAIXE",10,87087090,H
60407,7898277981459,"CALOTA GOL/VOY/SAV 09/11 14"" PARAFUSO C.ALTO",16,87087090,H
6096,7898277980728,"CALOTA KA 02/03 13"" PARAFUSO CUBO BAIXO",12,87087090,H
6092,7898277980537,"CALOTA KA 03/ 13"" PARAFUSO CUBO BAIXO",16,87087090,H
84640,7908019404334,CALOTA KOMBI CLIPPER 97/ PLAST CZ,12,87087090,H
6185,,CALOTA KOMBI/FUSCAO BAIXA BRANCA,64,87087090,H
6184,,CALOTA KOMBI/FUSCAO BAIXA CROM,84,87087090,H
6186,,CALOTA KOMBI/FUSQUINHA ABAULADA CROM,77,87087090,H
60868,7898277981503,"CALOTA ONIX/PRISMA 14/16 15"" PARAFUSO CUBO P",29,87087090,H
60723,7898277983989,"CALOTA ORBITAL LINHA VW 13"" ENCAIXE",16,87087090,H
60722,7898277983958,"CALOTA ORBITAL LINHA VW 14"" ENCAIXE",23,87087090,H
60265,7898277980803,"CALOTA PALIO FIRE/ELX/WEE 09/ 14"" PARAF CUBO",21,87087090,H
60596,7898277982524,"CALOTA PALIO/SIENA 09/10 13"" PARAFUSO CUBO BAIXO",13,87087090,H
61306,7898536742586,"CALOTA PRIME 13"" FOSC BLACK UNIVERSAL",26,87087090,H
60866,7898277989752,"CALOTA SAVEIRO 14/16 14"" PARAFUSO CUBO ALTO",13,87087090,H
61578,7899892510604,"CALOTA SAVEIRO 17/18 15"" PARAFUSO CUBO PADRAO",18,87087090,H
60685,7898277983132,"CALOTA UNO ATTRACTIVE 11/ 14"" PARAFUSO CUBO BAIXO",13,87087090,H
60264,7898277980797,"CALOTA UNO FIRE 04/05 13"" PARAFUSO CUBO BAIXO",10,87087090,H
60428,7898277981565,"CALOTA UNO WAY ECONOMY 08/09 13"" PARAFUSO C",16,87087090,H
96572,7898498770030,CAPA PARAFUSO RODA CROM 19MM (16 UN),20,87087090,H
82903,7898433991223,EMBLEMA RODA 48MM FIAT 3 CORES PR/AZ/PTA (4 UN),16,87087090,H
82902,7898433990462,EMBLEMA RODA 48MM GM PR (4 UN),15,87087090,H
82900,7898434003505,EMBLEMA RODA 48MM VW (4 UN),15,87087090,H
82909,7898434000412,EMBLEMA RODA 51MM FIAT 3 CORES PR/AZ/PTA (4,15,87087090,H
82907,7898433990059,EMBLEMA RODA 51MM GM PR (4 UN),16,87087090,H
82912,7898433990240,EMBLEMA RODA 51MM RENAULT PR (4 UN),21,87087090,H
76338,7898434004748,EMBLEMA RODA 55MM GM PR (4 UN),20,87087090,H
82917,7898433990622,EMBLEMA RODA 58MM VW (4 UN),20,87087090,H
60502,7898433994002,ESPACADOR 5 FUROS 5X100/ 112 (2 UN),48,87087090,H
76351,7898434009033,SUBCALOTA 48MM PUNTO EMBLEMA ACRILICO (4 UN,48,87087090,H
60456,7898433991247,SUBCALOTA 48MM PUNTO EMBLEMA RESINADO (4 UN),26,87087090,H
60455,7898433997317,SUBCALOTA 51MM GM PRATA C/BOTTON DOURADO (4,60,87087090,H
76357,7898433991179,SUBCALOTA 51MM GOL 09/ FOX (4 UN),44,87087090,H
61752,7898970687191,SUBCALOTA 51MM RODAO CINZA (4 UN),8,87087090,H
60295,7898433992183,SUBCALOTA 51MM VW INJETADO CROM (4 UN),24,87087090,H
60240,7898433991353,SUBCALOTA 55MM CZ MANGELS (4 UN),13,87087090,H
6078,7898433991261,SUBCALOTA CENTRAL 48MM PR EMBLEMA FIAT AZ (4,42,87087090,H
6104,7898433991292,SUBCALOTA CENTRAL CZ C/REBAIXO S/EMBL (4 UN),12,87087090,H
60454,7898433997300,SUBCALOTA VW 51MM PR C/ BOTTON CROM (4 UN),48,87087090,H
52433,7898481832547,"PONT ESCAP ALUM DUPLA CHANFRADA A:2"" B:130MM",143,87089200,H
7701,7892046032014,CUBO VOLANTE VW 77/87 EXCETO SANTANA,58,87089481,H
72778,7898615772091,ACABAMENTO APOIA BRACO GOL 99/05 DD CZ FLANEL,15,87089990,H
72779,7898615772107,ACABAMENTO APOIA BRACO GOL 99/05 DE CZ FLANEL,15,87089990,H
7861,7898157643309,ALIVIADOR CINTO SEGURANCA LUXO UNIV,12,87089990,H
7860,7898157643316,ALIVIADOR CINTO SEGURANCA UNIV,13,87089990,H
88677,7898356510037,APOIA BRACO CENTRAL UNIVERSAL PR C/ 7 USB,173,87089990,H
96468,7898457731171,COIFA ALAV CAMBIO CORSA 96/05 BASE PRETO,32,87089990,H
96484,7898457732949,COIFA ALAV CAMBIO ECOSPORT/FIESTA 03/11 ARO,36,87089990,H
96701,7898457733809,COIFA ALAV CAMBIO GOL 1000/CL 95/99 BASE LONGA PR,15,87089990,H
96700,7898457733717,COIFA ALAV CAMBIO GOL 87/94 BASE CURTA SANF,26,87089990,H
96450,7898457730686,COIFA ALAV CAMBIO GOL 87/94 BASE LONGA PR,16,87089990,H
96452,7898457730754,COIFA ALAV CAMBIO GOL 87/99 BASE CURTA PR,13,87089990,H
96217,7908019406284,COIFA ALAV CAMBIO NAPA PR GOL/PAR/SA 06/08 B,36,87089990,H
77559,7898947785318,CUBO VOLANTE VW 77/,45,87089990,H
72139,7898457732369,MANOPLA CAMBIO 206 00/09 207 08/11 PR,21,87089990,H
72136,7898457731881,MANOPLA CAMBIO CORSA 00/ 5M PR RESINADA,16,87089990,H
72132,7898457731935,MANOPLA CAMBIO ESCORT 5M LONGA RE P/ FRENTE,16,87089990,H
72131,7898457731911,MANOPLA CAMBIO ESCORT 5M LONGA RE P/ TRAS PR,15,87089990,H
98494,7898457736480,MANOPLA CAMBIO FIESTA NEW /ECO/KA 5M PR LENT,68,87089990,H
72133,7898457731959,MANOPLA CAMBIO KA 97/03 FIESTA 96/03 PR RESI,24,87089990,H
72128,7898457732130,MANOPLA CAMBIO PALIO ADV/IDEA/SIENA/STRA 05/ PR,12,87089990,H
72129,7898457732154,MANOPLA CAMBIO PALIO ADV/IDEA/SIENA/STRADA 0,16,87089990,H
67966,7896498571954,PARA-SOL FRONTAL C/VENTOSA LAMINADO 140X70CM,45,87089990,H
34224,7898530291448,PARA-SOL LATERAL 45CM X 37CM (PAR),26,87089990,H
88365,,PROTETOR BANDEJA PORTA MALAS UNIVERSAL 60X92,64,87089990,H
88366,,PROTETOR BANDEJA PORTA MALAS UNIVERSAL 75X92,64,87089990,H
8782,7898943200662,RACK KOMBI /97 TOWNER /00 TETO BAIXO (ACO),213,87089990,H
8884,7898943200631,"RACK UNIVERSAL 1,20M VEIC C/CANALETA (ACO)",141,87089990,H
89157,7898943200211,RACK UNO /10 ELBA/PREMIO 4P (ACO),348,87089990,H
7029,7898471181167,TAMPA PORTA LUVAS FUSCA 82/86,16,87089990,H
56027,7899545018426,TOMADA ENGATE FEMEA 7 POLOS ALUMINIO CROM,76,87089990,H
69386,7898673810094,TRAVA PARA-CHOQUE DECORATIVO PRATA,47,87089990,H
69378,7898673810018,TRAVA PARA-CHOQUE PRATA QUICK RELEASE,48,87089990,H
69385,7898673810087,TRAVA PARA-CHOQUE PRETO QUICK RELEASE,48,87089990,H
69379,7898673810025,TRAVA PARA-CHOQUE VERM QUICK RELEASE,48,87089990,H
88312,7898935230134,TRAVA VOLANTE 2 CHAVES TETRA,52,87089990,H
88314,7898530290489,TRAVA VOLANTE PEDAL 2 CHAVES TETRA C/ALGEMA,68,87089990,H
56061,7898958159085,SUPORTE VERTICAL PAREDE FIXO 1 BICICLETA,28,87149990,H
5599,7891431451263,TOMADA ENGATE MACHO PLAST 7 POLOS CROM,16,87169090,H
82151,7893946176907,"TRENA ACO 3M X 12,5MM NOVE54",12,90178090,H
75392,7895467044710,SENSOR INSTRUMENTO TEMPERATURA WILLTEC,56,90259090,H
76399,7895467106708,TACOMETRO 2/4/6/8CC CARB/INJ 8000RPM 85MM F PR,268,90292010,H
76413,7895467107460,SINALEIRA 52MM FUNDO BCO ARO CROM,92,90303319,H
75267,7895467021254,TERMOMETRO OLEO 50-150 12V 52MM FUNDO CZ,88,90303319,H
93629,7898916653464,FILTRO P/ CARBURADOR OVAL UNIV VERMELHO (TELADO),34,94054090,H
67928,7896498550911,CANETA TIRA RISCO RETOK PRETO,26,96082000,H
JJ663820,7894650002643,GLADE SENSATION CAR CARRO NV.,39,33074900,I
ORB0146,7898314110118,SPRAY ANTI-FERRUG/LUBRIF300ML,10,38249041,I
CARLUB12,7897068800115,SPRAY ANTI-FERRUG/LUBRIF300ML,8,38249941,I
GRD818,,"ESPAG.TERMORETRATIL UNIV.1.8""",5,39173100,I
GRD845,7898929629166,ESPAG.TERMORETRATIL UNIV.3/16,5,39173100,I
GRD912,7898929629067,"TB.CORRUG.A-CHAMA 1/2"" 12MM",4,39173100,I
GRD945,,"TB.CORRUG.A-CHAMA 3/16"" 05MM",2,39173100,I
GRD938,7898929629050,"TB.CORRUG.A-CHAMA 3/8"" 9.5MM",2,39173100,I
GRD975,,"TB.CORRUG.A-CHAMA 5/16"" 7.5MM",2,39173100,I
GRD958,7898929629074,"TB.CORRUG.A-CHAMA 5/8"" 15.8MM",4,39173100,I
A13624,,"FAIXA REFL.PARA-CHOQUE 2,40MT",88,39199090,I
FRN7015,7898150981392,"ABRAC.PLAST.15CM.3,7X1,1MM.PR",10,39269090,I
FRN7020,7898150981415,"ABRAC.PLAST.20CM.5,0X3,8MM.PR",12,39269090,I
FRN7028,,"ABRAC.PLAST.28CM.5,0X1,3MM.PR",48,39269090,I
DB575,,"ABRAC.PLAST.39CM.5,0X1,2MM.PR",50,39269090,I
C6PK1200,7898447716751,CORREIA SENTR/TIID/MEGAN/LIVI,42,40103100,I
D10A0915C,,CORREIA FUSCA GERADOR TODOS >,29,40103200,I
VDP01D4005,,DISCO TACOGR.1D/125KM 20X20KM,39,48234000,I
VDP07D5005,7898994353713,DISCO TACOGR.7D/125KM 20X20KM,37,48234000,I
LS301,,RETR.EXT.FUSCA BASE PLASTIC.D,8,70091000,I
N200202,7898457730020,REG.FAROL UNO/PREMIO/ELBA/FIO,8,73181500,I
RES243,,SUPORTE EXTINT.ABC 2K VAN/CAM,52,73269090,I
AM38200,7898285070787,CORD.BAT.20 CM. AUTOS 2 PONT.,21,74130000,I
AM33040,7898285070558,CORD.BAT.40 CM. AUTOS UNIVERS,24,74130000,I
CNC005,7898518480406,CORD.BAT.45 CM. PASSAT 2 PONT,29,74130000,I
CNC006,7898533000238,CORD.BAT.50 CM. GOL/88>2 PONT,63,74130000,I
BE2550,,SOLDA CARRETEL TUBINHO 25G.AZ,40,80030000,I
TG1201031,,AMORT.TP.TS.FIAT IDEA TODOS,60,83023000,I
NT26096,,AMORT.TP.TS.FIESTA 96/02C/LIM,60,83023000,I
APX0531,,AMORT.TP.TS.FIESTA HATC.02>14,60,83023000,I
APX0436,,AMORT.TP.TS.KADETT 89/96C/LIM,60,83023000,I
TG1201004,,AMORT.TP.TS.KADETT 89/96C/LIM,60,83023000,I
NT26001,,AMORT.TP.TS.KOMBI/PARATI >96,60,83023000,I
APX0417,,AMORT.TP.TS.QUANTUM 1986>1991,60,83023000,I
APX0409,,AMORT.TP.TS.VW GOL 80/94C/LIM,60,83023000,I
NT26250,,AMORT.TP.TS.VW KOMBI 97>TDS,60,83023000,I
T9126,,TP.OLEO MT.TOYOTA COROLLA 02>,42,84099190,I
DK0898,7898980000003,BOMBA AGUA PEUG206/207/306/30,39,84131900,I
MM00145,,"REFIL+KT.INJ.FLEX BOSC.3,5BAR",255,84133010,I
MMWB022,,"REFIL+KT.INJ.FLEX BOSC.3,5BAR",237,84133010,I
DK0806,,BOMBA AGUA/GAS.GOL/PALIO SIMP,45,84137080,I
TSA806008,7898935147395,BOMBA AGUA/GAS.GOL/PALIO SIMP,32,84137080,I
DK0869,7899058000000,BOMBA AGUA/GAS.UNIV.FORD 12V.,37,84137080,I
TSA569017,,BOMBA AGUA/GAS.UNIV.FORD 12V.,58,84137080,I
DK0802,,BOMBA AGUA LAV.CORSA/CEL.DUPL,40,84137090,I
DK0481,7894813100001,BOMBA AGUA LAV.FORD.C/CHI 12V,44,84137090,I
IM20609,,BOMBA AGUA LAV.GOLF/POLO/A3/4,39,84137090,I
DK0807,,BOMBA AGUA LAV.VW DUPLO MODER,53,84137090,I
IM20600,7897086515923,BOMBA AGUA/GAS.UNIVERSAL 12V.,20,84137090,I
ID011519,,ELETROVALV.FIAT/GM/FORD/TOY2V,74,84145990,I
VP60012,,VENT.CABINE CAM/ONIB-6POL.12V,130,84145990,I
FC0005,7893272001959,FILT.COMB.MOTOS/PT.FRIO VEIC.,8,84212990,I
EXTANG985,,EXTINT.ABC.ESCO.VALV.PLAST.1K,48,84241000,I
KD2009075,,EXTINT.ABC.ESCO.VALV.PLAST.1K,127,84241000,I
RES988,,EXTINT.ABC.ESCO.VALV.PLAST.1K,172,84241000,I
EXTANG987,,EXTINT.ABC.FINO.VALV.PLAST.1K,68,84241000,I
DS2001,7898382480168,ELETROVALV.CORSA/ONIX/SPIN 2V,48,84818092,I
ORV227,,ELETROVALV.FIAT/GM/FORD/TOY2V,40,84818092,I
GR6303DDUC3,7898252655986,ROL.ALT.MB BOSCH 6303DDUC3...,15,84821010,I
GR6201DDU,7898252655870,ROL.ALT.MB BOSCH UNIV.6201DDU,10,84821010,I
ZEN60201,,ROL.ALT.MB BOSCH UNIV.6201DDU,13,84821010,I
VTR6201DDU,,ROL.ALT.MB BOSCH UNIV.6201DDU,12,84821090,I
VTR6202DDU,7898057973582,ROL.GERAD.FUSCA/LINHA VW TDS.,8,84821090,I
VTR6004DDU,,ROL.MT.PT.L/A KOMAT.PC200 24V,21,84821090,I
W014ST,7899598400612,BUCHA L/C.VW/GM/FIAT/FORD BCH,4,84833010,I
W074ST,7899598400797,BUCHA L/M.FUSCA/GOL/KOMBI 67>,4,84833010,I
W082ST,7899598401985,BUCHA L/M.VW/GM/FT/REN/PEU.ST,4,84833010,I
SC802X,,BUCHA L/M.OPALA 4C/CORCEL 2X.,8,84833090,I
SC80ST,,BUCHA L/M.OPALA 4C/CORCEL ST.,8,84833090,I
ZEN0192,,BENDIX PT.FUSCA >81 TDS.WAPSA,120,84834090,I
ZEN0942,7897056509426,BENDIX PT.GOL/PARA1.6/8/2.0MI,69,84834090,I
ZEN0045,7897056500447,BENDIX PT.OPALA/C10/C15/6CIL.,77,84834090,I
BIB090,,POL.ALT.BRAS/FUSC/KOMB.C/VENT,47,84835010,I
ZEN5307,7897056553078,POL.ALT.ESCORT/GL/GUI/XR3/REY,56,84835010,I
CTT637K1,7898447711503,KT.CORREIA+TENSOR VW/FORD TDS,82,84835090,I
DKTB201,,KT.CORREIA+TENSOR VW/FORD TDS,141,84835090,I
MM40001502,7891579170583,MT.PASSO MONZA/KADET/S10 EFI.,69,85011019,I
MTE7443,,MT.PASSO PALIO/SIENA/STRA.MPI,111,85011019,I
IK3311,,PONTE RET.MONZA/KAD/OPALA 55A,96,85044021,I
DSC2150,,BOB.IMPULS.MONZA/KADETT E.F.I,72,85045000,I
MM25LA,7891579199478,BATERIA HONDA125>99 12V 2.5AH,109,85071010,I
BPR7E,,VL.IG.ASTRA/CELTA/UNO/FIOR.TD,28,85111000,I
BP8FS,7897707506828,VL.IG.CHEVETE/MARAJO/CHEV ALC,18,85111000,I
BP6FS,7897707510702,VL.IG.CHEVETT1.4/1.6/CHEVY TD,18,85111000,I
224019202R,,VL.IG.CLI/LOG/SAN/206 1.0 16V,29,85111000,I
LZKAR7A,7897707511358,VL.IG.CLI/LOG/SAN/206 1.0 16V,24,85111000,I
BKR5EY,7897707506996,VL.IG.CORC/D.REY/LOG/GOL/PARA,20,85111000,I
BCPR5ES,7897707506835,VL.IG.CORC/ESCORT/PAM/INJ.G/A,18,85111000,I
BKR5EYA11,7897707508914,VL.IG.COROLLA/CORONA/PASEO/TD,24,85111000,I
19347311,,VL.IG.CORSA 1.0/6/S10 2.4 07>,15,85111000,I
BR8ES,7897707511044,VL.IG.CORSA/CELTA FLEXPOWER>.,16,85111000,I
MMF8RC,,VL.IG.CORSA/CELTA FLEXPOWER>.,16,85111000,I
ILMAR8C9D,,VL.IG.CRONOS/ARGO/MOBI/N.UNO,173,85111000,I
BPR5EFS10,7897707506965,VL.IG.FIESTA/COURIER/KA TODOS,18,85111000,I
TR6B10,7897707509652,VL.IG.FIESTA/KA/COURR.ZET/ROC,21,85111000,I
BP6EFS,7897707505470,VL.IG.FORD/PEUGEO/RENAU/MB/GM,15,85111000,I
GV6P09,,VL.IG.FORD/PEUGEO/RENAU/MB/GM,15,85111000,I
BP5HS,,VL.IG.FUSCA/BRAS. ROSCA CURTA,16,85111000,I
BKR6EGP,,VL.IG.G-POWER VW/FIAT/TOY/HON,56,85111000,I
BKUR5ETC10,,VL.IG.GOL/FOX/POLO/GOLF1.6GAS,31,85111000,I
BPR5EY,7897707510832,VL.IG.GOL/OMEG/VECTR/ASTR.GAS,21,85111000,I
BUR7ETB10,7897707511068,VL.IG.GOL/PARAT/SAV.MT.AT 97>,28,85111000,I
BKUR7ETB10,7897707507139,VL.IG.GOL/PARAT/SAV/16V 97>TD,28,85111000,I
BPR6ES,7897707506880,VL.IG.GOL/TEMP/OPAL/CARAV.ALC,21,85111000,I
BKR6E11D,7897707510436,VL.IG.HONDA FIT 1.4I DSI TDS.,21,85111000,I
LKR7DDE,0087295907245,VL.IG.HYUND.HB20 1.0 12V 12>,32,85111000,I
BPR7ES,7897707506927,VL.IG.MONZ/KADET/UNO/ASTR.ALC,20,85111000,I
19347330,,VL.IG.MONZA/KAD/OPALA/CARAV4C,16,85111000,I
BPR6ES11,7897707506897,VL.IG.MONZA/OPALA/CARAVAN/ALC,20,85111000,I
BP5ES,7897707506743,VL.IG.MONZA/OPALA/GOL/UNO/GAS,15,85111000,I
BPR5ES,7897707506859,VL.IG.MONZA/OPALA/TEMPRA/TIPO,18,85111000,I
ZKR8B10,7897707510153,VL.IG.NOVO UNO FIRE 1.4 FLEX>,18,85111000,I
19347302,,VL.IG.PAL.ADV/IDEA/LINE/PUNTO,23,85111000,I
BKR6EZ,7897707508846,VL.IG.PALIO 1.0 8V.TDS.MT.FIR,26,85111000,I
BKR6E,,VL.IG.PALIO/FIOR/WEEK/UNO/1.0,29,85111000,I
BKR6EKC,7897707510474,VL.IG.PALIO/MAREA/CORSA/VECTR,24,85111000,I
41LR7VA,,VL.IG.UNO/TEMPR/MONZA/GOL ALC,18,85111000,I
BKR7ESB,7897707510559,VL.IG.VW FOX 1.0/6 T.FLEX 05>,26,85111000,I
EU50012,,DISTR.COMPL.FUSCA C/AVAN/ARAN,293,85113010,I
AT0517,,DISTR.COMPL.FUSCA/KOMBI 90>TD,320,85113010,I
AT0210,7898522902109,BOB.IG.FOX/POLO/GOLF/GOL 03>.,260,85113020,I
GC4105,7898252657140,BOB.IG.GOL/SANT/ESC/VERO.94>G,127,85113020,I
MMBI0024,,BOB.IG.KAD/MON 92/96 INJ CSUP,135,85113020,I
CE10103,,BOB.IG.UNO/PALIO/TEMP/93>FIRE,108,85113020,I
GC4103,,BOB.IG.UNO/PALIO/TEMP/93>FIRE,95,85113020,I
AT0206,7898522902062,BOB.IG.VW 1.6/1.8/2.0MI TDS.G,66,85113020,I
MMBI0016,7891579205964,BOB.IG.VW 1.6/1.8/2.0MI TDS.G,106,85113020,I
GA059,7898252650226,REG.VOLT.FORD/VW/N.HOLLAND12V,37,85118020,I
GA223,7898252650462,REG.VOLT.GOLF 1.8>2.0 C/S/AR.,72,85118020,I
MMRT510117,,REG.VOLT.GOLF/GOL/POLO/CORSA.,124,85118020,I
MMRT510064,,REG.VOLT.MB/VALMET/TOYOTA 12V,93,85118020,I
GA204,7898252650424,REG.VOLT.OPALA/C-10/D10 DELCO,98,85118020,I
EU30131,,MOD.IG.H.E.I MONZA/KADETT EFI,132,85118030,I
EU30138,,MOD.IG.VW/GM/FORD/FIAT/IG.TZH,132,85118030,I
EIG1989,7898422625160,MOD.IG.VW/GM/FORD/FIAT/IG.TZH,85,85118090,I
UFP4403,,GARFO PT.VW/FIAT/GM TDS.BOSCH,20,85119000,I
MR14083,,ROTOR DIST.FUSCA/KOMBI1500>74,24,85119000,I
PE0700,7895562026390,SUP.ESC.ALT.MONZA/OPALA/DETRO,15,85119000,I
VA594290,7898305942902,SUP.ESC.PT.ESC/FIESTA/KA/>TDS,39,85119000,I
VA594351,7898305943510,SUP.ESC.PT.PALIO1.8/STIL/CORS,61,85119000,I
PE0731,,SUP.ESC.PT.UNO/PALIO/SIENA 4E,32,85119000,I
MYR10214,7898912546234,SUP.ESC.PT.VW/FOR/GM/FIAT4ESC,13,85119000,I
UFP11014,,SUP.ESC.PT.VW/FOR/GM/FIAT4ESC,23,85119000,I
MT514231,,TP.DIST.OPAL/F1000/CARA6C.G/A,82,85119000,I
B9231086370,,TP.DIST.VW 87>FORD 89>C/PINOS,114,85119000,I
FL668,,FAROL MILHA 152X78MM FERRO6X3,79,85122011,I
NF15V,7897563506147,FAROL MILHA 152X78MM FERRO6X3,48,85122011,I
FL703CR,7898240261212,FAROL MILHA 85MM PLAST.CRISTL,50,85122011,I
SLL1231,6949999895058,LAMPADA TORP.31MM C/LED12V/BR,23,85122019,I
SLL1236,6949999895065,LAMPADA TORP.36MM 3LED 12V/BR,20,85122019,I
SLL1242,6949999895072,LAMPADA TORP.42MM 3LED 12V/BR,24,85122019,I
NLC3612,,LAMPADA TORP.36MM C/LED12V/BR,10,85122021,I
NL034212,,LAMPADA TORP.42MM 3LED 12V/BR,7,85122021,I
LS252,,LANT.LAT.DT.TIPO TDS.ACR.AMAR,18,85122021,I
LS298,,LANT.LAT.GOLF/BORA/POLO CRIST,28,85122021,I
LS266,,LANT.PLACA A/C/D20 TDS.PRETA.,32,85122021,I
LS210,,LANT.PLACA BRAS/PASSAT/GOL>86,10,85122021,I
LS294CP,,LANT.PLACA F1000/RANGER98 C/P,29,85122021,I
LS405,,LANT.PLACA FOX/GOL G4 S/SOQ..,18,85122021,I
LS242R,,LANT.PLACA GOL 95/00 C/SOQUET,10,85122021,I
LS222R,,LANT.PLACA N.UNO/PALIO ATRATI,24,85122021,I
LS225,,LANT.PLACA OPALA/CARAV>87 TDS,23,85122021,I
LS431,,LANT.PLACA PALIO 04/08 S/SOQ.,23,85122021,I
LS230,,LANT.PLACA PANO/FIOR/PREM/ELB,13,85122021,I
LS293R,,LANT.PLACA PARATI G3 C/SOQUET,21,85122021,I
LS292R,,LANT.PLACA SAVEIRO G3 C/SOQUE,26,85122021,I
LS204,,LANT.TETO CORCEL II/D.REY TDS,15,85122021,I
LS422,,LANT.TETO PALIO WEK/SIE.CENTR,39,85122021,I
PR2553,7898262800406,LANT.DT.PARALAMA FORD 2 POLOS,24,85122022,I
ETE7976,7895479024076,LANT.LAT.UNO/PREM/ELBA TDS.MD,15,85122022,I
ETE7104,,LANT.PLACA A/C/D20 TDS.PRETA.,58,85122022,I
ETE7078A,,LANT.PLACA BRAS/PASSAT/GOL>86,12,85122022,I
ETE7156,7895479001329,LANT.PLACA CHEVET/OPALA 80/87,13,85122022,I
ETE7075,7895479000889,LANT.PLACA CORCEL II/D.REY TD,8,85122022,I
ETE7977,7895479005020,LANT.PLACA CORSA/KAD/VECT.96>,13,85122022,I
ETE7079,7895479000933,LANT.PLACA ESCORT TDS.MOD.>87,12,85122022,I
ETE7973,,LANT.PLACA ESCORT TDS.MOD.87>,24,85122022,I
ETE7903,7895479024465,LANT.PLACA FIESTA/KA TDS.MOD.,8,85122022,I
ETE7125,7895479019072,LANT.PLACA FOX/GOL G4 S/SOQ..,18,85122022,I
ETE7071,7895479000834,LANT.PLACA FUSCA TDS.MODELOS>,10,85122022,I
ETE7070,7895479000827,LANT.PLACA GOL 86>VOY/PAR/SAV,7,85122022,I
ETE7067L,,LANT.PLACA GOL G2 95/00 S/SOQ,10,85122022,I
ETE7126,7895479019096,LANT.PLACA MILLE04>/PALI/IDEA,18,85122022,I
ETE7972,,LANT.PLACA OPALA/CARAV>87 TDS,16,85122022,I
ETE7069,,LANT.PLACA PALIO/SIENA/WEEKEN,24,85122022,I
ETE7974,7895479004993,LANT.PLACA PANO/FIOR/PREM/ELB,12,85122022,I
ETE3504,,LANT.PLACA S/SOQ.HYUNDAI HB20,29,85122022,I
ETE7065E,,LANT.PTA.MONZA/KAD/OPAL/D20LE,13,85122022,I
ETE7670,7895479028258,LANT.TETO CELTA TDS.MODELOS..,24,85122022,I
ETE7057,7895479000575,LANT.TETO CHEVET/MONZA ANTIGO,7,85122022,I
ETE7055,,LANT.TETO CORCEL II/D.REY TDS,15,85122022,I
ETE7158,7895479021815,LANT.TETO FIESTA/ESCORT>04 TD,39,85122022,I
ETE7157,7895479001336,LANT.TETO FUSCA 67/77 TODOS M,13,85122022,I
ETE7182,7895479027237,LANT.TETO KOMBI/GOL/SAV.94>02,108,85122022,I
ETE7142,,LANT.TETO PAL/SIEN.01>03CZ.ES,69,85122022,I
ETE7155,7895479001312,LANT.TETO PASSAT/BRAS/GOL/VER,12,85122022,I
ETE7918,,LANT.TETO/PT.MALA MONZ/CHE10W,8,85122022,I
ETE7073,,LENTE LANT.PLACA GOL/VOY/SAV.,5,85122022,I
GF0027AM,,LENTE LANT.TOPO FURGOES UN.AM,5,85122022,I
GF0027VM,,LENTE LANT.TOPO FURGOES UN.VM,5,85122022,I
HTPS113,7898235752527,CIRC.IMPR.LANT.ESCORT87/95D/E,61,85122029,I
GF220816,,LANT.ADAPT.PLACA S/ABAS CR TD,21,85122029,I
GF0210AM,,LANT.DT.MB L608D AMARELA TDS.,16,85122029,I
GF0210VM,,LANT.DT.MB L608D VERMELHA TDS,16,85122029,I
DSC1128,7898938361286,LANT.LEITURA OPALA/MONZA 85>.,92,85122029,I
DEP3009,,LANT.PLACA BRAS/PASSAT/GOL>86,13,85122029,I
DEP3377,,LANT.PLACA CELTA 06>PRISMA TD,32,85122029,I
DSC6001,7898610550380,LANT.PLACA CORSA/KAD/VECT.96>,13,85122029,I
DSC6006,7898610550465,LANT.PLACA FOX/GOL G4 S/SOQ..,18,85122029,I
DEP3005,,LANT.PLACA FUSCA TDS.MODELOS>,13,85122029,I
DEP3010,,LANT.PLACA GOL 86>VOY/PAR/SAV,10,85122029,I
DSC6023,7898610551158,LANT.PLACA KOMBI 98> TDS.MOD.,21,85122029,I
DSC6034,,LANT.PLACA LOGAN/SANDERO,28,85122029,I
DEP3364,,LANT.PLACA S/SOQ.HYUNDAI HB20,31,85122029,I
DSC6005,7898610550441,LANT.PLACA UNO/MILLE/BRIO TDS,20,85122029,I
DEP3114,,LANT.PLACA UNO/PREMI/L200 >01,15,85122029,I
GF0156AM,7895567006588,LANT.PUDIM B/BAIXA NYLON AM,15,85122029,I
GF0156VM,,LANT.PUDIM B/BAIXA NYLON VM,18,85122029,I
DSC1134,7898938361354,LANT.TETO CELTA TDS.MODELOS..,21,85122029,I
DSC1114,7898938361125,LANT.TETO CHEVET/MONZA ANTIGO,8,85122029,I
DEP1007,7898324931437,LANT.TETO GOL 87>SANTANA/VOY.,18,85122029,I
DSC1149,,LANT.TETO KA/FIESTA/ECO/COURI,85,85122029,I
DSC1135,,LANT.TETO KOMBI/GOL/SAV.94>02,77,85122029,I
DSC1116,,LANT.TETO MONZA/OPALA 85> TDS,24,85122029,I
DSC1129,,LANT.TETO PALIO/SIENA 96>00CZ,47,85122029,I
DSC1118,,LANT.TETO PASSAT/BRAS/GOL/VER,16,85122029,I
DEP1008,,LANT.TETO UNO/ELB/DUCAT.C/FOR,44,85122029,I
DSC1110CZ,7898938361088,LANT.TETO UNO/ELB/DUCAT.C/FOR,23,85122029,I
DEP1002,,LANT.TETO/PT.MALA MONZ/CHE10W,8,85122029,I
GF0208AM,7895567010127,LANT.TOPO FURGOES CANT.OVALAM,10,85122029,I
GF0208VM,7895567010172,LANT.TOPO FURGOES CANT.OVALVM,12,85122029,I
GF0212VM,7895567007189,LANT.TOPO FURGOES PEQUENA VM.,7,85122029,I
GF0205BIC,,LANT.TS.PARACH.CANOINHA BIC..,28,85122029,I
DSC1007,,LENTE LANT.TETO 147/UNO/PREMI,7,85122029,I
DSC1004,7898938361040,LENTE LANT.TETO MONZA/OPA/KAD,10,85122029,I
GB1064,,BUZ.BI-BI GR.SOM/MB. UNIV.12V,63,85123000,I
GB1065,,BUZ.BI-BI GR.SOM/MB. UNIV.24V,71,85123000,I
GB1050,,BUZ.IND.CARAC.1T.UNIV.12V PR.,44,85123000,I
GB1052,7898252654651,BUZ.IND.CARAC.2T. GRAVE  12V.,23,85123000,I
MQ90213,7899705801202,BUZ.IND.CARAC.2T. GRAVE  12V.,21,85123000,I
VTO213,7898057971496,BUZ.IND.CARAC.2T. GRAVE  12V.,28,85123000,I
GB1057,7898252654699,BUZ.IND.CARAC.C/SUP. GOL 98>,23,85123000,I
GB1055,7898252654682,BUZ.IND.CARAC.PALIO TODOS 12V,40,85123000,I
MQ90209,7899705801172,BUZ.IND.CARAC.PALIO TODOS 12V,21,85123000,I
VTO209,,BUZ.IND.CARAC.PALIO TODOS 12V,37,85123000,I
GB1060,,BUZ.PAQUERINHA SOM/MB. UN.12V,68,85123000,I
DNI4001,7896562140017,SIRENE M.RE C/SOM INTERM.12V.,23,85123000,I
G206D,,BARRA LIG.GOL 95/99/PAR/SAV.D,52,85129000,I
G048DG,,BARRA LIG.GOL/VOYAGE/SAVEIR.D,58,85129000,I
G203E,7898175234152,BARRA LIG.KADETT TODOS MOD.LE,28,85129000,I
G043EP,,BARRA LIG.MONZA TDS.82>PEQUEN,37,85129000,I
G213EG,7898175236125,BARRA LIG.PALIO/SIENA/WEEK.GR,47,85129000,I
G201DG,7898175234107,BARRA LIG.SANTAN/QUANT.GRD.LD,47,85129000,I
G201EP,7898175234114,BARRA LIG.SANTAN/QUANT.PEQ.LE,47,85129000,I
LS141,,BICO LAV.DT.CORSA TDS.MODELOS,16,85129000,I
LS137,,BICO LAV.DT.GOL GIV TDS.MODEL,37,85129000,I
LS140,,BICO LAV.DT.GOL/PAR/SAV.87>01,10,85129000,I
LS147,,BICO LAV.DT.GOL/VOYAGE/PARATI,8,85129000,I
LS153,,BICO LAV.DT.MONZA/KADETT/IPAN,12,85129000,I
BIW169,,BICO LAV.TS.FIAT UNO TODOS...,10,85129000,I
LS148,,BICO LAV.TS.GOL/PARAT/QUANTUM,10,85129000,I
C1100,,BRACO LIMP.147/FIORIN/PANORAM,44,85129000,I
G702,,BRACO LIMP.147/FIORIN/PANORAM,69,85129000,I
C3102,,BRACO LIMP.CHEVETT/MARAJO D/E,58,85129000,I
G718,,BRACO LIMP.CHEVETT/MARAJO D/E,96,85129000,I
C2100,,BRACO LIMP.CORCEL/BELINA71/77,55,85129000,I
G707,,BRACO LIMP.CORCEL/D.REY78>D/E,82,85129000,I
G771D,7898175232226,BRACO LIMP.CORSA 94/2000 L.D.,60,85129000,I
G771E,7898175232233,BRACO LIMP.CORSA 94/2000 L.E.,64,85129000,I
C2102,7897270103677,BRACO LIMP.ESC/VER/HOBBY >96,68,85129000,I
C4100,7897270103936,BRACO LIMP.ESC/VER/HOBBY >96,68,85129000,I
C4103,,BRACO LIMP.FUSCA 59/66 TODOS,53,85129000,I
G740,,BRACO LIMP.FUSCA 59/66 TODOS,48,85129000,I
C4104,,BRACO LIMP.FUSCA 67/73 PARAF.,45,85129000,I
G741,,BRACO LIMP.FUSCA 67/73 PARAF.,69,85129000,I
G742,7898175231953,BRACO LIMP.FUSCA 76/78 GANCHO,32,85129000,I
C4109,,BRACO LIMP.GOL/SAV/PAR/96>D/E,58,85129000,I
G772,7898175232240,BRACO LIMP.GOL/SAV/PAR/96>D/E,63,85129000,I
G744E,,BRACO LIMP.GOL/VOYAGE 81/95 E,52,85129000,I
C3104,,BRACO LIMP.KADETT/IPANEMA TDS,55,85129000,I
G764,,BRACO LIMP.KADETT/IPANEMA TDS,108,85129000,I
C4110,,BRACO LIMP.KOMBI 67/75 TODOS>,60,85129000,I
G747,7898175232011,BRACO LIMP.KOMBI 67/75 TODOS>,58,85129000,I
C4111,,BRACO LIMP.KOMBI CLIPP.76>D/E,60,85129000,I
G746,,BRACO LIMP.KOMBI CLIPP.76>D/E,71,85129000,I
C4503,,BRACO LIMP.MB L608/708PASS>77,55,85129000,I
G748,7898175232028,BRACO LIMP.MB L608/708PASS>77,47,85129000,I
G726,,BRACO LIMP.MONZA 84/96 LD/LE.,85,85129000,I
G716,7898175231717,BRACO LIMP.OPALA/CARAV. 73/88,34,85129000,I
C3101,,BRACO LIMP.OPALA/CARAV. 89>.,64,85129000,I
G717,,BRACO LIMP.OPALA/CARAV. 89>.,95,85129000,I
C1104E,,BRACO LIMP.PALIO/SIENA >00 LE,74,85129000,I
G777E,7898175232301,BRACO LIMP.PALIO/SIENA >00 LE,63,85129000,I
C1106D,,BRACO LIMP.PALIO/SIENA 01> LD,90,85129000,I
G783E,,BRACO LIMP.PALIO/SIENA 01> LE,114,85129000,I
C2103D,,BRACO LIMP.SANT/VERSA84/97 LD,79,85129000,I
G750D,7898175232042,BRACO LIMP.SANT/VERSA84/97 LD,63,85129000,I
C2103E,,BRACO LIMP.SANT/VERSA84/97 LE,79,85129000,I
G750E,7898175232059,BRACO LIMP.SANT/VERSA84/97 LE,56,85129000,I
C3157T,,BRACO LIMP.TS.CORSA 2PT.TD94>,74,85129000,I
G952B,,BRACO LIMP.TS.FIAT UNO>94 TDS,82,85129000,I
G958G,,BRACO LIMP.TS.KADETT SLE/GLS.,106,85129000,I
C1153T,,BRACO LIMP.TS.UNO TDS.MOD.95>,63,85129000,I
G972G,7898175232516,BRACO LIMP.TS.UNO TDS.MOD.95>,50,85129000,I
C1101,,BRACO LIMP.UNO/PREMIO/FIOR87>,77,85129000,I
G703,,BRACO LIMP.UNO/PREMIO/FIOR87>,92,85129000,I
G7993,,CAPA P/BRACO MONZA/CORSA D/E.,7,85129000,I
G7991,,CAPA P/BRACO UNIVERSAL ADAPTD,48,85129000,I
DEP2273,7898324938177,CIRC.ADAPT.LANT.CELTA >06 LD.,63,85129000,I
DEP2274,,CIRC.ADAPT.LANT.CELTA >06 LE.,84,85129000,I
DEP2271,,CIRC.ADAPT.LANT.CELTA 06> LD.,84,85129000,I
DEP2272,7898324933981,CIRC.ADAPT.LANT.CELTA 06> LE.,60,85129000,I
ETE1012,7895479024748,CIRC.IMPR.LANT.CHEVETTE  D/E.,47,85129000,I
PL0100500,,CIRC.IMPR.LANT.CHEVETTE  D/E.,48,85129000,I
PL0101200,,CIRC.IMPR.LANT.CORSA 00> L.D,39,85129000,I
ETE1118,,CIRC.IMPR.LANT.CORSA 00> L.D.,71,85129000,I
PL0101100,,CIRC.IMPR.LANT.CORSA 00> L.E,39,85129000,I
ETE1117,,CIRC.IMPR.LANT.CORSA 00> L.E.,71,85129000,I
PL0103500,,CIRC.IMPR.LANT.CORSA 99> L.E.,44,85129000,I
PL0101300,,CIRC.IMPR.LANT.ESCORT87/95D/E,66,85129000,I
PL0103800,,CIRC.IMPR.LANT.FOX 05/08 L.D.,47,85129000,I
PL0103700,,CIRC.IMPR.LANT.FOX 05/08 L.E.,64,85129000,I
DEP7224,7898324933400,CIRC.IMPR.LANT.GOL CENTRA85>E,45,85129000,I
PL0100700,,CIRC.IMPR.LANT.GOL CENTRA85>E,50,85129000,I
PL0100900,,CIRC.IMPR.LANT.GOL LAT. 87/96,45,85129000,I
PL0100600,,CIRC.IMPR.LANT.GOL RE  87/94.,50,85129000,I
ETE1028,7895479024908,CIRC.IMPR.LANT.PALIO 96/00 LD,80,85129000,I
PL0101800,,CIRC.IMPR.LANT.PALIO 96/00 LD,48,85129000,I
PL0101700,,CIRC.IMPR.LANT.PALIO 96/00 LE,48,85129000,I
ETE1014,7895479024762,CIRC.IMPR.LANT.UNO 4SOQUET.LD,36,85129000,I
PL0100200,,CIRC.IMPR.LANT.UNO 4SOQUET.LD,21,85129000,I
ETE1015,7895479024779,CIRC.IMPR.LANT.UNO 4SOQUET.LE,24,85129000,I
G290,7898175235401,JG.KT.PIVO FUSCA TDS.MOD.>73.,44,85129000,I
DSC7007E,7898574040705,LENTE REFL.P/PARA.TS.PAL.04>.,15,85129000,I
PVF10U,,PALH.LIMP.TS.10P.VW UP 2014>,36,85129000,I
G089,7898175232981,PIVO LIMP.BRASILIA/VARIANT II,39,85129000,I
G090D,,PIVO LIMP.FUSCA TODOS >73 L/D,77,85129000,I
G090E,,PIVO LIMP.FUSCA TODOS >73 L/E,72,85129000,I
G033E,,PIVO LIMP.FUSCA TODOS 73> L/E,93,85129000,I
G080AD,,PIVO LIMP.GOL/PARAT/SAV/VOY.D,186,85129000,I
G080AE,,PIVO LIMP.GOL/PARAT/SAV/VOY.E,184,85129000,I
G066BD,7898175245264,PIVO LIMP.OPALA/CARAVAN 75>LD,181,85129000,I
G066BE,7898175232745,PIVO LIMP.OPALA/CARAVAN 75>LE,197,85129000,I
G080E,7898175232929,PIVO LIMP.VOYAG/PASSAT/GOL LE,128,85129000,I
MQ1003,7898522910036,RESIST.VENT.VW 88>TDS.2 PINOS,32,85149000,I
AF10000139,,"FAL.QUADRIAX.4"" 110WRMS (PAR)",106,85182100,I
11030341,,ANT.INT.AMPLIF.HASTE RETRATIL,40,85291019,I
101007,7890000106108,KT.TRAVA EL.2PTA.C/CENTR.UNIV,60,85311090,I
EU81003,7898942082221,RESIST.VENT.VW 88>TDS.2 PINOS,48,85332900,I
WH412310,,PLUG EL.FIES/ECOSP/RANGE/FOCU,88,85334011,I
ICD123,,SENS.BORB.CORSA/MONZ/S10 MPFI,76,85334091,I
AM16003,7898285072545,FUS.LAMINA UNIV.LILAS 03 AMP.,2,85361000,I
AM16007,7898285072552,FUS.LAMINA UNIV.MARRO.7.5AMP.,2,85361000,I
DNI317005,,FUS.LAMINA UNIV.MINI  05 AMP.,2,85361000,I
DNI317015,,FUS.LAMINA UNIV.MINI  15 AMP.,2,85361000,I
AM17020,7898285072637,FUS.LAMINA UNIV.MINI  20 AMP.,2,85361000,I
AM17030,7898285072651,FUS.LAMINA UNIV.MINI  30 AMP.,2,85361000,I
AM17007,7898285072606,FUS.LAMINA UNIV.MINI 7.5 AMP.,2,85361000,I
AM16030,7898285072071,FUS.LAMINA UNIV.VERDE 30 AMP.,2,85361000,I
AM11015,7898285072521,FUS.LOUCA UNIVERSAL  15  AMP.,2,85361000,I
DNI319030,,FUS.MEGA FEMEA UNIVER.30 AMP.,16,85361000,I
DNI319130,,FUS.MEGA MACHO UNIVER.30 AMP.,15,85361000,I
AM17715,,FUS.MICRO2 FORD 14> AZUL 15A,24,85361000,I
AM17730,,FUS.MICRO2 FORD 14> VERDE 30A,24,85361000,I
AM17710,,FUS.MICRO2 FORD 14>VERMEL.10A,24,85361000,I
AM15003,,FUS.VIDRO UN.RADIO PQ.03 AMP.,2,85361000,I
AM13005,,FUS.VIDRO UNIVERSAL  05  AMP.,2,85361000,I
ETE7259,,CX.FUS.FUSCA/KOMBI >75 8POLOS,138,85363090,I
RTG001,,ENGR.TBI.CORSA/MERIV/PALIO1.4,34,85364100,I
DNI8206,,MINI RELE AUX.LOGAN/CLIO 4T.,39,85364100,I
DNI0117,,RELE AR GOL/VOY/PAR.BX 40/12V,79,85364100,I
DNI0193,,RELE AR/VENT.PALIO/ASTR/VECTR,45,85364100,I
DNI8500,,RELE ARREF.SANTAN/QUANTUM C/A,109,85364100,I
TRA900000,,RELE AUX.AR/VD/INJ/VW/FORD 4T,28,85364100,I
DNI0116,7896562101162,RELE AUX.C/SU.UN.40/30A.5T12V,12,85364100,I
DNI0112,,RELE AUX.C/SUP.UNIV.30A.4T12V,13,85364100,I
TRA712170,,RELE AUX.C/SUP.UNIV.70A.4T12V,21,85364100,I
DNI0115,7896562101155,RELE AUX.S/SU.UN.40/30A.5T12V,12,85364100,I
TRA712070,,RELE AUX.S/SUP.UNIV.70A.4T12V,24,85364100,I
DNI0111,7896562101117,RELE AUX.VW/GM/FD/FT4T40A.12V,10,85364100,I
TRA101213,,RELE AUX.VW/GM/FORD/RENAULT4T,18,85364100,I
TRA905000,,RELE BOMB.COMB.CORS/OMEG/ASTR,32,85364100,I
IM16002,7897086518108,RELE BOMB.COMB.SANT/GOLF/AUDI,50,85364100,I
DNI0103,,RELE BOMB.COMB.VECTR/ASTRA 4T,53,85364100,I
DNI8135,,RELE DUPLO FAROL 40A.500W.12V,61,85364100,I
IM16022,,RELE INJ.EL.UNO/GOL/CORS/MONZ,112,85364100,I
DNI0123,,RELE MINI AUX.VW/GM/FORD/FIAT,15,85364100,I
DNI1103,7896562111031,RELE PISCA VW/GM/FORD/FIAT 3T,16,85364100,I
IM11430,7897086504804,RELE PISCA VW/GM/FORD/FIAT 3T,20,85364100,I
DNI0331,7896562103319,RELE TEMP.LIMP.CHEV/OPAL83/93,48,85364100,I
DNI0317,7896562103173,RELE TEMP.LIMP.GOL/CORS/F1000,47,85364100,I
IM11412,7897086504736,RELE TEMP.LIMP.GOL/CORS/F1000,36,85364100,I
TRT150243,,RELE TEMP.LIMP.GOL/CORS/F1000,60,85364100,I
DNI0326,7896562103265,RELE TEMP.LIMP.GOL/SANT/TOY5T,61,85364100,I
MMR3001,,RELE TEMP.LIMP.MONZ/CORS/ASTR,63,85364100,I
K12057060,,BOTAO PISCA AL.UNO/PALIO08>17,47,85365090,I
EC2062,,BOTAO PT.MB/GM/FORD/TOYO/UNIV,15,85365090,I
F1041,,BOTAO PT.MB/GM/FORD/TOYO/UNIV,29,85365090,I
IMS11036,7897086515091,BOTAO PT.UNIVERSAL D.K.W TDS.,10,85365090,I
IM11101,7897086500844,CH.GERAL FUSCA C/SUP.BOT.PEQ.,39,85365090,I
OP062202,,CH.LIMP.CORC/BEL/81/84 C/TEMP,112,85365090,I
K1200103,7894708000102,CH.LIMP.DT.GOL 88>95 C/TEMP.,72,85365090,I
K1836360,7894708017926,CH.LIMP.DT.TEMP.CORS/ASTR94>.,66,85365090,I
IM22370,7897086517675,CH.LUZ CORSA/OMEG/92>C/REOST.,68,85365090,I
EC7114,7895706002532,CH.LUZ FUSCA/BRAS/KOMB/TL 67>,31,85365090,I
K3109030,,CH.LUZ GOL G2 95>C/REOSTATO..,138,85365090,I
K4052325,,CH.LUZ GOL G2 97/99 C/REOSTAT,269,85365090,I
K3847218,7894708003271,CH.LUZ GOL/PAR/VOY84>C/REOST.,61,85365090,I
K4849500,7894708005473,CH.LUZ MONZA 84>KADETT 89/97,37,85365090,I
IM11162,7897086501162,CH.LUZ MONZA/KADETT TDS.82/85,36,85365090,I
IM22372,,CH.LUZ OPALA/CHEV/CAMINHAO85>,76,85365090,I
IM11166,7897086501186,CH.LUZ PAS>87/GOL/VOY/PARAT83,92,85365090,I
IM38472,7897086512526,CH.LUZ SANT/QUAN91>98 C/REOST,45,85365090,I
F1012,7898237172439,CH.LUZ UNIV.3POS.PARAFUS.5TER,45,85365090,I
CSC008,,CH.SETA CHEVET.S/ROL.C/ALAV74,128,85365090,I
K1816360,,CH.SETA CORSA 94>VECTRA 93>TD,87,85365090,I
FD92106,7899705806559,CH.SETA ESC/APOL/VER/92/HOB93,138,85365090,I
OP042030,,CH.SETA FUSCA 75/76 C/FIO BUZ,138,85365090,I
OP042052,7898241534704,CH.SETA FUSCA 82/92 LIMP.ALER,172,85365090,I
OP042062,7898241533837,CH.SETA GOL 82/83 S/TEMP/LIMP,152,85365090,I
K1105300,,CH.SETA GOL/PAR/SAV.95>C/PISC,175,85365090,I
IM12091,7897086516234,CH.SETA GOL/PAR/SAV94>C/TEMP.,103,85365090,I
OP042063,,CH.SETA GOL/VOY/PAR>86C/TEMP.,272,85365090,I
OP042081,,CH.SETA KOMBI 77/81 1 ALAVANC,119,85365090,I
OP042083,,CH.SETA KOMBI 90>C/TEMP/2ALAV,223,85365090,I
OP042085,,CH.SETA KOMBI 95>C/TEMP/2ALAV,263,85365090,I
K1911331,,CH.SETA KOMBI CLIPPER 96>TDS.,77,85365090,I
K1816300,7894708000539,CH.SETA MONZA 82/89 C/COMUTAD,101,85365090,I
K1816310,7894708000546,CH.SETA MONZA/KADE/88>D20 94>,79,85365090,I
LCG1167,7898324938924,COMUT.IG.PALIO/SIENA/DOBLO02>,63,85365090,I
540030,,INT.F/MILHA GOL/PAR/SAV.G3/G4,87,85365090,I
IM34792,,INT.F/MILHA GOL/SANT.>92 1EST,52,85365090,I
K3109020,7894708001192,INT.F/MILHA GOL/SAV/G2 >1996.,56,85365090,I
ITM2383,,INT.FREIO FIAT TDS.CHEK-CONT.,40,85365090,I
ITM2381,,INT.FREIO LOG/KA/FIESTA/COURI,32,85365090,I
ITM2367,,INT.FREIO QUADR.GOL G3/5/FOX,76,85365090,I
ITM2372,,INT.FREIO UNO/ELB/FIORINO/147,31,85365090,I
ITM2377,,INT.FREIO UNO/ELBA/TDS.4 PINO,50,85365090,I
EC7207,7895706007179,INT.LIG/DES.1 PUXADA PARAFUSO,13,85365090,I
F1034,,INT.LIG/DES.TIC-TAC. AL.PLAST,39,85365090,I
EC7270,,INT.OLEO OPALA/A/C10/20/ENCAX,44,85365090,I
MMIPO3379,,INT.OLEO OPALA/A/C10/20/ENCAX,39,85365090,I
RH3370,,INT.OLEO VW AR TDS/MB SPRINTE,56,85365090,I
DNI2001,7896562120019,INT.P/ALERTA FUSCA/KOM/BRA74>,44,85365090,I
GM6002,,INT.P/ALERTA KADET TDS.MOD89>,69,85365090,I
IM11195,,INT.P/ALERTA SANT/GOL/VOY/84>,52,85365090,I
DSC1220,7898938361668,INT.PT.CORCEL II/F1000 TODOS,10,85365090,I
ETE7947,7895479004740,INT.PT.CORCEL II/F1000 TODOS,12,85365090,I
DSC1201,,INT.PT.FUSCA/BRAS/TL/TC/VARI.,5,85365090,I
EC7157,,INT.PT.FUSCA/BRAS/TL/TC/VARI.,5,85365090,I
ETE7938,7895479004658,INT.PT.OPALA TODOS MOD.CURTO,10,85365090,I
ETE7631,7895479028296,INT.PT.PALIO TDS.FACE RETANG.,8,85365090,I
ETE7955,7895479008311,INT.PT.REGULAVEL ADAPT.UNIVER,7,85365090,I
ETE7948,7895479004757,INT.PT.UNO/PREM/FIOR.MODERNO>,7,85365090,I
GM1026,7899705803299,INT.VD.EL.CELTA TDS.00>SIMPL.,20,85365090,I
570001,7898950584908,INT.VD.EL.ESC/MOND/SIM.D/T.VD,18,85365090,I
UN1002,7899705804777,INT.VD.EL.ESC/MOND/SIM.D/T.VD,16,85365090,I
FD1012,7899705803947,INT.VD.EL.ESCORT >92 DUPLO TD,42,85365090,I
FD1011,7899705803930,INT.VD.EL.ESCORT >92 SIMPLES>,28,85365090,I
IM11158,7897086504378,INT.VD.EL.ESCORT >92 SIMPLES>,23,85365090,I
540003,7898950584557,INT.VD.EL.FOX/GOL 04>DUPLO LE,21,85365090,I
OP021078,7898241536173,INT.VD.EL.FOX/GOL 04>DUPLO LE,39,85365090,I
VW1004,7899705804067,INT.VD.EL.FOX/GOL 04>DUPLO LE,31,85365090,I
VW1003,7899705804050,INT.VD.EL.FOX/GOL 04>SIMPL.LD,18,85365090,I
VW1001,7899705804036,INT.VD.EL.GOL G2 95> SIMPLES>,16,85365090,I
K3900031,,INT.VD.EL.GOL G2/SANTANA PR..,85,85365090,I
VW1018,,INT.VD.EL.GOL G2/SANTANA PR..,31,85365090,I
VW1002,7899705804043,INT.VD.EL.GOL G3 99> SIMPLES.,18,85365090,I
540007,7898571801965,INT.VD.EL.GOL/SANT/PAR/SAV88>,28,85365090,I
K3838415,7894708003226,INT.VD.EL.GOL/SANT/PAR/SAV88>,31,85365090,I
K3832101,7894708002113,INT.VD.EL.MONZA 83/85 TDS.MOD,60,85365090,I
510013,,INT.VD.EL.OPALA/MONZA 88>TDS.,31,85365090,I
520009,,INT.VD.EL.PALIO 01>2P.FC.DT.D,55,85365090,I
FI1008,7899705803411,INT.VD.EL.PALIO 96>DUPLO VD,37,85365090,I
520006,7898571800654,INT.VD.EL.PALIO 96>SIMPLES VM,36,85365090,I
GE2370,,INT.VD.EL.SANT.98>SIMPLES PR.,50,85365090,I
K3042500,,INT.VD.EL.SANT.98>SIMPLES PR.,82,85365090,I
IM31650,,INT.VD.EL.UNO/PREM/ELBA DUPLO,85,85365090,I
OP021002,,INT.VD.EL.UNO/PREM/ELBA DUPLO,60,85365090,I
IM11160,7897086501148,INT.VENT.CHEVETTE 73>82 2POS.,56,85365090,I
DNI2189,7896562121894,MINI INT.LUZ 2 POSICOES UNIV.,4,85365090,I
IM32078,7897086515893,MINI INT.LUZ 2 POSICOES UNIV.,4,85365090,I
DNI7574,,TERM.BAT.CH.GERAL CORTA CORR.,45,85365090,I
TBC006,,TERM.BAT.PONT.GR.UNIV.CB>70MM,15,85365090,I
ST78200,,TERM.BAT.PONT.PQ.UNIV.CB>35MM,7,85365090,I
TBC0021,,TERM.BAT.POS.SAPAO C/PARAFUSO,24,85365090,I
TSB0021,,TERM.BAT.POS.SAPAO C/PARAFUSO,21,85365090,I
ST78112R,,TERM.BAT.SAPAO REFOR.POS.C/PR,7,85365090,I
ST78112S,7898948697078,TERM.BAT.SAPINHO REFORC.C/PR.,5,85365090,I
E0800,,TOMADA ENG.ALUM.FEMEA 7 POLOS,61,85365090,I
DEP2013,7898324933608,SQ.BLOCO OTICO LAMP.ESMAG.5W.,7,85366100,I
DEP3028,,SQ.FAROL 69 FUSCA/KOMBI/BRAS.,5,85366100,I
DEP3040,,SQ.FAROL 69 SANT/GOL/PARAT86>,15,85366100,I
DEP2012,,SQ.FAROL H1 UNIVERSAL C/SOQ.>,16,85366100,I
DEP3091,7898324938054,SQ.FAROL H7 GOL/VOYAG.GV/ASTR,16,85366100,I
DEP3008,,SQ.ISOL.PAINEL MB/SCAN/VOLVO/,7,85366100,I
DEP3018,,SQ.LANT.1POLO GOL/PAS/PAR/SAV,4,85366100,I
DEP3019,,SQ.LANT.2POLO GOL/PAR/PAS/SAV,4,85366100,I
DEP3102,,SQ.LANT.UNO/PREM/ELBA85/92ART,7,85366100,I
DEP7048,7898324930850,SQ.PAINEL FUSCA TDS.MOD.CURTO,5,85366100,I
DEP7045,,SQ.PAINEL MONZA/VOLVO/MB. MOD,10,85366100,I
DEP7046,7898324930836,SQ.PAINEL PASSAT ANTIG/SCANIA,5,85366100,I
DEP3023,7898324930362,SQ.PISCA DT.MONZA83>CHEV/OPAL,12,85366100,I
DEP3095,,SQ.PISCA DT.PALIO/TEMPRA CINZ,12,85366100,I
DEP3034,,SQ.PLACA OPALA/LATERAL CHEVET,12,85366100,I
ETE7268,,REG.FAROL ESCORT/APOL/VER.87>,10,85366990,I
ETE7266,7895479001831,REG.FAROL UNO/PREM/ELB.>93 PQ,7,85366990,I
ETE7265,,REG.FAROL UNO/PREMIO/ELBA/FIO,10,85366990,I
ETE7236,,SQ.ADAPT.1POL.VW/FORD/GM/FIAT,8,85366990,I
ETE7237,7895479017078,SQ.ADAPT.2POL.VW/FORD/GM/FIAT,7,85366990,I
ETE7095,,SQ.C/GARRA TS.1P.BRASILIA 78>,7,85366990,I
ETE7096,7895479001107,SQ.C/GARRA TS.2P.BRASILIA 78>,5,85366990,I
ETE7216N,,SQ.C/GARRA/NYLON 1POLO UNIVER,7,85366990,I
ETE7218N,7895479001633,SQ.C/GARRA/NYLON 2P.TRANSVERS,4,85366990,I
ETE7210,,SQ.C/SUP.1POLO PARALELO UNIV.,8,85366990,I
ETE7223,7895479001688,SQ.CAPO C/INTERRUPTOR UNIVERS,12,85366990,I
ETE7437,7895479002944,SQ.FAROL 2825 CORSA/S10/FIAT>,5,85366990,I
ETE7099A,,SQ.FAROL 69 FUSCA/KOMBI/BRAS.,5,85366990,I
ETE7094,,SQ.FAROL C/MOLA VW TDS.MODERN,16,85366990,I
ETE7061,7895479026490,SQ.ISOL.PAINEL MB/SCAN/VOLVO/,4,85366990,I
ETE7111,7895479001206,SQ.LANT.1POLO BRASILIA/VARIAN,2,85366990,I
ETE7115,7895479001244,SQ.LANT.1POLO GOL/PAS/PAR/SAV,4,85366990,I
ETE7116,,SQ.LANT.2POLO FUSCA TDS MODEL,5,85366990,I
ETE7282,,SQ.LANT.TS.FUSCA 1300 TODOS M,52,85366990,I
ETE7067,7895479000773,SQ.LANT.TS.FUSCA FAFA TDS.MOD,8,85366990,I
ETE7472,7895479017214,SQ.LANT.TS.RANGER/DT.POLO >98,18,85366990,I
ETE7398,7895479027855,SQ.LANT.VECTRA 97>TDS.MODELOS,18,85366990,I
ETE7051,,SQ.PAINEL FUSCA TDS.MOD.LONGO,7,85366990,I
ETE7441,7895479002982,SQ.PAINEL MONZA/VOLVO/MB. MOD,5,85366990,I
ETE7080,7895479000940,SQ.PAINEL OPAL/MONZ/CHEV/FIAT,8,85366990,I
ETE7062,,SQ.PAINEL VW/SCANIA/GM/PINGUI,12,85366990,I
ETE7478,7895479026636,SQ.PISCA CORSA/MERIVA/MONTANA,16,85366990,I
ETE7438,,SQ.PISCA DT.CORSA TDS.MODELOS,13,85366990,I
ETE7979,7895479005044,SQ.PISCA DT.FUSCA TDS.MODELOS,16,85366990,I
ETE7120,7895479064447,SQ.PISCA DT.PALIO/TEMPRA CINZ,8,85366990,I
ETE7121,7895479001299,SQ.PISCA DT.PALIO/TEMPRA PRET,10,85366990,I
ETE7962,7895479004870,SQ.PISCA DT.SANT.86>GOL95>ART,13,85366990,I
ETE7961,7895479004863,SQ.PISCA DT.VW/FORD TDS.87/90,5,85366990,I
ETE7076,7895479000896,SQ.PLACA OPALA/LATERAL CHEVET,7,85366990,I
ETE7206,7895479001459,SQ.ROSETA 2POLO FORD/GM TRANS,8,85366990,I
N200223,7898457730112,SQ.PISCA DT.UNO 91>MD.ARTEB D,10,85369030,I
N200224,7898457730129,SQ.PISCA DT.UNO 91>MD.ARTEB E,10,85369030,I
N200203,7898457730099,SQ.PISCA DT.UNO 91>MD.CIBIE D,10,85369030,I
N200204,7898457730105,SQ.PISCA DT.UNO 91>MD.CIBIE E,10,85369030,I
CB90B,7898339383122,PLUG ADPT.P/ANTENA MOD.UNIVER,4,85369090,I
ETE7026,7895479000223,TERM.BAND.P/FAROL S/TRAV.1.5M,36,85369090,I
IM00186,,TERM.FIO MACHO ESPAD.C/TRAVA.,45,85369090,I
SW961,,LAMPADA B/VD.SUP.WHITE 5W/12V,10,85392110,I
GL7515,7898252656907,LAMPADA FREIO 21/5W/12V 2POLO,7,85392110,I
GL01H1,7898252655238,LAMPADA H1 F.ALTO/AUX.55W/12V,7,85392110,I
GL23H11,7898252655450,LAMPADA H11 F.MILH/AUX.55W/12,23,85392110,I
LH880,7501748635422,LAMPADA H27 F.MILHA HYUNDAI..,36,85392110,I
GL15H5,,LAMPADA H5 BI-IODO 60/55W/12V,24,85392110,I
GL8H8,7899751900430,LAMPADA H8 F.MILH/AUX 35W/12V,29,85392110,I
TK9611,7898916455822,LAMPADA HB4 F.BAIXO 51W/12V..,16,85392110,I
SL129006,6949999818200,LAMPADA HB4 F.BAIXO 55W/12V..,12,85392110,I
GL1034,7898252654828,LAMPADA LANT/FREIO 21/5W/12V,2,85392110,I
OS62337M5CB,4008321327086,LAMPADA M5 CB.4000K 35/35W12V,29,85392110,I
T1141AB,7898057975203,LAMPADA PISCA AM.UNIV.21W/12V,4,85392110,I
FXLED641112V,7898964037285,LAMPADA TORP.44MM C/LED12V/BR,10,85392110,I
T2721MF,,"LAMPADA+SOQ.1,2W/12V.TDS PR",7,85392110,I
SUPERBRH4,,LAMPADA H4 SP.WHITE 60/55W12V,12,85392190,I
RH10906,7898553642166,LAMPADA HB4 F.BAIXO 51W/12V..,15,85392190,I
LH921,,LAMPADA B/VIDRO BIG 16W/12VTS,4,85392910,I
TK1013,7898916455198,LAMPADA B/VIDRO PQ. 02W./12V.,2,85392910,I
GL0069,7898252654798,LAMPADA P/LANT.(69) UN.4W/12V,2,85392910,I
GL0075,,LAMPADA PAINEL(75) VW.02W/12V,7,85392910,I
GL1141,7898252654859,LAMPADA PISCA/RE UNIV.21W/12V,2,85392910,I
TK161541,,LAMPADA TORPEDO 41MM 10W/12V.,4,85392910,I
MMLMM2722MFX,,LAMPADA+SOQ.02W/12V.VD.CLARO.,8,85392910,I
MMLMM2721MF8,7891579314802,"LAMPADA+SOQ.1,2W/12V.PRETA TD",7,85392910,I
ATP828,7899463141091,LAMPADA B/VIDRO GR.12V.LED.BR,37,85395000,I
ATP840,,LAMPADA B/VIDRO PQ.12V.LED.BR,32,85395000,I
AL653,7899463131610,LAMPADA BULBO SMD 12V 6W BR,26,85395000,I
ATP826,,LAMPADA B/VIDRO GR.12V.LED.AZ,44,85395200,I
ATP293,,LAMPADA LANT/FREIO LED 12V.BR,106,85395200,I
ATP359,,LAMPADA P/LANT(69)C/LED 12VAZ,52,85395200,I
ATP361,,LAMPADA P/LANT(69)C/LED 12VBR,48,85395200,I
GA1221,,TRIODO ALT.DELCO MONZA 42/65A,15,85411019,I
ATP104,7898156371043,BRAKE LIGHT PRET.16LED/L.VERM,23,85414022,I
MTE70425,,SENS.ROT.TOWNER 1.0 8V 09>...,84,85432000,I
APX0472,7899705801424,"CB.BAT.P/CHUP.2,50MTS.400AMP",37,85443000,I
MMCVMG7302,,JG.FIO VL.CELT/CORS1.0/4/6MPF,80,85443000,I
SCG73,7897707500864,JG.FIO VL.CELT/CORS1.0/4/6MPF,111,85443000,I
XS10001,7897843812029,JG.FIO VL.CELT/CORS1.0/4/6MPF,72,85443000,I
SCG62,7897707500758,JG.FIO VL.CHEVETT/JUNIOR/CHEV,56,85443000,I
XS10646,,JG.FIO VL.CLIO/KANGOO/LOGAN,120,85443000,I
MC3100C,,JG.FIO VL.CORCEL/BELIN.1.6CHT,23,85443000,I
SCG66,7897707500796,JG.FIO VL.CORSA/PICK-UP 94>95,151,85443000,I
XS10637,,JG.FIO VL.FIESTA 1.6 8V 08>14,130,85443000,I
STV28,7897707501724,JG.FIO VL.FOX/GOL POLO 1.6 8V,162,85443000,I
MC1201C,,JG.FIO VL.FUSCA/KOMBI/BRASIL.,44,85443000,I
STV11,7897707500642,JG.FIO VL.GOL 1.0 PLUS AE >96,116,85443000,I
MMCVMV1802,,JG.FIO VL.GOL/PAR/SANT.MI.97>,143,85443000,I
MMCVMV3002,7891579204165,JG.FIO VL.GOL/PAR/SAV1.6 FLEX,128,85443000,I
MMCVMV0902,7891579204004,JG.FIO VL.GOL/PARAT1.6/8I >96,104,85443000,I
STV22,,JG.FIO VL.GOL/SAVEIRO 1.3/1.6,103,85443000,I
STV02,7897707500550,JG.FIO VL.GOL/VERSA/SANT87/93,88,85443000,I
MMCVMV1702,,JG.FIO VL.GOL1.0 MI AT 8V.97>,149,85443000,I
MMCVMV2502,7891579204134,JG.FIO VL.GOLF/A4/GOL/FOX 1.0,106,85443000,I
XS10554,,JG.FIO VL.GOLF/A4/GOL/FOX 1.0,130,85443000,I
BF00099C599,,JG.FIO VL.KOMBI 1.4 FLEX 06>.,205,85443000,I
B9295080047,,JG.FIO VL.KOMBI C/CAT.ROS/LON,141,85443000,I
MMCVMV1302,,JG.FIO VL.KOMBI C/CAT.ROS/LON,140,85443000,I
STV13,7897707500666,JG.FIO VL.KOMBI C/CAT.ROS/LON,127,85443000,I
MMCVMG6502,7891579203335,JG.FIO VL.MONZ/KAD/IPAN>94EFI,79,85443000,I
SCG65,7897707500789,JG.FIO VL.MONZ/KAD/IPAN>94EFI,112,85443000,I
SCG61,,JG.FIO VL.MONZA/KAD.95/96MPFI,120,85443000,I
SCG101,7897707504336,JG.FIO VL.ONIX/PRISM.1.0/413>,149,85443000,I
MC4300C,,JG.FIO VL.OPAL.A10/C20/6C.IG.,60,85443000,I
XS10056,,JG.FIO VL.PALI/UNO 8V.01>FLEX,71,85443000,I
MMCVMT0802,7891579203717,JG.FIO VL.PALIO/BRAVA 1.6 16V,173,85443000,I
MMCVMT0202,,JG.FIO VL.PALIO/DOBL.FIRE 16V,202,85443000,I
SCT54,,JG.FIO VL.PALIO/SIEN.1.0/1.5G,82,85443000,I
MMCVMT6002,7891579203908,JG.FIO VL.PALIO/SIEN/STRAD1.6,56,85443000,I
MMCVMT0902,7891579297761,JG.FIO VL.PALIO/UNO FIRE 8V.F,64,85443000,I
SCT09,7897707501892,JG.FIO VL.PALIO/UNO FIRE 8V.F,90,85443000,I
STV19,,JG.FIO VL.SANT/QUAN.MI1.8/2.0,202,85443000,I
GRD108,,BOTAO ALARME PANICO BLOQUEADO,7,85444200,I
SKY400A,7898527730134,"CB.BAT.P/CHUP.2,50MTS.400AMP",29,85444200,I
TC0139,7898414289929,CB.LIG.DIST.FORD LINHA  LEVE.,20,85444200,I
GC80525,,CB.RCA BLIND.ADAP.Y M.PR.20CM,10,85444200,I
GC805188,7898928463631,CB.RCA BLIND.PROFISS. 5MT.PR.,18,85444200,I
PMK80,,CB.RCA BLIND.PROFISS.5MT.PR.,18,85444200,I
TC1593,,CHIC.1 VIA INJ.EL.LINHA VW,21,85444200,I
ETE7746,7895479007901,CHIC.1 VIA SENS.OLEO FIAT >..,8,85444200,I
ETE7891,,CHIC.1 VIA SENS.OLEO GM/FIAT,20,85444200,I
ETE7771,7895479004016,CHIC.2 VIAS ELETROV.PALI/WEEK,40,85444200,I
ETE7799,7895479014107,CHIC.2 VIAS F.MILHA GOL G3 TD,10,85444200,I
CIS022,,CHIC.2 VIAS F/MILHA 9005 GM..,10,85444200,I
ETE7774,7895479004047,CHIC.2 VIAS F/MILHA 9005 GM..,13,85444200,I
ETE7775,7895479004054,CHIC.2 VIAS F/MILHA/BX.S10/B.,10,85444200,I
ETE7879,,CHIC.2 VIAS INJ.EL/MT C/TERM.,12,85444200,I
TC1006,,CHIC.2 VIAS INJ.EL/MT C/TERM.,15,85444200,I
ETE7731,7895479003859,CHIC.2 VIAS INJ/BOMB.UNO MILL,7,85444200,I
ETE7744,7895479003958,CHIC.2 VIAS INJ/SENS.MONZ/KAD,18,85444200,I
TC1025,7898414280148,CHIC.2 VIAS INJ/SENS.TEMPRA>.,15,85444200,I
ETE7890,7895479008939,CHIC.2 VIAS SENS.TEMP.VW/FORD,15,85444200,I
ETE7798,7895479029620,CHIC.2 VIAS SENS.TEMP.VW/MB..,18,85444200,I
TC1156,7898484696931,CHIC.2 VIAS SENS.TEMP.VW/MB..,21,85444200,I
TC1019,,CHIC.3 VIAS BULB.BAD.VW C/AR.,21,85444200,I
ETE7988,7895479012943,CHIC.3 VIAS BULB.RAD.VW C/AR.,20,85444200,I
ETE7709,7895479023239,CHIC.3 VIAS BULBO RAD.PALIO..,28,85444200,I
ETE7740,7895479029132,CHIC.3 VIAS GM EFI PRES.COLT.,24,85444200,I
ETE5015,7895479012332,CHIC.3 VIAS HALL VW/FIAT/FORD,18,85444200,I
CIS006,,CHIC.3 VIAS INJ/SENS.TPS.TDS.,10,85444200,I
ETE7741,7895479007864,CHIC.3 VIAS INJ/TPS GM E.F.I.,16,85444200,I
ETE7682,7895479023192,CHIC.3 VIAS REP.REG.ALT.FORD,26,85444200,I
ETE7735,7895479003897,CHIC.3 VIAS SENS.BORB.FIA.UNO,10,85444200,I
ETE7752,7895479013377,CHIC.3 VIAS SENS.FASE GOL/FOX,13,85444200,I
CIS016,,CHIC.3 VIAS SENS.VEL/ROT/DET,8,85444200,I
ETE7880,7895479006669,CHIC.3 VIAS SENS.VEL/ROT/DET,12,85444200,I
ETE7887,7895479008878,CHIC.3 VIAS TPS KA/FIEST/COUR,16,85444200,I
ETE7734,7895479003880,CHIC.4 VIAS ATUA.M.LENTA FIAT,12,85444200,I
AT1111,,CHIC.4 VIAS BOB.CORSA/VECTRA.,7,85444200,I
ETE7794,7895479013421,CHIC.4 VIAS BOB.IG.TIPO/CORSA,29,85444200,I
ETE5097,,CHIC.4 VIAS BOMB.COMB.BOSCH,95,85444200,I
ETE7544,7895479003569,CHIC.4 VIAS C/MACHO/FEMEA TDS,7,85444200,I
TC1172,,CHIC.4 VIAS FEMEA INJ/VAO MT.,36,85444200,I
ETE7742,7895479003934,CHIC.4 VIAS INJ/ATUA.M.LEN.GM,15,85444200,I
ETE5767,7895479032668,CHIC.4 VIAS SENS.TEMP.FOX TDS,20,85444200,I
TC1154,7898484694739,CHIC.4 VIAS SENS.TEMP.FOX TDS,28,85444200,I
ETE7754,7895479007963,CHIC.4 VIAS SENS.TEMP.GOL/PAR,20,85444200,I
TC1052,,CHIC.4 VIAS SENS.TEMP.GOL/PAR,29,85444200,I
TC1080,,CHIC.4 VIAS TEMP.AR GOL TDS..,36,85444200,I
ETE5058,7895479018495,CHIC.5 VIAS BOMB.COMB.KA/FIES,21,85444200,I
ETE7899,7895479013339,CHIC.5 VIAS BOMB/TP.COMB.MACH,31,85444200,I
ETE7881,7895479008779,CHIC.5 VIAS MEDI.FLUXO AR GOL,21,85444200,I
ETE7790,7895479004207,CHIC.5 VIAS RESIST.AR VW/FIAT,13,85444200,I
ETE7267,7895479013766,CHIC.5 VIAS VD.ELETRICO VW/GM,12,85444200,I
ETE7666,7895479023079,CHIC.6 VIAS LANT.TS.PALIO,32,85444200,I
TC1865,,CHIC.6 VIAS LANT.TS.PALIO,28,85444200,I
ETE7769,7895479013414,CHIC.7 VIAS LANT.TS.FIAT UNO.,15,85444200,I
TC1046,,CHIC.7 VIAS MOD.IG/BOB.FORD..,37,85444200,I
ETE5062,7895479027121,CHIC.BOB.IG.MONZA/KADET.4VIAS,18,85444200,I
ETE7789,7895479004191,CHIC.BOB.IG.SONDA GOL/PAR/FOX,23,85444200,I
ETE7705,7895479027749,CHIC.CEBOLAO PALIO/CORSA/TEMP,8,85444200,I
ETE7710,,CHIC.FAROL 10V.ADAPT.VW G3 TD,47,85444200,I
TC1126,,CHIC.FAROL 10V.ADAPT.VW G3 TD,55,85444200,I
ETE5214,7895479053694,CHIC.IG.TRANS.GOL/VOY/SAV/PAR,55,85444200,I
TC0122,,CHIC.IG.TRANS.GOL/VOY/SAV/PAR,104,85444200,I
TC0136,,CHIC.IG.TRANS.MONZA A/G 86>TD,84,85444200,I
ETE7606,7895479003743,CHIC.P/CD 16VIAS FEMEA VW/GM.,12,85444200,I
ETE7616,7895479003750,CHIC.P/CD 16VIAS UNIVERSAL...,7,85444200,I
TC0804,,CHIC.P/CD FEM.PIONNER 323/346,23,85444200,I
TC0881,7898414281145,CHIC.P/CD SONY/JCV/AIWA/BLAU.,13,85444200,I
ETE7179,7895479028463,CHIC.P/LAMP.H11 TODS VEICULOS,12,85444200,I
TC1138,7898414282494,CHIC.P/LAMP.H11 TODS VEICULOS,16,85444200,I
ETE5030,,CHIC.REFIL BOMB.BOSCH >PALIO.,36,85444200,I
TC1214,,CHIC.REFIL BOMB.COMB. BOSCH..,12,85444200,I
ETE7793,7895479013254,CHIC.REFIL BOMB.COMB.GOL M.I.,18,85444200,I
ETE5012,7895479012325,CHIC.REFIL BOMB.COMB.MARWAL..,15,85444200,I
ETE5024,7895479012615,CHIC.REFIL BOMB.FORD P/MARWA.,28,85444200,I
ETE5051,7895479012714,CHIC.REFIL BOMB.MARWAL MONZA.,29,85444200,I
ETE7877,7895479006645,"CHIC.RES.COMB/AGUA TERM.""T""..",13,85444200,I
ETE7788,7895479004184,CHIC.SENS.BORB.BOSCH FIAT TDS,37,85444200,I
ETE5813,,CHIC.SENS.DET.PALIO 1.0/4FIRE,44,85444200,I
ETE5762,7895479029491,CHIC.SENS.TEMP.PALIO/KANGOO..,18,85444200,I
ETE7663,7895479023055,CHIC.SENS.TEMP.PALIO/STIL/MAR,20,85444200,I
TC1129,7898414284238,CHIC.SENS.TEMP.PALIO/STIL/MAR,15,85444200,I
ETE7542,,CONEC.2 VIAS C/MACHO/FEMEA TD,4,85444200,I
ETE7502,7895479005327,CONEC.2 VIAS M/F.UNIVERSAL TD,4,85444200,I
ETE7504,,CONEC.4 VIAS M/F.UNIVERSAL TD,7,85444200,I
ETE7506,,CONEC.6 VIAS M/F.UNIVERSAL TD,12,85444200,I
ETE7932,7895479004597,CONEC.TRIP.UNIV.6.3MM TERM.LT,7,85444200,I
ETE7042,7895479000391,PLUG ALT.C/TERM.FORD/VW TODOS,10,85444200,I
ETE7197,7895479001350,PTA.FUS.LAMINA MAXI REF4.00MM,4,85444200,I
ETE7199,7895479001374,PTA.FUS.LAMINA UNIV.REF.4.0MM,4,85444200,I
ETE7200,,PTA.FUS.UNIVERSAL (BAQUELITE),12,85444200,I
ETE7236C,,SQ.ADAPT.1POLO C/CHIC.UNIVER.,10,85444200,I
ETE7090B,7895479001053,SQ.FAROL UNIV.C/FIO 1.50MM TD,5,85444200,I
ORG7492,,SQ.PISCA DT.FORD KA TDS.MODEL,5,85444200,I
ETE7133,,SQ.PISCA DT.UNO 91>MD.ARTEB D,18,85444200,I
ETE7134,7895479014015,SQ.PISCA DT.UNO 91>MD.ARTEB E,13,85444200,I
ETE7123,,SQ.PISCA DT.UNO 91>MD.CIBIE D,18,85444200,I
ETE7124,,SQ.PISCA DT.UNO 91>MD.CIBIE E,18,85444200,I
AM41120,,CB.BAT.POS.120 CM BRASIL./C10,119,85444900,I
AM41080,,CB.BAT.POS.80 CM MONZA/PASSAT,104,85444900,I
PMK76B,7898253497677,"CB.PARAL.SOM CRISTAL 2X0,75MM",200,85444900,I
PMK79B,,"CB.PARAL.SOM CRISTAL 2X0,75MM",188,85444900,I
PMK75A,,"CB.PP 2 FIOS 0,75MM (2X18)",202,85444900,I
DNIHFX2X18BI,7896562191675,"FIO INST.SOM BIC.PR./VM. 0,75",108,85444900,I
DNIHFX2X14BI,7896562196830,"FIO INST.SOM BIC.PR./VM. 1,50",168,85444900,I
PMK78D1,,"FIO/CABINHO 1,50MM PRETO  B14",191,85444900,I
PMK78D,,"FIO/CABINHO 1,50MM VERM.  B14",189,85444900,I
SU26212,7894733000337,ESC.ALT.C/D10/CHEV/OPALA C/SP,4,85452000,I
SX40301,7895562008686,ESC.ALT.CORC/VW/MB SOLD.WAPSA,4,85452000,I
SUBX210,7894733018646,ESC.ALT.CORSA/OMEG/TEMP/SANT,5,85452000,I
SUVX7,7894733000375,ESC.ALT.ESC/SANT/GOL/KOMB/SAV,4,85452000,I
SX40305,7895562008617,ESC.ALT.ESC/SANT/GOL/KOMB/SAV,4,85452000,I
SBX162,7895562007795,ESC.ALT.MB/CORCEL/CHEV.BRASIL,4,85452000,I
SUBX162,7894733000283,ESC.ALT.MB/CORCEL/CHEV.BRASIL,4,85452000,I
SUBX172,7894733000306,ESC.ALT.VW/FIAT/FORD/GM/BOSCH,4,85452000,I
SBX131,,ESC.GER.VW MT.AR/CORC/CBT/VAL,5,85452000,I
SUBX035,,ESC.GER.VW MT.AR/CORC/CBT/VAL,7,85452000,I
SRX060,7895562008655,ESC.PT.OPALA/CHEVROL.DELCO 6C,7,85452000,I
SU21302,,ESC.PT.PASS/GOL/ESC/PAR/WAPSA,16,85452000,I
SBSX043,,ESC.PT.VW/CORC/OPALA/BRASILIA,18,85452000,I
SUX28-171,,ESC.PT.VW/PASSAT/FIAT/CHEVETT,10,85452000,I
ETE7511,7895479003309,LUVA P/TERM.BANDEIRA6.3MFEMEA,23,85472090,I
GBC003,7898518481793,SUP.FIX.BAT.FUSCA TODOS MODEL,12,87082919,I
GBC006,,SUP.FIX.BAT.MONZA/KADETT/TDS.,31,87082919,I
GBC007,7898518481830,SUP.FIX.BAT.UNO/PREM/ELBA/TDS,15,87082919,I
NT26210,,AMORT.TP.TS.GOL 95>/G3 99>TDS,60,87082999,I
ANJ040,,AMORT.TP.TS.UNO 84>TDS.C/LIMP,60,87082999,I
NT26138,,AMORT.TP.TS.UNO 84>TDS.C/LIMP,60,87082999,I
ATP039,,BRAKE LIGHT PRET.20LED/L.VERM,24,87082999,I
A079,7897285100791,CIL.IG.GOL/VOY/PAS/PINO CURTO,24,87082999,I
GM0106,,INT.VD.EL.CORSA 94>SIMP.LD 6P,26,87082999,I
VW0605,,INT.VD.EL.GOL G3 99> SIMPLES.,32,87082999,I
ATP077,7898156370770,LANT.TS.NEBLINA GOL 95> TODOS,13,87082999,I
IKS03259,7898440477499,CB.FREIO FIA.UNO MILLE FIRE..,64,87083090,I
IKS03218,7898110836908,CB.FREIO FIORINO TD.MODELO94>,82,87083090,I
IKS01223,,CB.FREIO GOL 1.0>2.0 TD10/94>,127,87083090,I
IKS01215,7898110830470,CB.FREIO GOL/SAV/VOY.CHT >94.,60,87083090,I
IKS01216,,CB.FREIO GOL/VOYAG/PARATI 89>,119,87083090,I
IKS01209,,CB.FREIO KOMBI CLIPPER 06/82>,58,87083090,I
IKS01213,7898110830456,CB.FREIO SANTANA/QUANTUM 84>.,64,87083090,I
IKS04222,7898110833631,CB.FREIO TS.DIR.TAMB.KADET89>,128,87083090,I
IKS03258,7898440477482,CB.FREIO UNO MILLE FIRE 08>..,68,87083090,I
IKS03235,,CB.FREIO UNO MILLE MPI/FIR04>,141,87083090,I
IKS03229,,CB.FREIO UNO/ELBA/SPI/MPI 95.,117,87083090,I
APX0408,,AMORT.TP.TS.FIESTA 96/02C/LIM,60,87088000,I
APX0455,,AMORT.TP.TS.GM IPANEMA TODOS,60,87088000,I
APX0457,,AMORT.TP.TS.GM SPIN TODOS,60,87088000,I
NT26124,,AMORT.TP.TS.NOVO UNO 10>TDS,60,87088000,I
APX0428,7898522904288,AMORT.TP.TS.PALIO/CORSA03>C/L,60,87088000,I
MTA5114868,,TP.RES.EXP.GOL/SAV/PAR/VOY87>,24,87089100,I
IKS04136,7898110833105,CB.ACEL.CORSA 1.0>1.6EFI96/97,36,87089990,I
IKS04178,7898440470872,CB.ACEL.CORSA/CELTA/PRISMA...,40,87089990,I
IKS04161,,CB.ACEL.CORSA1.0>1.6 MPFI 98>,56,87089990,I
IKS02103,,CB.ACEL.DEL REY/PAMPA 4X2 89>,39,87089990,I
IKS02104,,CB.ACEL.ESCORT CHT S/AR TD87>,42,87089990,I
IKS02107,,CB.ACEL.ESCORT S/AR CONDIC>86,48,87089990,I
IKS01101,7898110830012,CB.ACEL.FUSCA 1300/500 TD.>77,7,87089990,I
IKS01102,,CB.ACEL.FUSCA 1300/500 TD.78>,10,87089990,I
IKS01135,,CB.ACEL.GOL 1.0 16V TD.07/97>,45,87089990,I
IKS01134,,CB.ACEL.GOL 1.0 PLUS AT07/97>,32,87089990,I
IKS01123,,CB.ACEL.GOL 1.0 TD10/94A06/97,39,87089990,I
IKS01124,,CB.ACEL.GOL CL 1.6/1.8 94/98.,40,87089990,I
IKS01116,7898110830166,CB.ACEL.GOL/VOYAG.CHT 1.6 89>,36,87089990,I
IKS04111,,CB.ACEL.OPALA4C.CARB.SIM74/78,13,87089990,I
IKS03112,7898110832269,CB.ACEL.PALIO 16V1.0MPI 96/02,42,87089990,I
IKS01113,,CB.ACEL.SANTAN MEC.S/EFI  >94,34,87089990,I
IKS03102,,CB.ACEL.UNO 84> PREMIO>91MILE,31,87089990,I
IKS03134,7898440470643,CB.ACEL.UNO MILLE/FIRE1.0/1.3,39,87089990,I
IKS03107,,CB.ACEL.UNO S/CS1.5 C/INJ.92>,45,87089990,I
IKS03106,,CB.ACEL.UNO/MILE/S/CS92/95ELB,45,87089990,I
IKS03119,7898110836830,CB.ACEL.UNO/PICK1.5/MILLE99>,39,87089990,I
IKS03105,7898110832191,CB.ACEL.UNO/PREMIO/ELBA1.690>,40,87089990,I
IKS02506,,CB.CAPO ESCORT 92>VERONA 94>.,44,87089990,I
IKS02504,7898110832092,CB.CAPO ESCORT86/92VERON89/93,31,87089990,I
IKS02507,,CB.CAPO FIESTA S/ALAVANCA 96>,58,87089990,I
IKS01509,,CB.CAPO FUSCA 1200/1300 TODOS,15,87089990,I
IKS01506,,CB.CAPO GOL/SAV/VOYAG.S/ALAVA,15,87089990,I
IKS02508,,CB.CAPO KA S/ALAVANCA 97>TODS,42,87089990,I
IKS03506,7898110839176,CB.CAPO PALIO/SIENA 01>TODOS>,21,87089990,I
IKS01508,7898110831071,CB.CAPO SANTANA C/ALAV.>03/91,24,87089990,I
IKS03502,7898110832573,CB.CAPO UNO/PREMIO S/ALAV.92>,20,87089990,I
IKS01312,,CB.EMB.BRASILIA/VARIANT I/II.,24,87089990,I
IKS02302,,CB.EMB.CORCEL/BELII/DEL/PAMPA,45,87089990,I
IKS04318,,CB.EMB.CORSA 1.0/494/96 CELTA,61,87089990,I
IKS02311,7898110838445,CB.EMB.ESCORT 1.8VW93> VER94>,58,87089990,I
IKS02309,7898110831897,CB.EMB.ESCORT HOBBY1.0 TD.MOD,50,87089990,I
IKS02312,,CB.EMB.ESCORT TDS.MODELOS 97>,40,87089990,I
IKS03333,,CB.EMB.FIAT SIENA/PALIO 2011>,98,87089990,I
IKS03310,7898110836922,CB.EMB.FIORINO TDS.MODELO 96>,56,87089990,I
IKS01322,,CB.EMB.GOL 1.0MT.AT8/16V96/00,74,87089990,I
IKS01324,,CB.EMB.GOL/SAVEIR1.0 8/16V00>,84,87089990,I
IKS01307,,CB.EMB.GOL/VOY/PARATI CHT 89>,60,87089990,I
IKS04305,7898110834089,CB.EMB.KADET CAPA DUPLA89/90.,50,87089990,I
IKS01327,,CB.EMB.KOMBI T-2(AGUA)FLEX06>,37,87089990,I
IKS04304,,CB.EMB.MONZA CAPA DUPLA>05/93,77,87089990,I
IKS04316,7898110834201,CB.EMB.MONZA CAPA DUPLA06/93>,55,87089990,I
IKS03318,7898110839954,CB.EMB.PALIO1.6/SIENA SPI/MPI,58,87089990,I
IKS01303,7898110830593,CB.EMB.PASSAT/GOL/SAV.(AGUA).,37,87089990,I
IKS01318,,CB.EMB.SANTANA 2.0 TDS.94/00.,58,87089990,I
IKS01326,,CB.EMB.SANTANA/QUANT.00>01TDS,69,87089990,I
IKS03304,,CB.EMB.UNO/PREM.CAPA DUPLA91>,66,87089990,I
IKS03303,7898110832429,CB.EMB.UNO/PREMIO/ELBA 90/91.,34,87089990,I
IKS03302,,CB.EMB.UNO/PREMIO/ELBA/FIO>89,34,87089990,I
IKS01810,,CB.LIMIT.TPA.TS.SAVEIRO 09>13,36,87089990,I
IKS01801,,CB.LIMIT.TPA.TS.SAVEIRO 80/97,31,87089990,I
IKS01802,,CB.LIMIT.TPA.TS.SAVEIRO 98>TD,36,87089990,I
IKS03802,,CB.LIMIT.TPA.TS.STRADA 99/01.,28,87089990,I
IKS04401,7898110834287,CB.VEL.CHEVETTE TDS.MOD.73/82,28,87089990,I
IKS04403,7898110834300,CB.VEL.CHEVETTE TODOS MOD.90>,29,87089990,I
IKS02402,,CB.VEL.CORCEL/BELI78>D.REY>89,52,87089990,I
IKS01415,,CB.VEL.GOL1.0 >94 VOY/SAV.90>,40,87089990,I
IKS01417,7898110830920,CB.VEL.GOL1.0/2.0AP.CFI 94/96,36,87089990,I
IKS04420,,CB.VEL.KAD.SLE/GS 89>KADET92>,40,87089990,I
IKS01424,7898440472746,CB.VEL.KOMBI T2(AGUA)FLEX 06>,42,87089990,I
IKS03407,,CB.VEL.PALIO TDS.MODELO 96/98,52,87089990,I
IKS03410,,CB.VEL.PALIO/SIENA/STRADA 1.5,45,87089990,I
IKS01409,7898110830845,CB.VEL.VOYAGE/PARATI TODOS>87,24,87089990,I
WZ5251,7899003802895,CINTA FIX.ALT.TDS.MOD.UNIVERS,10,87089990,I
036103917A,,COBERT.CB.VL.GOL MI 16V 97/01,15,87089990,I
46774662,7899021015192,ELETROVALV.FIAT/GM/FORD/TOY2V,58,87089990,I
036919081,,INT.OLEO GOL G5/FOX/KOMBI/AUD,63,87089990,I
GN1402,,RES.LIMP.P/BRISA ADAPT.UNIVER,76,87089990,I
MTE7142,7893989014853,SENS.MAP GOL/GOLF/A4/POLO/PAS,98,87089990,I
IKS01301B,7898110836625,TB.FLEX.CB.EMB.KOMBI T-2  97>,20,87089990,I
IKS01301A,7898110837165,TB.FLEX.CB.EMB.KOMBI TDS09/96,20,87089990,I
T6060,,TP.COMB.C/C.ESC/VER/LOG/92/96,104,87089990,I
T3090,,TP.COMB.C/C.FUSCA/BRASILI/78>,56,87089990,I
T3597,,TP.COMB.C/C.KOMBI CLIP.97/05A,58,87089990,I
T3100,7893272000334,TP.COMB.C/C.MONZ/GOL/SAV/GOLF,29,87089990,I
T4007,,TP.COMB.C/C.UNO/ELBA/PREM/90>,48,87089990,I
T5001S,,TP.COMB.S/C.CORSA/VECTRA/CELT,20,87089990,I
T5017,7893272004332,TP.OLEO MT.ONIX/PRISM13>CRUZE,20,87089990,I
MTA5050133,,TP.OLEO MT.PALI. 1.6/8 N.UNO.,15,87089990,I
T7000,,TP.RAD.CHEVETE/FORD/VW/MT.CHT,32,87089990,I
T7014F,,TP.RAD.ESCORT/GM/CAM.VW/AGRAL,28,87089990,I
T7092,,TP.RAD.RANGER/ACCORD/CAMRY3.0,34,87089990,I
T9300,7893272003052,TP.RES.EXP.C3/5/8-206/307/406,21,87089990,I
T6550,7893272004134,TP.RES.EXP.FIES/RANGER/ECOSP.,32,87089990,I
T3060,7893272000167,TP.RES.EXP.GOL/SAV/PAR/VOY87>,12,87089990,I
T3060A,7893272003625,TP.RES.EXP.GOL/SAV/PAR/VOY87>,8,87089990,I
MF8021,,SENS.TEMP.CORC/BEL>77 C/RELOG,100,90251199,I
W80075,,BOIA 147 76/80/PANOR/FIORI80>,106,90261029,I
W80072,7895467090175,BOIA 147/GT 84/87 TODOS ALC..,55,90261029,I
W80232,,BOIA BRAS/VARI.75/79 44LT.G/A,111,90261029,I
V221003001,7894476002049,BOIA BRAS/VARI>77 S/TB.RETORN,138,90261029,I
W80229,7895467089070,BOIA BRAS/VARI>77 S/TB.RETORN,69,90261029,I
W80231,,BOIA BRASILIA 78>C/TB.RETORNO,111,90261029,I
W80145,,BOIA CHEVETTE 84/89 45LT.G/A.,85,90261029,I
W80178,7895467089032,BOIA CHEVETTE 89/93 65LT.G/A.,61,90261029,I
ID001325,7899021003250,BOIA D.REY 90/91 TDS.MOD.GAS.,143,90261029,I
TSA90019,,BOIA ESC.HOBBY 1.0>96 C/RET.G,140,90261029,I
V221037002,7894476011447,BOIA ESC/VER/88/92 S/RET.C/AL,127,90261029,I
TSA90022,,BOIA F100/F1000 76/92 TODOS M,223,90261029,I
V220002001,,BOIA FUSCA >77S/TB.RETORNO TD,63,90261029,I
TSA90002,,BOIA FUSCA 77>C/TB.RETORNO TD,79,90261029,I
V220002002,7894476002025,BOIA FUSCA 77>C/TB.RETORNO TD,71,90261029,I
V221036003,7894476002551,BOIA GOL/VOY/PARAT>90C/TB.RET,106,90261029,I
TSA90005,,BOIA GOL/VOY/PARAT>96S/TB.RET,122,90261029,I
W80243,7895467089124,BOIA GOL/VOY/PARAT>96S/TB.RET,82,90261029,I
W80240,,BOIA GOL/VOY/SAV/PAR.83/84ALC,114,90261029,I
W80176,,BOIA KADETT TDS 89/91 G/A 47L,108,90261029,I
TSA90012,,BOIA KOMBI 83/97 43LT.TDS.G/A,109,90261029,I
W80252,7895467089629,BOIA KOMBI 83/97 43LT.TDS.G/A,63,90261029,I
D19391,7892228193915,BOIA MARAJO/CHEVY 81/90 GA/AL,74,90261029,I
W80147,7895467090021,BOIA MONZA 84/89 TDS.MOD.G/A.,48,90261029,I
W80140,,BOIA OPALA/CAR.55LT.72/78....,106,90261029,I
W80151,7895467129684,BOIA OPALA/CAR.82L.90>C/RE.AL,74,90261029,I
W80155,7895467095712,BOIA OPALA/CAR.84L.85/89 G/A.,52,90261029,I
ID001102,7899021001027,BOIA PAMPA 4X2 89/97 TDS.ALC.,112,90261029,I
W80100,,BOIA PAMPA 4X2 89/97 TDS.ALC.,108,90261029,I
TSA90015,,BOIA SANT/VERS/QUANT>94C/R/GS,143,90261029,I
W80244,7895467089544,BOIA SANT/VERS/QUANT>94C/R/GS,50,90261029,I
W99812,,BOIA TUBOLAR CAMINHOES VW TDS,213,90261029,I
W23040,7895467026556,REL.COMB.BRASILIA 77/79 V D O,90,90261029,I
W23040C,,REL.COMB.BRASILIA 77/79 V D O,226,90261029,I
W23904,,REL.COMB.FUSCA 1300 77/82CINZ,247,90261029,I
W23902C,,REL.COMB.FUSCA 68/70 TDS.CROM,226,90261029,I
V170003001,7894476001912,REL.COMB.FUSCA 81> EMBUTIDO >,92,90261029,I
ID011058,7899021010586,SENS.NIVEL CORSA 2002>TD.FLEX,84,90261029,I
TSA10003,7898911773037,SENS.NIVEL PALIO/SIEN/WEEK>02,85,90261029,I
TSA10055,7898911773556,SENS.NIVEL SANTAN/QUANT.97>AL,82,90261029,I
TSA10009,7898911773099,SENS.NIVEL SANTANA/QUANTUM96>,79,90261029,I
TSA10012,7898911773129,SENS.NIVEL STRADA/FIRE 02>GAS,96,90261029,I
TSA10036,7898911773365,SENS.NIVEL VECTRA 96>TD.GASOL,82,90261029,I
MTE781010040,,SONDA LAMBDA CORS/ASTR/KAD/VE,133,90271000,I
GA201,,REG.VOLT.CHEVET/MONZA/KADE.1T,48,90328911,I
GA029,7898252650134,REG.VOLT.CORSA EFI/OMEGA C/AR,71,90328911,I
B1987MN0013,7501110800175,REG.VOLT.FUSCA/BRAS/KOMBI 12V,207,90328911,I
GA002,,REG.VOLT.FUSCA/BRAS/KOMBI 12V,191,90328911,I
GA039,7898252650615,REG.VOLT.GOL MI97>/CORSA/S10>,92,90328911,I
B1986AE0009,,REG.VOLT.KADET/MONZA/PREM/UNO,48,90328911,I
B1986AE0010,,REG.VOLT.MB/MF/CBT/AGRAL/TOYO,77,90328911,I
IK0550,7894774005506,REG.VOLT.OMEGA/CORSA/VECTR95>,90,90328911,I
B1986AE0008,,REG.VOLT.PASSAT/GOL/FIAT/MONZ,42,90328911,I
B9190087027,7891009006109,REG.VOLT.PASSAT/GOL/FIAT/MONZ,28,90328911,I
MMMI530707,,MOD.IG.H.E.I MONZA/KADETT EFI,151,90328924,I
MMMI530706,,MOD.IG.KOMB/FUSCA 1.6/GOL TDS,157,90328924,I
MQ0167,7898522901676,MOD.IG.VW/GM/FORD/FIAT/IG.TZH,68,90328924,I
MF9047,,PLUG EL.SANT/GOL/ESCO/TDS.2.0,66,90328925,I
FKC0018,,FAROL AUX.06LEDS 9/60V 18W.RT,61,94054900,I
ACJ102,,ACEND.CIG.COMPL.UNIV.12V.VERD,21,96138000,I
TSA40208,,PRE FILT.SIST.BOSCH FIAT/VW,31,39173290,J
13529,7899148349316,ADAPTADOR 1/4 X 3/8 RETO,15,39173900,J
11045-A,7898684070173,TRAVA 3/8,4,39174090,J
11044-A,7898684070166,TRAVA 5/16,4,39174090,J
FR001,,FAIXA REFLET.AUTORIZ.DENATRAN,8,39199090,J
FRN7040,,"ABRAC.PLAST.40CM.7,5X1,8MM.PR",164,39269090,J
BIW106,,BICO LAV.DT.PALIO/DOBLO/SIENA,10,39269090,J
09629,7899148330529,BUCHA FIX. FAROL CHEVETTE/MONZA 83  (05),4,39269090,J
09602,7899148330253,BUCHA FIX.DIVERSAS GOL/PAR/STN.94/ (10),2,39269090,J
09600,7899148330239,BUCHA FIX.DIVERSAS GOL/VOY/PAR/SAV (10),2,39269090,J
05132-A,7899148395443,ANEL BUJAO CARTER 2.8 16VM10 ONIX/TRAC/EQUI/CRUZ,5,40169300,J
01116,7899748100416,JG.DE BORR.CAPA TUCHO VW DIV. (JG.C/16),15,40169300,J
10999,7895249008091,JTA.TPA VALV.VW AP 1.6 A 2.0IE(46226)(1),37,40169300,J
20499,7895249090041,JUNTA COL.ADMIS.FIESTA SUPERCH.1.0 ZTC,26,40169300,J
11018,7895249002662,JUNTA TPA VALV.CELTA 1.0 8V BORRAC10326,23,40169300,J
20532,7895249079671,JUNTA TPA VALV.FIRE EVO 1.0/1.4 8V FLEX,31,40169300,J
20533,7895249079961,JUNTA TPA VALV.PALIO/SIENA/PUNTO/IDEA,52,40169300,J
14527,7895249062994,JUNTA TPA.VALV.UNO/PALIO (40826),29,40169300,J
01114,7899148306579,REP.RODA TRAS.VW1300/1500/1600 TDS,29,40169300,J
00163-C,7899148301390,SELO COMANDO VW. MOD. BORRACHA (05),10,40169300,J
05320,7899148319319,FLUTOBLOC AMORT.DIANT.COR/D.R./BL    (1),15,40169990,J
07620,7895249003034,JT.TP.VALV.OPL/CAR.2500 4CC (10626),21,45049000,J
07621,7895249003447,JT.TP.VALV.OPL/CAR.3.8/4.1 (10726),23,45049000,J
07626,7895249024084,JTA.CART.OPL/CAR.4CC TDS. (10616),36,45049000,J
07557,7895249053572,JTA.CARTER COR/BEL/D.REY 79/ (11616),39,45049000,J
01118,7895249058928,JTA.TAMPA DE VALV.VW TDS. (46126),10,45049000,J
07617,7895249004246,JTA.TAMPA VALV.CHVT/MRJ/CVY (10926),15,45049000,J
07690,7895249006806,JUNT CARTER UNO MILLE TDS CORTICA(40317),26,45049000,J
07625,7895249004185,JUNTA CARTER CHEVETTE (10916),21,45049000,J
13173,7898926665259,CHAVE VELA KOMBI/TEMPRA,15,72099000,J
00862,7899148304537,ACOPL. DIANT. VARAO KB TODAS,15,73069010,J
00406,7899148301772,TUCHO DO CABECOTE SEXTAVADO VW 14x18(05),5,73170090,J
12592,7899148344137,BUJ.CAR.VED.FIXO AUDI A-3 (02),8,73181100,J
12577,7899148389534,BUJ.CARTER.C/ANEL AGILE/COBAL/AST/ONIX,10,73181100,J
12585,7899148344069,BUJAO CARTER C/ANEL CIVIC/ACORD -TDS,10,73181100,J
15228,7899148355485,PORCA BARRA ESTAB.DIR.ESCORT/VERONA,5,73181100,J
15227,7899148355478,PORCA BARRA ESTAB.ESQ.ESCORT/VERONA,5,73181100,J
10903,7899148334947,PORCA SEMI-ARV.DT.STRADA/DOBLO N1164(5),13,73181100,J
03011,7899148313164,PORCA SEMI-EIXO TRAS. PALIO,8,73181100,J
15259,7898190172903,SELETOR C/PINO DA ALAV.CAMBIO MZA/KDT,15,73181100,J
12587,7899148344083,BUJ.CAR.LOGAN/SAND/CLIO/MEGANE/SCENI(1),12,73181500,J
12573,7899148343949,BUJ.CARTER C/ ANEL BR1.8/ALFA145/147/155,18,73181500,J
12570,7899148374905,BUJ.CARTER C/ANEL FIESTA/RANG/ESC/FOC.,12,73181500,J
19381,7899148375247,BUJAO DO CARTER HONDA FIT 02/ (02),10,73181500,J
00470,7899148302342,BUJAO P/CARTER DO MOTOR FIAT - TODOS(05),13,73181500,J
00471,7899148302359,BUJAO P/ESCOAM.OLEO CAMBIO MAGN.FT (02),16,73181500,J
00446,7899148302106,BUJAO TAMPA DO CARTER VW MOTOR A AR (05),7,73181500,J
00999,7899748101314,KIT DAS LATARIAS DO MOTOR (05),13,73181500,J
01001,7899748101321,KIT DO PAPELAO LATERAL DA KOMBI (10),12,73181500,J
01009,7899148305725,KIT DO PEDAL ACELERADOR PARCIAL SEDAN,7,73181500,J
00955,7899748101246,KIT REG.SD.11-74 DIANT.TRAS.3RVRT-SD(05),10,73181500,J
01879,7899148310064,PAR RODA DIANT/TRAS.TOYOTA TODOS (05),8,73181500,J
14547,7899148354457,PARAF.DE RODA DT ESCORT/VERONA ( 05 ),8,73181500,J
14566,7899148354587,PARAF.DE RODA S-10/BLAZER   ( 05 ),5,73181500,J
14548,7899148354464,PARAF.DE RODA TR ESCORT/VERONA ( 05 ),5,73181500,J
14562,7899148351289,PARAF.DE RODA UNO MILLE/TEMPRA ( 05 ),10,73181500,J
01847,7899148309853,"PARAF.FIX.DA RODA FUSCA VW 5F 12X14,5",12,73181500,J
15248,7899148374967,PARAF.FIX.SUPORTE MTR. FIAT.TDS.12X125,24,73181500,J
01861,7894507799801,PARAFUSO DE RODA DIANT.KOMBI CLIPPER,5,73181500,J
19387,7899148387875,PARAFUSO DE RODA DT COROLLA TDS,4,73181500,J
07397,7899148325501,"PARF.FIX.MT.12X1,5X90 GOL/PRT/STN TDS(05",13,73181500,J
01661,7899148309389,PF. DO ACOPLAMENTO (10),5,73181500,J
01733,7899148309686,PF.CINTO DE SEGURANCA DIANTEIRO     (10),4,73181500,J
01734,7899148367358,PF.CINTO DE SEGURANCA TRASEIRO      (10),5,73181500,J
01738,7899148309716,PF.CROM.PARACH.BAIXO 8x25           (10),2,73181500,J
01877,7899148310057,PF.DA RODA DIAN/TRAS.F100/F1000/F2000(05,8,73181500,J
01863,7898113574135,PF.DA RODA DO MONZA TODOS(CH17(3004)(16),4,73181500,J
01856,7899148309907,"PF.DE RODA KB-CLIP.14x1,5x35 (TRAS) (10)",5,73181500,J
01805,7899148309822,PF.DOBRADICA DA KOMBI ALLEN  8X18   (20),98,73181500,J
01775,7892261000683,PF.FIX REFORC.DO PARACHOQUE 8X30 (20),2,73181500,J
01782,7892261003080,PF.FIX. GARRA DOS PARACH.TRAS.KB 8X70(10,4,73181500,J
01605,7899148309037,PF.FIX. MACANETA LEV. VIDROS 4x10   (20),16,73181500,J
01624,7899148309136,PF.FIX.ALCA SEG.BAT.PORTAS 5x13     (20),29,73181500,J
01824,7899148309839,PF.FIX.ALTERN.AO SUP.STNA 8X100 ALEN (2),10,73181500,J
01706,7892261002670,PF.FIX.AMORTEC.DIANT.BEDAN TDS 12x60(10),5,73181500,J
01764,7892261000850,PF.FIX.CARCACA EXT.VENTOINHA 6x20   (50),39,73181500,J
01766,7892261002366,PF.FIX.DA ABRAC.DO DISTR. 6x30      (50),39,73181500,J
01689,7899148309549,PF.FIX.DA BANDEJA DO PAS/VGE 10X75 (05),8,73181500,J
01770,7892261012167,PF.FIX.DA CHAPA ENCOSTO PEDAL 8x15  (50),47,73181500,J
01628,7899148309174,PF.FIX.DA FECH.PORTA LATERAL 5X20 (20),2,73181500,J
01855,7899148309891,"PF.FIX.DA RODA PAS/GOL/VGE 12X20,5 (08)",8,73181500,J
01641,7899148309297,PF.FIX.DO FECHO DA TAMPA TRAS. 6X15 (20),2,73181500,J
01616,7899148309099,PF.FIX.DO PLAST.LANT.TRAS.1500 4x70 (20),58,73181500,J
01669,7899148309433,PF.FIX.DO SEMI-EIXO DO PASSAT 8X50 (ALLEN) (10),5,73181500,J
01790,7892261001192,PF.FIX.DO SUP.DA CX.DIRECAO 10x40   (20),117,73181500,J
01776,7892261002069,PF.FIX.DO TANQUE COMBUSTIVEL 8x35   (20),68,73181500,J
01762,7892261008221,PF.FIX.ESTRIB FIX.TUBO ADMIS.ESCAP.6X15,29,73181500,J
01760,7892261024443,PF.FIX.FECH CAPO DIANT.DIV.APLIC6x10(50),31,73181500,J
01630,7899148309198,PF.FIX.FECH.PORTA TR.KOMBI 5x50 OV. (20),58,73181500,J
01693,7892261002878,PF.FIX.INF.AMORT.TRAS.PST. 10X80 (05),5,73181500,J
01765,7892261087530,PF.FIX.JUNCAO TUB.OLEO DOS FREIOS 6X25,36,73181500,J
01690,7899148309556,PF.FIX.MOTOR/CAMBIO CAB.CHANFR.10X110(2),12,73181500,J
01691,7899148309563,PF.FIX.MOTOR/CAMBIO CAB.CHANFR.10X72 (2),8,73181500,J
01716,7899148309600,PF.FIX.PARAL.C/ARR.VAR/BR/TL    (20),88,73181500,J
01619,7899148309129,"PF.FIX.PL.LANT.TR.FAFA CURTO 4,2x32 (20)",26,73181500,J
01626,7899148309150,PF.FIX.PLAST.FAROL PISCA DIANT.5x18 (20),28,73181500,J
01611,7899148309051,PF.FIX.PLAST.LANT.TRAS. 4X28 (20),2,73181500,J
01645,7899148309310,PF.FIX.POLAINA PARACH.BRASILIA (20),2,73181500,J
01743,7899148309747,PF.FIX.POLIA DENTADA NO VIBRAQUIM8x12(10,2,73181500,J
01860,7899148383068,"PF.FIX.RODA VW TODOS 4F 14X18,5 (08)",8,73181500,J
01696,7892261004834,PF.FIX.SUP.CAIXA DE CAMBIO GOL 10X100(05,7,73181500,J
01870,7899148310002,PF.RODA M-12X37 OP/CAR.77/ CHEV.TDS.(05),8,73181500,J
01774,7892261000720,PF.SEXTAVADO 8X25 (20),2,73181500,J
01779,7892261002854,PF.SEXTAVADO 8x50                   (20),101,73181500,J
00677,7899148303721,PINO PASTILHA DO FREIO DO CHEVETTE (05),5,73181500,J
00680,7899148303745,PINO PASTILHA OPALA ANT./79(VARGA) (05),7,73181500,J
00679,7899148303738,PINO PASTILHA OPALA MOD.80/ (VARGA) (05),7,73181500,J
00827,7899148304384,"PINO PORTA M.8,2X55 LISO SEDAN(TODS)(05)",4,73181500,J
00828,7899148304391,PINO PORTA S/CABECA-STANDER VW TODOS(10),2,73181500,J
00830,7899148304414,PINO PORTA SOB MED. GOL/SAV/PRT/VGE (04),5,73181500,J
01865,7899148309976,PORCA DA RODA DO CORCEL I TODOS     (10),7,73181500,J
01862,7899148309952,"PORCA DO PF.DE RODA KB-CLIP 14X1,5 (10)",7,73181500,J
00876,7899148304605,PRIS.REG.VALV.9X26 REFR.AGUA(10),10,73181500,J
00877,7899148304612,PRIS.REG.VALV.9X31 REFR.AGUA(10),10,73181500,J
01662,7899148309396,PRIS.REG.VALV.STANDER C/PORCA 8X27 (10),8,73181500,J
00795,7899148304278,BUCHA ROSC CABO ACEL.BRASILIA/TL/VRT(10),4,73181600,J
00796,7899148304285,BUCHA ROSCADA CABO ACELERADOR.SEDAN (10),4,73181600,J
00453,7899148302175,BUJAO DRENAGEM OLEO DO CARTER CORCEL(05),8,73181600,J
00450,7899148302144,BUJAO ESC.OLEO DO MOTOR STN/QTN     (05),4,73181600,J
00463,7899148302274,BUJAO P/CARTER MOTOR(ESC.OLEO)CH/MZA(05),7,73181600,J
00448,7899148302120,BUJAO P/CARTER MT.PST/GOL/VGE AGUA  (05),5,73181600,J
01884,7898113573039,JOGO PORCA RODA CR.CORCEL TDS. (JG.C/12),69,73181600,J
01963,7899148310354,PORCA CASTELO M24 C/FLANGE VRT/BR    (5),15,73181600,J
01962,7899148367372,PORCA CASTELO M24 SEMI-EIXO (02),10,73181600,J
01964,7899148310361,PORCA CASTELO M30 SEMI-EIXO KB (02),28,73181600,J
01903,7894507037392,PORCA DA CARCACA M12 ALTA           (10),2,73181600,J
01905,7899148310118,PORCA DA MANGA EIXO ROSCA DIR.SD TDS (5),5,73181600,J
19386,7899148375292,PORCA DE RODA CEGA NIQ.TOYOTA,13,73181600,J
01908,7899148390523,PORCA DO CABECOTE DO GOL M8 ALTA (10),2,73181600,J
01900,7894507033783,PORCA DO CABECOTE M10-ALTA (10),2,73181600,J
00696,7899148303851,PORCA DO CABO DA EMBREAGEM (03),8,73181600,J
01914,7899148390530,PORCA DO DINAMO/POLIA M12 (10),4,73181600,J
01915,7899148310170,PORCA DO HOMOCINETICO MONZA (TODOS) (02),24,73181600,J
01906,7899148310125,PORCA DO VOLANTE DE DIRECAO 16mm     (5),5,73181600,J
15219,7899148355393,PORCA ENCOSTO ROLAM. FUSCA/BRASILIA,39,73181600,J
15220,7899148355409,PORCA ENCOSTO ROLAM. FUSCA/BRASILIA,32,73181600,J
07399,7899148325525,PORCA FIX.MT. GOL/PRT/SNT TDS. M-10 (05),5,73181600,J
07398,7899148325518,"PORCA FIX.MT.12X1,5 GOL/PRT/STN TDS.(05)",13,73181600,J
01719,7899148309624,PORCA RAPIDA - GM          (20),42,73181600,J
01720,7899148309631,PORCA RAPIDA DO FAROL               (50),45,73181600,J
01878,7894507010036,PORCA RODA DIAN/TRAS.F100/F1000/F2000(10,2,73181600,J
01871,7899148367365,PORCA RODA OP/CAR POS-77 E CHEV.TDS (10),4,73181600,J
01922,7892261047428,PORCA SEXTAV. ROSCA GROSSA M7 (50),2,73181600,J
01923,7892261000485,PORCA SEXTAV. ROSCA GROSSA M8      (100),28,73181600,J
01920,7892261002021,PORCA SEXTAV.ROSCA GROSSA M5       (100),8,73181600,J
01921,7892261000546,PORCA SEXTAV.ROSCA GROSSA M6       (100),10,73181600,J
15254,7899148374974,PRESILHA TRAVA COXIM MTR UNO TDS (02),13,73181600,J
18108,7899148370693,KIT DE PARAF.DO PARACHOQUE UNO/ELBA (04),23,73181900,J
01902,7899148310095,PORCA BORBOLETA DA EMBREAG.EM ZAMACK(10),7,73181900,J
00394,7899148301680,TORQ. 08X14 BUCHA DE CARCACA (05),8,73181900,J
13753,7899148367402,TUCHO CONICO FIAT /OPALA (05),16,73181900,J
00386,7899148301611,TUCHO DO OPALA E PASSAT PARALELO (04),15,73181900,J
13752,7899148367396,TUCHO PARALELO CHT (05),15,73181900,J
02039,7899148310927,"ARR.DO CABECOTE GOL AR 8,4x21x4    (100)",48,73182100,J
02034,7899148310873,ARR.DO TUBO FLEX.E PARAF.DO AMORT. (50),2,73182100,J
02030,7899148310835,ARRUELA DA LATARIA DO MOTOR M-8    (100),15,73182100,J
02084,7899148311047,ARRUELA DE PRESSAO M10             (100),12,73182100,J
02080,7899148311009,ARRUELA DE PRESSAO M5              (100),5,73182100,J
02081,7899148311016,ARRUELA DE PRESSAO M6              (100),7,73182100,J
02083,7899148311030,ARRUELA DE PRESSAO M8              (100),8,73182100,J
02048,7899148310989,ARRUELA LISA 1/2                    (50),42,73182100,J
02044,7899148310941,ARRUELA LISA 1/4                   (100),8,73182100,J
02043,7899148310934,ARRUELA LISA 3/16                  (100),8,73182100,J
02046,7899148310965,ARRUELA LISA 3/8                   (100),13,73182100,J
02045,7899148310958,ARRUELA LISA 5/16       (20),8,73182100,J
02022,7899148310750,ARRUELA ONDULADA M-7 (50),2,73182100,J
02023,7899148310767,ARRUELA ONDULADA M-8               (100),24,73182100,J
01979,7899148310507,"CALCO P/CAMISA-VW 0,80 mm (90X99)   (20)",4,73182100,J
00837,7899148304483,PINO DA PORTA DO OPALA/CARAVAN      (10),2,73182100,J
01995,7899148310651,TRAV.ENGR.RE OU TRAVA EIXO PIL.19mm (10),2,73182100,J
02003,7899148310712,TRAVA DO DIFER.PLANET.KB 72mm       (05),5,73182100,J
02002,7899148310705,TRAVA FIX.ROL.DA ROD.DIAN.68mm DIVS (05),4,73182100,J
15202,7899148355225,ARRUELA PONTA EIXO TR ESCORT/VERONA,7,73182200,J
01970,7899148310415,"CALCO VOLANTE ARRUELA ESPAC.0,24    (10)",7,73182200,J
01971,7899148310422,"CALCO VOLANTE ARRUELA ESPAC.0,26    (10)",5,73182200,J
01973,7899148310446,"CALCO VOLANTE ARRUELA ESPAC.0,30    (10)",7,73182200,J
01976,7899148310477,"CALCO VOLANTE ARRUELA ESPAC.0,36    (10)",5,73182200,J
01977,7899148310484,"CALCO VOLANTE ARRUELA ESPAC.0,38 (05)",10,73182200,J
00966-A,7899148305312,REBITE LONA TIPO ILHOS FIAT 3X8 (1000),31,73182300,J
00965-A,7899148305299,REBITE LONA TIPO ILHOS VW 4X10 (1000),68,73182300,J
02496,7895511010890,CHAVETA POLIA DINAMO TODOS (10),5,73182400,J
00960,7899148305237,CUPILHA PIVOT VOLKS 3/32 x 1     (50),8,73182400,J
00958,7899148305213,CUPILHA RODA CORCEL  5/32 x 1.1/2  (50),24,73182400,J
00959,7899148305220,CUPILHA RODA OPALA 1/8 x 1.1/2   (50),16,73182400,J
00957,7899148305206,CUPILHA RODA VOLKS 3/16 x 2       (100),40,73182400,J
00688,7899148303790,ACOPLAMENTO DO CAMBIO VYG/PRTY 5M,34,73182900,J
00672,7899148303714,ANEL ENCOSTO DO ROLAM.DO EIXO TRAS.SD(2),18,73182900,J
14403,7899148352354,CAIXA ROTULA GOL/SVR/FOX/PRT    (N3398M),13,73182900,J
06090,7899148322494,PINO DOBRADICA PORTA KADETT/MONZA (05),7,73182900,J
00805,7899148304308,PINO GUIA CASQUIL.MANCAL 1300/500/60(20),2,73182900,J
09970,7899148331571,PINO PORTA CORC.II/BEL/PPA/D-REY    (05),10,73182900,J
06799,7899148323378,PRENDEDOR DO CABO EMBREAGEM KOMBI   (10),8,73182900,J
08515-A,7899148396204,ABRAC. C/ PARAF. TIPO BORBOLETA 13X19 1/2X3/4 POL,5,73269090,J
08513-A,7899148396181,ABRAC. C/ PARAF. TIPO BORBOLETA 8X13 5/16X1/2 POL,5,73269090,J
08514-A,7899148396198,ABRAC.C/ PARAF. TIPO BORBOLETA 11X16 7/16X5/8 POL,5,73269090,J
01554,7899148308658,ABRAC.MANG GAS.COM PARAF.11MM (50),4,73269090,J
01555,7899148308665,ABRAC.MANG GAS.COM PARAF.13MM (50),4,73269090,J
01556,7899148308672,ABRAC.MANG GAS.COM PARAF.16MM (50),4,73269090,J
01563,7899148308719,ABRAC.R.S.F.12MMX16MM 1/2,4,73269090,J
01564,7899148308726,ABRAC.R.S.F.14MMX22MM 9/16,4,73269090,J
01565,7899148308733,ABRAC.R.S.F.19MMX27MM 3/4,4,73269090,J
01567,7899148308757,ABRAC.R.S.F.25MMX38MM 1,7,73269090,J
01568,7899148308764,ABRAC.R.S.F.32MMX44MM 1.1/4X1.3/4,7,73269090,J
01569,7899148308771,ABRAC.R.S.F.38MMX51MM 1.1/2X2,7,73269090,J
01570,7899148308788,ABRAC.R.S.F.44MMX57MM 1.3/4X2.1/4,7,73269090,J
01573,7899148308818,ABRAC.R.S.F.57MM76MM 2.1/4,7,73269090,J
01572,7899148308801,ABRAC.R.S.F.57MMX70MM 2.1/4,8,73269090,J
01574,7899148308825,ABRAC.R.S.F.64MMX83MM 2.1/2,8,73269090,J
01575,7899148308832,ABRAC.R.S.F.70MMX89MM 2.3/4,7,73269090,J
01577,7899148308856,ABRAC.R.S.F.83MMX102MM 3.1/4,7,73269090,J
01562,7899148308702,ABRAC.R.S.F.9MMX13MM 3/8,4,73269090,J
00554,7899148302861,"""T"" DO ENCANAMENTO DO FREIO VW SEDAN (2)",55,74122000,J
AM33015,,CORD.BAT.15 CM. AUTOS UNIVERS,44,74130000,J
AM35030,,CORD.BAT.30 CM. AUTOS 2 PONT.,32,74130000,J
AM33035,,CORD.BAT.35 CM. AUTOS UNIVERS,55,74130000,J
AM34045,,CORD.BAT.45 CM. PASSAT 2 PONT,63,74130000,J
AM34051,,CORD.BAT.50 CM. GOL/88>2 PONT,82,74130000,J
19379,7899148375223,ARRUELA DO BUJAO DO CARTER RENAULT ALUM.,2,76161000,J
00449,7899148302137,ARRUELA VED.14MM P/BUJAO DO CARTER (10),2,76161000,J
00967,7899148305329,"REB.AL/MAND.DE ACO DIAM.4,8 C.12,8 (200)",12,76161000,J
00968-A,7899148305350,REBITE LONA ALUMINIO SOB MEDIDA (1000),74,76161000,J
00952,7899148305152,PORCA REG.DO FREIO SEDAN(ROSETA)TODOS(05,5,79070090,J
00979,7898926665440,CH.RODA TIPO L 17MM P/VW/PST/VAR/GOL(17E,29,82041100,J
00978,7898926665587,CHAVE DE RODA TIPO L DE 19MM P/VW (19-E),29,82041100,J
00973,7898200982164,CHAVE DE RODA UNIVERS.TIPO CRUZ (1530),77,82041100,J
00976,7898926665211,CHAVE DE VELA P/CHE/ESC C/CABO,12,82041100,J
00975,7898926665235,CHAVE DE VELA P/VW C/CABO UNIVERSAL,13,82041100,J
00982,7899148305473,CHAVE P/BIELA 10mm.,36,82041100,J
00985,7899148305503,CHAVE P/BIELA 13mm.,36,82041100,J
13174,7898926665228,CHAVE VELA GOL 16V/PALIO,21,82041100,J
13176,7898926665273,CHAVE VELA UNIVERSAL DUPLA LONG.,28,82041100,J
APX0427,,AMORT.TP.TS.GOL 95>/G3 99>TDS,60,83023000,J
NT26900,,AMORT.TP.TS.HONDA FIT 03>08,60,83023000,J
TG1201018,,AMORT.TP.TS.KOMBI/PARATI >96,60,83023000,J
YM16482,,AMORT.TP.TS.NOVO UNO 10>TDS,60,83023000,J
NT26220,,AMORT.TP.TS.PALIO/CORSA03>C/L,60,83023000,J
03349,7890163413907,GRAMPO P/TRAV.DAS MANIV.     (4139)(100),28,83023000,J
03078,7896728400221,CARTER CORSA TODOS (541U),231,84099112,J
03061,7896728400030,CARTER PST/GOL/VGE/PRT/SVR.85/88(541B/C),175,84099112,J
01597-A,7899148308993,COLETOR ADM.SEDAN 1300/1500 TDS (LONGO),178,84099115,J
01599,7899148374943,TUBO ADMISSAO KOMBI 1600,178,84099115,J
01559,7899003802796,ABRAC.FIX.DO DISTR.VW 1300/1500 76/..(2),10,84099190,J
01558,7899003802208,ABRACADEIRA FIX.DO DISTR. VW 1300  (02),7,84099190,J
BIBT06,,CAPA TUCHO MT1300/1500/1600AR,12,84099190,J
13232,7899148354907,FLANGE SUP.BBA.COMB.CELTA S/REG.(1568),18,84099190,J
13229,7899148353436,FLANGE SUP.BBA.COMB.PALIO/WEEK/SIENA,29,84099190,J
14466,7898917046067,FLANGE SUP.DA BOMBA GOL/PRT/SVR  (P8007),24,84099190,J
00002,7899148300027,PRISION.FIX.PENEIRA OLEO 06X06X28 (10),2,84099190,J
00001,7899148300010,PRISIONEIRO 06X06X23 (10),2,84099190,J
00004,7899148300041,PRISIONEIRO 06x06x31                (10),2,84099190,J
00005,7899148300058,PRISIONEIRO 06X06X40 (10),4,84099190,J
00092,7899148300850,"PRISIONEIRO 08x08x196,5      (02)",5,84099190,J
00095,7899148300881,"PRISIONEIRO 08x08x231,5             (05)",4,84099190,J
00016,7899148300164,PRISIONEIRO 08X08X31 (05),4,84099190,J
00017,7899148300171,PRISIONEIRO 08X08X35 (05),4,84099190,J
00018,7899148300188,PRISIONEIRO 08X08X38 (05),4,84099190,J
00021,7899148300218,PRISIONEIRO 08X08X46 (05),4,84099190,J
00022,7899148300225,PRISIONEIRO 08X08X50 (05),4,84099190,J
00029,7899148300294,PRISIONEIRO 08X10X27 (05),4,84099190,J
00030,7899148300300,PRISIONEIRO 08X10X31 (05),4,84099190,J
00032,7899148300324,PRISIONEIRO 08x10x38                (10),2,84099190,J
00035,7899148300355,PRISIONEIRO 08X10X46 (05),5,84099190,J
00036,7899148300362,PRISIONEIRO 08X10X50 (05),7,84099190,J
00038,7899148300386,PRISIONEIRO 08X10X62 (05),7,84099190,J
00040,7899148300393,PRISIONEIRO 08x10x71                (05),5,84099190,J
00041,7899148300409,PRISIONEIRO 08X10X97 (05),8,84099190,J
00052,7899148300515,PRISIONEIRO 10X10X196 (02),8,84099190,J
00076,7899148300706,PRISIONEIRO 10X11X204 (02),12,84099190,J
00078,7899148300720,PRISIONEIRO 10X11X240 (05),12,84099190,J
00079,7899148300737,PRISIONEIRO 10X11X250 (02),12,84099190,J
00068,7899148300638,PRISIONEIRO 10x12x240               (05),7,84099190,J
00070,7899148300652,PRISIONEIRO 12X12X156 (02),12,84099190,J
00091,7899148300843,"PRISIONEIRO 8x8x180,5     (02)",5,84099190,J
17165,7899148391841,PROTECAO CORREIA VW AP (1741),24,84099190,J
00641,7899148303448,SANG.ROSCA3/8X24-D-10/20/40/OP-F1000(10),10,84099190,J
00643,7899148303462,SANG.ROSCA7M GOL/PST/VGE/SD/KB/BR/FT(10),7,84099190,J
00633,7899148303387,SANGR.ROSCA 6mm RODA DIANT.SD/KB/BR (10),4,84099190,J
00642,7899148303455,SANGRADOR ROSCA 8MM MONZA DIANTEIRO (10),7,84099190,J
00640,7899148303431,SANGRADOR ROSCA M8XL.25 MONZA TRAS. (10),7,84099190,J
07998,7899148326805,TAMPA VALVULA MT.AP GOL/SAV/PAR/QT.90/..,42,84099190,J
13280,7899148347800,TPA VALV.TERMOST. FIAT,12,84099190,J
07150,7899148371430,TUBO FLUXO DE AGUA CELTA/PRISMA(1632),12,84099190,J
00793,7899148304261,TUBO GUIA CABO ACELER.M.8X 250 TDS AR(2),7,84099190,J
02387,7898924522202,TRAVESSA DO CAMBIO SEDAN/BRASILIA,80,84099999,J
10231,7898951517080,BBA.COMB.CHEVETTE 1.4/1.6 ALC/GAS(RH008A,124,84133010,J
10232,7898951517073,BBA.COMB.MONZA 1.6/1.8/2.0ALC/GAS(RH007A,154,84133010,J
08371,7898951517028,BOMBA COMB. PST/GOL/PARATI ALCOOL (002A),138,84133010,J
08379,7898951517066,BOMBA COMB.FIAT ALCOOL/GASOLINA (RH006A),144,84133010,J
08375,7898951517059,BOMBA COMB.MOTOR AP2000 ALCOOL/GAS.(005A,124,84133010,J
08369,7898951517011,BOMBA COMB.VW 1.3/1.5/1.6 ALC/GAS.(001),130,84133010,J
DK0837,,BOMBA AGUA LAV.ASTR/CORS/ZAFI,88,84137080,J
14581,7898098929845,CARCACA BBA D'AGUA AP 1.6/1.8 (52),101,84139190,J
13231,7899148354891,FLANGE SUP.BBA.COMB.CELTA,40,84139190,J
13228,7898916091938,FLANGE SUP.BBA.COMB.UNO 12 FUROS(1556),48,84139190,J
13227,7898916091921,FLANGE SUP.BBA.COMB.UNO/PALIO/SIENA,53,84139190,J
FC004002,,FILT.INJ.UNIVERS.P/MOTOS TDS.,10,84212300,J
02391,7899148311641,PENEIRA DO OLEO SD/KB/BR/GOL-AR ALUM.(1),39,84212300,J
KFF016,,ANEL VITON BICO INJ.BOSCH TDS,2,84212990,J
09964,7899148331557,FILT.AR SECO SD.1300/1600 BAIXO (2211/1),258,84213990,J
RES987,,EXTINT.ABC.FINO.VALV.PLAST.1K,176,84241000,J
RES989,,EXTINT.ABC.GORD.VALV.PLAST.1K,170,84241000,J
00972,7899148305374,MACACO SANFONA UNI.COM CABO 2T (150-6),167,84254910,J
VTO045,,BUZ.2 CORN. ELETROPNEUM. 12V.,130,84798999,J
06096,7898469981786,VALV.EQ.FRE.OPALA 4/6 CIL. 81/90 (35BAR),45,84811000,J
EW172776,,V.TERM.C/C.MONZA/KADETT/EFI/A,63,84818021,J
VT31392,,V.TERM.C/C.N.CORSA/CELT/MERIV,95,84818021,J
MMVT24777K,,V.TERM.C/J.CORC/D.REY/ESCOR/G,76,84818021,J
MMVT24782,,V.TERM.C/J.CORC/ESC/D.REY>86A,63,84818021,J
MMVT28087K,,V.TERM.C/J.GOL/SAV/PAR/95>87G,93,84818021,J
VT21182,,V.TERM.C/J.MONZA/KAD/89/91/G.,116,84818021,J
VT21192,,V.TERM.C/J.MONZA/KADET 86>TDS,104,84818021,J
MMVT24192K,,V.TERM.C/J.MONZA/KADETT/91>G.,101,84818021,J
VT35087,,V.TERM.C/J.PALIO/UNO/DOBL/IDE,82,84818021,J
19515,7898904135750,KITS ROL.DE RODA DT.RODA FUSCA .../74,112,84821010,J
VTR6204DDU,,ROL.ALT.FORD L/P.WAPSA 6204DD,21,84821090,J
01532,7899003801348,BUCHA DA COL.DIRECAO BRASILIA TODAS,31,84828000,J
01530,7899003800211,BUCHA DA COL.DIRECAO KOMBI-TODAS,29,84828000,J
01528,7899003800020,BUCHA DA COL.DIRECAO SD 66 A 80,37,84828000,J
01533,7899003800532,BUCHA DA COL.DIRECAO SD 81 EM DIANTE,39,84828000,J
07434,7899003801614,ROL.COL.DIREC.C/TRA.ARRUE.CHEV. (129CHT),68,84828000,J
07430,7899003803243,ROL.COL.DIREC.ESC 86/ VER/APL.TDS (285F),44,84828000,J
07420,7899003800556,ROL.COLUNA DIREC.GOL/VGE. C/TRAVA (050V),39,84828000,J
07441,7899003804486,ROL.SUP.COL.DIR.COR/VEC/AST/OMG. (435C),58,84828000,J
07422,7899003803595,ROL.SUP.COL.DIREC.GOL/VGE/STN/CAM (319V),63,84828000,J
CP11501,,POL.GER.VW TDS.CUBO SOLTO78MM,55,84835010,J
00381-A,7899148301567,POLIA BOMBA DAGUA CORCEL TODOS   (1460),34,84835010,J
14528,7895249007261,JUNTA TPA.VALV.UNO/PALIO (40426),32,84841000,J
07538,7895249008206,ARRUELA TUBO DE ADMISSAO VW (46445),5,84842000,J
07742,7895249003928,CALCO BBA.COMB.CHEV.1.4-1.6 (10830),15,84842000,J
07554,7895249004680,CJ.RET.TPA VALV.CORC/D.REY     (11240 B),5,84842000,J
07559,7895249059499,JG.CALCO CAM.CORC/BE/D.REY (11625 C),37,84842000,J
07666,7895249006820,JG.JT.COL.AD/ESC.FT 1050/1.3 (40321),16,84842000,J
07525,7895249008657,JG.JT.ESCP.PST/GOL/VGE LS/TS (46721 F),13,84842000,J
07539,7895249035011,JG.JT.MT.CORC/ESC.CHT (11807 C),114,84842000,J
07640,7895249006691,JG.JT.MT.FIAT 1050/1.3 (40306 C),104,84842000,J
07693,7895249082169,JG.JT.MT.VW 1.3 A 1.6 S/RE. (46606C),87,84842000,J
07505,7895249040237,JG.JTA.MT.LINHA VW 1.8 (46006 C),127,84842000,J
07746,7895249050366,"JT.B.COMB.FT 1050/1300(0,7) (40343)",8,84842000,J
07745,7895249006943,JT.BBA.COMB.FIAT 1050/1300 (40330),7,84842000,J
07724,7895249023629,JT.BBA.D'AGUA CORC/D.REY CHT (11832),5,84842000,J
07661,7895249033383,JT.CAB.MILLE/PALIO 1.0/1.5 (40302 G),44,84842000,J
07512,7895249021830,JT.CAB.PST/GOL/VOY 1.6 (46702 AG),74,84842000,J
10625,7895249031099,JT.CARTER PALIO FIRE 1.0 16V (40916),36,84842000,J
07526,7895249063540,JT.SAIDA ESC.PST/GOL/STN 1.8 (46024 F),12,84842000,J
07683,7895249007667,JT.TPA.VALV.UNO MILLE/CS/EP (40726),12,84842000,J
07521,7895249018083,JT.TUBO ADM.VW AR 1.3 A 1.6 (46660),5,84842000,J
08934,7895249059994,JTA COL.ESC.GOL 1000 16V (46821),23,84842000,J
07522,7895249008749,JTA.ADM.PASSAT/VOYAGE 1.5 (46728),16,84842000,J
07748,7895249050397,JTA.B.D'AGUA FIAT 1.050/1.5 (40341),2,84842000,J
10622,7895249071903,JTA.BBA.OLEO PALIO F.1.0 8V (40138),10,84842000,J
07630,7895249004284,JTA.BOMBA COMBUST.CHEVETTE (10930),5,84842000,J
07657,7895249071194,JTA.CAB.FIAT MOT.1500 (40501 AG),58,84842000,J
07589,7895249003232,JTA.CAB.MZA.2 SER/KDT (10701 G),50,84842000,J
07591,7895249034922,JTA.CAB.MZA/KDT/IP.2.0 (10803 AG),47,84842000,J
07581,7895249002952,JTA.CAB.OPL./A-10 4CC (10602AG),61,84842000,J
07514,7895249059796,JTA.CAB.VW MT.1.8 (46001 AG),52,84842000,J
07516,7895249054388,JTA.CAB.VW MT.2.0 (46002 AG),64,84842000,J
07695,7895249008336,JTA.CAMB.VW 1.6 SINC C/AN. (46490),45,84842000,J
07694,7895249058553,JTA.CAMBIO VW 1200/1500 (46480),24,84842000,J
07677,7895249024985,JTA.COL.ESC./ADM.TIPO 1.6 (40223),39,84842000,J
07552,7895249014726,JTA.COL.ESC.CORC/D.REY (11821),16,84842000,J
07607,7895249018465,JTA.COL.ESC.OPALA/C-10 4CC 151 74 (10622),52,84842000,J
07612,7895249034946,JTA.COL.ESCA.MZA 1.6/1.8 (10821),18,84842000,J
07633,7895249023841,JTA.DISTR.IGN.BLOCO CHEV.        (10936),2,84842000,J
07609,7895249020901,JTA.INT.ADM/ESC.OPALA 4CC (2) (10629),16,84842000,J
07597,7895249003133,JTA.TAMPA DIFER.CHEVETTE (10677),31,84842000,J
07635,7895249058966,JTA.TPA.DISTRIB.OPALA 2500 (2) (10628),16,84842000,J
14896,7895249008800,JUNTA BBA DAGUA PST/STN/VGE (46734),5,84842000,J
07601,7895249002082,JUNTA CAMBIO CORSA 1.0/1.4 (10180),23,84842000,J
20547,7895249003836,JUNTA COL.ADMIS.MONZA/KADETT 2.0 C/SELO,29,84842000,J
14512,7895249039460,JUNTA DO CABECOTE GOL/PRT (46901 G),52,84842000,J
17793,7895249034939,JUNTA DO CARTER VEC/OMG/ASTRA (10816 AL),74,84842000,J
17705,7895249070432,JUNTA MTR. GOL MI POWER 1.0 8V (46501 C),143,84842000,J
17708,7895249072962,JUNTA MTR.KBI/POLO/GOL 1.6 8V (46804 C),159,84842000,J
07604,7895249004222,JUNTA SAIDA ESC.CHEVETTE (02) (10922 F),8,84842000,J
00464,7899148302281,ARRUELA P/BUJAO CARTER CHEV/MONZA (10),5,84849000,J
00469,7899148302335,ARRUELA VEDAD.P/BUJAO CARTER D20/D40(10),4,84849000,J
01983,7899148310545,"CALCO C.CAB/(85X94) VW1.3 A 1.6 F1,0(04)",10,84849000,J
01981,7899148310521,"CALCO C.CAB/(85X94) VW1.3 A 1.6 FO,5(04)",8,84849000,J
01978,7899148310491,"CALCO P/CAMISA-VW 0,50 MM (90X99) (10)",8,84849000,J
01980,7899148310514,"CALCO P/CAMISA-VW 1,00 MM (90X99) (04)",10,84849000,J
00659,7899148303622,GRAXEIRA CURVA 1/4 90 GRAUS (10),5,84879000,J
00654,7899148303578,GRAXEIRA CURVA 8 M/M 45 GRAUS (10),4,84879000,J
00647,7899148303509,GRAXEIRA RETA 1/4                   (10),2,84879000,J
00646,7899148303493,GRAXEIRA RETA 6MM (10),2,84879000,J
00648,7899148303516,GRAXEIRA RETA 8MM (10),2,84879000,J
MM40397402,,MT.PASSO CORSA/CELTA/MPFI TDS,112,85011019,J
ATU05150R2,,MT.PASSO TEMPRA/GOL/PAR/SAVEI,108,85011019,J
CR2032,,BAT.LITHIUM P/TELECOMANDO2032,10,85065010,J
PMK134P4,,PILHA P/ALARME ALCALINA 27A.,5,85065090,J
MMF7RF,,VL.IG.ASTRA/CELTA/UNO/FIOR.TD,20,85111000,J
GV6P84,,VL.IG.CHEVETT1.4/1.6/CHEVY TD,16,85111000,J
BP6HS,,VL.IG.CORC/PAMPA/D.REY>83TDS.,26,85111000,J
BPR6EY,,VL.IG.ESC/OMEG/SANT/DOBL/PALI,31,85111000,J
MMF6RF,,VL.IG.ESC/OMEG/SANT/DOBL/PALI,18,85111000,J
LTR7A10,,VL.IG.FIESTA1.0 8V.ZETEC FLEX,39,85111000,J
GV6R01,,VL.IG.FOX 1.0/6 8V.03>TT.FLEX,21,85111000,J
GV5P81,,VL.IG.FUSCA/BRAS. ROSCA CURTA,13,85111000,J
BP7HS,,VL.IG.GOL/KOMBI/CORCEL/DREY/A,26,85111000,J
MMF5RF,,VL.IG.GOL/OMEG/VECTR/ASTR.GAS,20,85111000,J
XH70031,,VL.IG.GOL/PARAT/SAV.MT.AT 97>,26,85111000,J
MMK7RTJY10,,VL.IG.GOL/PARAT/SAV/16V 97>TD,26,85111000,J
BPR5ES11,,VL.IG.MONZA/KAD/OPALA/CARAV4C,32,85111000,J
BP6ES,,VL.IG.PASSAT/GOL/ESCOR1.8/ALC,26,85111000,J
B6S,,VL.IG.PICK-UP/VERAN/C10/14/6C,28,85111000,J
MCB928067,,BOB.IG.FIAT/GM/VW/FORD IG/PLA,157,85113020,J
01508,7898919681655,AVANCO A VACUO CORCEL/D.REY/ESCORT (257),124,85118090,J
01525,7898919681358,AVANCO A VACUO FIAT 147/UNO/PR/EL (074),140,85118090,J
01519,7898919681402,AVANCO A VACUO MONZA 1.8 (101),124,85118090,J
01514,7898919682294,AVANCO A VACUO OPALA/CARAVAN 6CIL  (970),122,85118090,J
01503,7898919681501,AVANCO A VACUO PST/GOL/VGE         (143),108,85118090,J
01502,7898919681495,AVANCO A VACUO PST/VGE 1.6 (139),140,85118090,J
01497,7898919682041,AVANCO A VACUO SEDAN/BRAS/KBI (469),124,85118090,J
05908,7899148321800,PLAT.CHEV/VW.TDS/PST/GOL/UNO/ (901MP044),24,85119000,J
05902,7899148321787,PLAT.OPL/CARV.4/6C/PICK-UP/C.10  (76/2),12,85119000,J
05907,7899148321794,PLAT.VW1300 67/74 VW1500/SED/KB(901MP332,21,85119000,J
11801,7899148340009,PLATINADO CESCAR 73/2,12,85119000,J
GS30271,,ROTOR DIST.VW/FORD/FIAT/GM.IG,32,85119000,J
MR13272,,ROTOR DIST.VW/FORD/FIAT/GM.IG,32,85119000,J
PE0708,,SUP.ESC.ALT.GOL/BRAS/KOMB.BCH,23,85119000,J
UFP12194,,SUP.ESC.PT.UNO/PALIO/SIENA 4E,36,85119000,J
07950,7895706006257,TAMPA DO DIST.GM.FORD          (T314229),37,85119000,J
MT13414,,TP.DIST.BEL/BRAS/FUSCA/74/86G,44,85119000,J
GS30370,,TP.DIST.VW 87>FORD 89>C/PINOS,63,85119000,J
02805,7899584210225,TUCHO DO MOTOR 1300 (JG.8 PCS)(STANDER),269,85119000,J
02505,7899584210072,VR.TUCHO VW. MT AR EXC. GOL/1200 JG.8PCS,173,85119000,J
FL661,,FAROL AUX.GOL GTS REDOND.MILH,79,85122011,J
FL708F,,FAROL AUX.VOLVO/MB NEBL.FERRO,92,85122011,J
FL850,,FAROL MILHA 92MM UNIV.FERRO>,72,85122011,J
LS216,,LANT.LAT.UNO/PREM/ELBA TDS.MD,13,85122021,J
LS291,,LANT.PLACA GOL 00>G3 TDS.MODS,29,85122021,J
LS224,,LANT.PLACA GOL 86>VOY/PAR/SAV,10,85122021,J
LS243,,LANT.PLACA PALIO/SIENA/WEEKEN,26,85122021,J
LS223,,LANT.PLACA UNO/PREMI/L200 >01,13,85122021,J
LS434,,LANT.TETO CELTA TDS.MODELOS..,31,85122021,J
LS111R,,SQ.PISCA DT.FUSCA TDS.MODELOS,18,85122021,J
ETE7159,,LANT.PLACA FIAT DOBLO 2002/21,37,85122022,J
ETE7127,,LANT.PLACA VECT/CORS/MERI.05>,26,85122022,J
ETE7065D,,LANT.PTA.MONZA/KAD/OPAL/D20LD,13,85122022,J
GF221416CR,,LANT.ADAPT.PLACA CRISTAL.TDS.,16,85122029,J
DSC6502,,LANT.LAT.GOLF/BORA/POLO CRIST,40,85122029,J
DEP3121,,LANT.PLACA ASTRA TDS.MODELOS.,21,85122029,J
DSC6002,,LANT.PLACA CELTA 06>PRISMA TD,34,85122029,J
DEP3006,,LANT.PLACA CHEVET/OPALA 80/87,20,85122029,J
DEP3012,,LANT.PLACA CORCEL II/D.REY TD,16,85122029,J
DEP3112,,LANT.PLACA CORSA/KAD/VECT.96>,16,85122029,J
DEP3004,,LANT.PLACA ESC/APOL/VERO88/92,15,85122029,J
DEP3002,,LANT.PLACA ESCORT TDS.MOD.87>,21,85122029,J
DEP3110,,LANT.PLACA FIESTA/KA TDS.MOD.,12,85122029,J
DEP3363C,,LANT.PLACA FOX/GOL G4 C/SOQ..,23,85122029,J
DEP3001C,,LANT.PLACA GOL 95/00 C/SOQUET,16,85122029,J
DEP3106,,LANT.PLACA KOMBI 98> TDS.MOD.,24,85122029,J
DEP3370,,LANT.PLACA MILLE04>/PALI/IDEA,21,85122029,J
DSC6005S,,LANT.PLACA MILLE04>/PALI/IDEA,24,85122029,J
DEP3007,,LANT.PLACA MONZA 82>KADETT TD,23,85122029,J
DEP3115,,LANT.PLACA PANO/FIOR/PREM/ELB,18,85122029,J
DEP3372C,,LANT.PLACA STRAD.07>C/SOQ.L.D,40,85122029,J
DEP3371C,,LANT.PLACA STRAD.07>C/SOQ.L.E,42,85122029,J
DSC1125,,LANT.TETO FUSCA 67/77 TODOS M,18,85122029,J
DSC1119,,LANT.TETO GOL 87>SANTANA/VOY.,20,85122029,J
GB1054,,BUZ.CARACOL 2T.GRAVE/AGUDA12V,68,85123000,J
12008,7898175234145,BARRA DO LIMP.KADETTE/IPANEMA  (203-D/E),18,85129000,J
12148,7898175234114,BARRA L.P/BRI.ESQ.STN/QT/TDS.VERS(201EP),72,85129000,J
12159,7898175234152,BARRA L.P/BRISA.ESQ.KADETT/IPANEMA(203E),36,85129000,J
G206E,,BARRA LIG.GOL 95/99/PAR/SAV.E,60,85129000,J
G203D,,BARRA LIG.KADETT TODOS MOD.LD,55,85129000,J
G043DG,,BARRA LIG.MONZA TDS.82>GRANDE,58,85129000,J
G213DP,,BARRA LIG.PALIO/SIENA/WEEK.PQ,74,85129000,J
LS146,,BICO LAV.DT.FUSCA/BRASILIA TD,13,85129000,J
11922,7898175231649,BRACO DTR CORCEL/BELINA 71/77      (706),23,85129000,J
11908,7898175231946,BRACO DTR FUSCA 67/73              (741),37,85129000,J
11909,7898175231953,BRACO DTR FUSCA 76/78 GANCHO       (742),37,85129000,J
C4102,,BRACO LIMP.BRASILIA/VARIANTII,66,85129000,J
G728,,BRACO LIMP.BRASILIA/VARIANTII,95,85129000,J
C2101,,BRACO LIMP.CORCEL/D.REY78>D/E,63,85129000,J
C3103E,,BRACO LIMP.CORSA 94/2000 L.E.,90,85129000,J
C4107,,BRACO LIMP.FUSCA 76/96 ENCAIX,64,85129000,J
G743,,BRACO LIMP.FUSCA 76/96 ENCAIX,92,85129000,J
C4108D,,BRACO LIMP.GOL/VOYAGE 81/95 D,64,85129000,J
C4108E,,BRACO LIMP.GOL/VOYAGE 81/95 E,64,85129000,J
C3106,,BRACO LIMP.MONZA 84/96 LD/LE.,82,85129000,J
C1104D,,BRACO LIMP.PALIO/SIENA >00 LD,101,85129000,J
C1106E,,BRACO LIMP.PALIO/SIENA 01> LE,92,85129000,J
ETE1003,,CIRC.IMPR.LANT GOL G2 95/00LE,74,85129000,J
PL0102800,,CIRC.IMPR.LANT.GOL G3 00/04 D,63,85129000,J
ETE1010,,CIRC.IMPR.LANT.GOL RE  87/94.,66,85129000,J
PL0100100,,CIRC.IMPR.LANT.UNO 4SOQUET.LE,32,85129000,J
17608,7898324933691,CIRC.IMPRESSO LANT.TRAS.GOL G3 02/05,48,85129000,J
G233A,,JG.KT.PIVO VW PORCA SEXTAVADA,106,85129000,J
G095,,PIVO LIMP.KOMBI CLIPPER  D/E.,180,85129000,J
MCD3287,,COND.OPALA/CARAV/PICK 4/6C>84,16,85322990,J
ETE7286,,RESIST.BOB.IG.CHEVROLE.BRASIL,55,85332900,J
CTN2A005,,PLUG EL.FIAT/VW/MPI/SPI/MI TD,56,85334011,J
WH411284,,PLUG EL.GM/EFI/MPFI/91>TD.G/A,55,85334011,J
CTN2A002,,PLUG EL.UNO/PALI/CORS/CEL/S10,58,85334011,J
WH411331,,SENS.PT.FRIO VW MT.AP.TD89/99,48,85334011,J
AM18020,,FUS.LAMINA MAXI AMARE.20 AMP.,5,85361000,J
DNI319320,,FUS.MIDI FEMEA AZUL CL.20AMP.,18,85361000,J
AM10010,,FUS.VIDRO UNIVERSAL  10  AMP.,2,85361000,J
AM10015,,FUS.VIDRO UNIVERSAL  15  AMP.,2,85361000,J
AM10020,,FUS.VIDRO UNIVERSAL  20  AMP.,2,85361000,J
AM10025,,FUS.VIDRO UNIVERSAL  25  AMP.,2,85361000,J
AM10030,,FUS.VIDRO UNIVERSAL  30  AMP.,2,85361000,J
MMIT7278892,,BULBO RAD.UNO/C/AR CURT88/92G,42,85364100,J
WH601087,,BULBO RAD.VW/GM/FOR/FIA87/82G,52,85364100,J
TRA111201,,RELE AUX.VW/GM/FD/FT4T40A.12V,13,85364100,J
TRA90300,,RELE BOMB.COMB.VECTR/ASTRA 4T,47,85364100,J
MMR4000,,RELE FAROL AL/BX.FUSCA 67/76.,64,85364100,J
DNI0127,,RELE FAROL AL/BX.PASS/SANT/GO,90,85364100,J
IM11455,,RELE PT.FRIO MONZA/KADETT 86>,40,85364100,J
DNI8512,,RELE VENT.RAD.CORSA 4T.12V.,90,85364100,J
MTE3002,,SENS.TEMP.VOYAGE 82/83 C/LAMP,66,85364100,J
OP042032,,CH.SETA BRASILIA 75/76 F.LONG,128,85365090,J
CSJ008,,CH.SETA CHEVET.C/ROL.C/ALAV74,360,85365090,J
OP042035,,CH.SETA D.REY/BEL/PAMPA 85/86,213,85365090,J
OP042051,,CH.SETA FUSCA 78/81 3ALV/LIMP,194,85365090,J
OP042065,,CH.SETA GOL 84/87 C/TEMP/LIMP,277,85365090,J
K3813790,,INT.F/MILHA 2EST.GOL/SANT.>92,92,85365090,J
OP021051,,INT.F/MILHA 2EST.GOL/SANT.>92,56,85365090,J
EC7036,,INT.FREIO CORC/D.REY/F1000>91,55,85365090,J
EC7455,,INT.FREIO PALIO/SIEN/STRAD>04,68,85365090,J
MMILF330,,INT.FREIO VW TDS.MOD.TRIPOLAR,45,85365090,J
EC7026,,INT.FREIO VW/AGRALE TDS BIPOL,37,85365090,J
MMILF310,,INT.FREIO VW/AGRALE TDS BIPOL,40,85365090,J
MMIPO3374,,INT.OLEO CORSA/UNO/PALIO/TORO,40,85365090,J
MMIPO3346,,INT.OLEO UNO/ELBA/TDS.MOD.92>,39,85365090,J
MMIPO3370,,INT.OLEO VW AR TDS/MB SPRINTE,39,85365090,J
DSC1218,,INT.PT.CORSA TODOS MOD.PRETO,8,85365090,J
ETE7936,,INT.PT.FUSCA.TD.MOD.PINO RETO,7,85365090,J
ETE7940,,INT.PT.MONZA/CHEVET.MOD.CURTO,7,85365090,J
ETE7945,,INT.PT.UNIVERSAL REGULAVEL TD,10,85365090,J
IM11159,,INT.VD.EL.ESCORT >92 DUPLO TD,61,85365090,J
TG1501001,,INT.VD.EL.FOX/GOL 04>DUPLO LE,31,85365090,J
DEP3045,,SQ.ADAPT.2POL.VW/FORD/GM/FIAT,10,85366100,J
DEP3045C,,SQ.ADAPT.2POLOS C/CHIC.UNIVER,12,85366100,J
DEP3031,,SQ.LANT.TS.FUSCA 1500 TODOS M,58,85366100,J
DEP3041,,SQ.LANT.UNO/PREM.91>/TEMPR92>,7,85366100,J
DEP3146,,SQ.PISCA DT.UNO 91>MD.ARTEB D,23,85366100,J
DEP3140,,SQ.PISCA DT.UNO 91>MD.CIBIE D,20,85366100,J
DEP3123,,SQ.PISCA DT.UNO 91>MD.CIBIE E,20,85366100,J
8JB001941002,,TOMADA ENG.ALUM.FEMEA 7 POLOS,44,85366910,J
ETE7216B,,SQ.C/GARRA/BORRACH.1P.REFORC.,16,85366990,J
ETE7218B,,SQ.C/GARRA/BORRACH.2P.TRANSV.,20,85366990,J
ETE7212,,SQ.C/SUP.2POLOS TRANSV.UNIVER,12,85366990,J
ETE7117,,SQ.LANT.1POLO GOL/PAS/PAR/SAV,4,85366990,J
ETE7049,,SQ.PAINEL PASSAT ANTIG/SCANIA,12,85366990,J
ETE7440,,SQ.PAINEL SANTANA/QUAN/PINGAO,18,85366990,J
ETE7234,,SQ.PISCA DT.ASTRA>02/CELTA01>,26,85366990,J
ETE7122,,SQ.VIGIA FAROL PALIO/FIAT/VW,7,85366990,J
01375,7899148307859,TERM.DE ENCAIXE MACHO P/ADAPTACOES (100),44,85366990,J
01365,7899148307750,TERM.DE ENCAIXE REG.DE VOLTAGEM (20),4,85366990,J
01363,7899148307736,TERM.DE ENCAIXE TIPO MOSQ.VW MOD   (100),16,85366990,J
01364,7899148307743,TERMINAL DE ENCAIXE FEMEA C/TRAVA (100),21,85366990,J
01366,7899148307767,TERMINAL DO ENGATE (MACHO)         (100),34,85366990,J
01370,7899148307804,TERMINAL FURO DE 1/4               (100),42,85366990,J
01369,7899148307798,TERMINAL FURO DE 3/16              (100),40,85366990,J
01371,7899148307811,TERMINAL FURO DE 3/8               (100),66,85366990,J
8JA001918002,,TOMADA ENG.ALUM.MACHO 7 POLOS,44,85366990,J
MTA1408008,,CX.FUS.UNI  6VIAS C/TERMINAIS,120,85369090,J
00595,7899148303202,TERMINAL DE BAT.PONTEIRA UNIV.P/AUTO(10),7,85389090,J
V221040031,,SENS.NIVEL UNO FIRE/STRA1.5/6,100,85432000,J
08317,7899148327567,CABO NEG.20CM MZA/OP/CHV/COR/BELN/GOL,40,85443000,J
00584,7899148303103,CABO NEG.COMPL.45CM PST/VGE,23,85443000,J
00587,7899148303127,CABO NEGATIVO 30 CM.,15,85443000,J
00588,7899148303134,CABO NEGATIVO 35 CM.,18,85443000,J
00589,7899148303141,CABO NEGATIVO 40 CM.,16,85443000,J
MC4100C,,JG.FIO VL.CHEVETT/CHEVY/MARAJ,61,85443000,J
XS10103,,JG.FIO VL.CORSA/PICK-UP 94>95,96,85443000,J
B9295080016,,JG.FIO VL.D.REY/CORC/BELIN>83,109,85443000,J
MC2000C,,JG.FIO VL.FIAT 147 TDS.MODELO,45,85443000,J
XS10551,,JG.FIO VL.FOX/GOL POLO 1.6 8V,124,85443000,J
MMCVMF0102,,JG.FIO VL.KA/FIES/COUR.ENDURA,143,85443000,J
XS10085,,JG.FIO VL.KOMBI C/CAT.ROS/LON,138,85443000,J
SCG01,,JG.FIO VL.MONZ/KADET.92>94EFI,170,85443000,J
SCG63,,JG.FIO VL.OPALA/CARAV/DIPL.4C,104,85443000,J
BF00099C058,,JG.FIO VL.PALIO/SIEN.1.0/1.5G,88,85443000,J
XS10022,,JG.FIO VL.PALIO/SIEN.1.0/1.5G,56,85443000,J
SCT41,,JG.FIO VL.PREM/ELBA/UNO1.5>89,168,85443000,J
MMCVMT4402,,JG.FIO VL.UNO/ELBA1.5/CARB92>,92,85443000,J
CPC010,,CB.BAT.POS.120 CM BRASIL./C10,140,85444200,J
ETE7689,,CB.LIG.DIST.VW/FIAT/GM VARIOS,16,85444200,J
TECH0739,,CB.RCA PRIME PLUG M.5/5MT VM,63,85444200,J
TC1048,,CHIC.2 VIAS F/MILHA/BX.S10/B.,15,85444200,J
CHW02144,,CHIC.2 VIAS INJ.EL.CAPTIVA,32,85444200,J
TC0822,,CHIC.5 VIAS VD.ELETRICO VW/GM,20,85444200,J
TC0821,,CHIC.6 VIAS MT.VD.EL.UNO/PALI,23,85444200,J
08531-A,7898414281787,CHICOTE 02 VIAS SENSOR NIVEL BOMBA COMBUST. FLEX,26,85444200,J
DSC1830,,CONEC.4 VIAS M/F.UNIVERSAL TD,7,85444200,J
DEP3037,,PLUG ALT.C/TERM.FORD/VW TODOS,13,85444200,J
ETE7493,,SQ.BLOCO OTICO LAMP.ESMAG.5W.,7,85444200,J
PMK79D,,"CB.PARAL.SOM CRIST.2X1,50 B14",324,85444900,J
01454,7899148308191,GARRA DO CABO AUX. DE PARTIDO (JACARE),12,85444900,J
SBSX77,,ESC.PT.VW/PASSAT/FIAT/CHEVETT,12,85452000,J
01561,7899148308696,JOGO DE JUNTA PARA ESCAPAM.(JGO.C/4)(10),5,87039000,J
01191,7899148307118,FIXADOR PLACA TIJOLINHO (01),20,87081000,J
00881-A,7899148304674,FLANGE BOMBA GASOLINA FIAT (5),13,87082919,J
01218,7899148307194,FLANGE DA BOMBA DE GASOLINA VW 1300 (05),10,87082919,J
06080,7898241140257,HEL.REFR.CORCEL I/DEL REY 4 F. (193221),29,87082919,J
06081,7898241140240,HEL.REFR.CORCEL II/DEL REY 3 F. (193220),29,87082919,J
06083,7898241140295,HELICE REFRIG.CHEVETTE (TODOS)  (193225),23,87082919,J
06082,7898241140288,HELICE REFRIG.OPALA TDS. S/AR (193224),44,87082919,J
06193,7898241140332,HELICE REFRIG.TDS.C/MOTOR BOSCH (193229),24,87082919,J
00486,7899148302427,JGO.FLANGES ESQ.DIR.INTERMED.DO COLET AD,149,87082919,J
15489,7899148356673,KIT COMPLETO PINO/TRAVA ARRUELA C/BUCHA,13,87082919,J
10556,7899148333766,PINO DOB.UNO DIANT.TRAS.GRANDE TDS (05),4,87082919,J
09976,7899148331632,PINO DOBRAD.PORTA S-10/BLAZER (02),24,87082919,J
09969,7899148331564,PINO PT GOL/PAR/SAV.GIII C/BUCHA (02),18,87082919,J
GBC001,,SUP.FIX.BAT.BRASILIA/KOMBI/TD,32,87082919,J
GBC009,,SUP.FIX.BAT.ESCORT/VERONA/88>,47,87082919,J
GBC005,,SUP.FIX.BAT.OPALA/CARAVAN/TDS,52,87082919,J
06307,7895071002113,TUBO REFRIG.MOTOR GOL 1.6/1.8/2.0 S/AR,15,87082919,J
02570,7899148312648,CHAPA PROTETORA MOTOR DIANT. DIR. SD/BR.,39,87082999,J
02568,7898644560478,CHAPA PROTETORA MOTOR ESQ. SD/BR.,52,87082999,J
02569,7898644560492,CHAPA PROTETORA MOTOR TRAS. DIR. SD/BR.,23,87082999,J
06086,7899148322456,CRUZ.CARD.F-350/400/4000/D10/20(CC102/1),79,87082999,J
06084,7899148322432,CRUZ.CARD.PIKUP/KB/A.R.2300/MV.  (CC36A),74,87082999,J
06085,7899148322449,CRUZ.CARDAN CARAV.TDS./CHTTE/OP.  (CC37),68,87082999,J
06087,7899148322463,CRUZ.CARDAN CEL/BEL/OP/CHTE/DOD.   (04S),56,87082999,J
01140-A,7899148306807,GRAMPO FOR.LAT/FORD BCO            (100),13,87082999,J
01139-A,7899148306791,GRAMPO FOR.LAT/VW MOD.BCO          (100),13,87082999,J
01143,7899148306821,GRAMPO VARETA CAPO-PST              (10),2,87082999,J
00597,7899148303226,JGO.DE FIXACAO DO BCO.TRAS.KOMBI (TODOS),8,87082999,J
00772,7899148304216,"KTS ACOPL.GOL REFR.AR,COMPLETO PRT/VGE",13,87082999,J
15570,7898410911992,MANOPLA REG. BANCO C/TAMPA GRAFITE CELTA,4,87082999,J
00775,7899148304223,REFORCO LATERAL CARR.SD/VT/BR       (10),4,87082999,J
00852,7898644560430,TPA.BARRA TORSAO VW 1200/1300/1500 SFURO,72,87082999,J
06933,7898262040703,TR.COMPL.PIV BAND.C/P PRT/93..MOD NOVO(2,13,87082999,J
23847,7898469986040,ACIONADOR FREIO AUTM.RODA TRAS/D.MOBI/..,10,87083019,J
23848,7898469986057,ACIONADOR FREIO AUTM.RODA TRAS/E.MOBI/..,10,87083019,J
13188,7898468051411,PAST. DIANT.FOX 1.0/1.3/1.6 03/...SNA260,88,87083019,J
17135,7898468051848,PAST. FREIO CLASSE A            (SNA700),71,87083019,J
13199,7898468051749,PAST. TRAS.SPRINTER CDI 02/...   SNA 701,74,87083019,J
06351,7898468050285,PAST.DE FREIO GOL 1.0/1.6       (SNA222),32,87083019,J
06362,7898468050384,PAST.DE FREIO OP/CAR/COM/DIPL.  (SNA303),36,87083019,J
06363,7898468050391,PAST.DE FREIO OP/CAR/COM/DIPL.  (SNA304),37,87083019,J
06370,7898468050469,PAST.DE FREIO VECTRA 2.0/2.2    (SNA319),58,87083019,J
13185,7898468051664,PAST.DIANT.GOLF 1.6/2.0 NEW 1.9 SNA 252,79,87083019,J
06389,7898468050360,PAST.FR.OPL/CAR.SS4/SS6 COM.71/76(SNA301,44,87083019,J
10595,7898468051381,PAST.FREIO ALFA 145 1.8/BRAVO   (SNA562),80,87083019,J
06330,7898468050018,PAST.FREIO CORCEL/BEL.PPA (902S108),45,87083019,J
06343,7898468050216,PAST.FREIO GOL/VYG/PRT/SAV./PST.(SNA204),29,87083019,J
09182,7898468050599,PAST.FREIO RENAULT TRAFIC F.91/ (SNA433),76,87083019,J
06352,7898468050209,PAST.FREIO SED/BR/VR/TL/KB      (SNA201),23,87083019,J
18190,7898468053569,PAST.FREIO SPRINTER             (SNA718),90,87083019,J
06323,7898468050643,PAST.FREIO UNO/PR/EL/MIL/FIOR.  (SNA505),31,87083019,J
10205,7898469980758,RE.FR.AUT.TR.DIR.ASTRA 99/ VECT.97/(250),42,87083019,J
10206,7898469980765,RE.FR.AUT.TR.ESQ.ASTRA 99/ VECT.97/(251),42,87083019,J
00930,7898469981182,REG. FREIO PAMPA (TODOS) TRAS. ESQ.,32,87083019,J
10184,7898469981540,REG.FR.AUT.PALIO TRAS.DIREITO (414),52,87083019,J
10185,7899148332875,REG.FR.AUT.PALIO TRAS.ESQ.         (415),20,87083019,J
00945,7898469980192,REG.FR.PAS/GOL/SAV/PRT-TDS (TRAS.)D(120),28,87083019,J
00946,7899148305084,REG.FR.PAS/GOL/SAV/Prt-TDS (TRAS.)E(121),16,87083019,J
00936,7899148304988,REG.FREIO MONZA/KADETT TDS TRAS.ESQ(2106,15,87083019,J
00935,7898469982899,REG.FREIO MONZA/KADETT TODOS TRAS. DIR.,29,87083019,J
10207,7899148333094,REGUL.FREIO AUTOMAT.DIR. CORSA    (2111),16,87083019,J
10208,7899148333100,REGUL.FREIO AUTOMAT.ESQ. CORSA    (2112),16,87083019,J
16758,7898469980925,REP.DO FREIO A DISCO CORSA/MONTANA,18,87083019,J
23945,7898469986255,REPARO CENTRALIZADOR DE PATIM TRASEIRO-1 RODA D/E,12,87083019,J
10189,7898469981298,REPARO FREIO A DISCO COURIER/FIESTA(326),10,87083019,J
10187,7898469981274,REPARO SAPATA FIESTA/KA (324),31,87083019,J
23833,7898469984725,REPARO SAPATA RODA TRAS.D/E.ARGO/CRONOS.,23,87083019,J
23787,7898469984893,REPARO SAPATA RODA TRAS.E/D.COBALT/SONIC,21,87083019,J
00259,7898110832290,CABO FR.FIAT 147/SPAZ/OGGI/PANOR. (3201),74,87083090,J
00190,7898110830401,CABO FR.KB CLIPPER C/HOMOC.78-5/82(1208),45,87083090,J
00183,7898110830333,CABO FR.SD.1200/1300 K.GHIA 07-/81(1201),39,87083090,J
00185,7898110830357,CABO FREIO BRAS.07-/81 VTI/TL TDS.(1203),39,87083090,J
08783,7898110839572,CABO FREIO MONZA TODOS (4282),21,87083090,J
00243,7898110831460,CABO FREIO.CORC.I/BEL.I TRAS. /78 (2201),53,87083090,J
02414,7899148311825,CANO FREIO CURTO 1242MM ORIG. (041),50,87083090,J
02407,7899148311757,CANO FREIO CURTO 200MM ORIG. (034),24,87083090,J
02408,7899148311764,CANO FREIO CURTO 280MM ORIG. (035),21,87083090,J
02409,7899148311771,CANO FREIO CURTO 340MM ORIG. (036),18,87083090,J
02410,7899148311788,CANO FREIO CURTO 405MM ORIG. (037),29,87083090,J
02411,7899148311795,CANO FREIO CURTO 560MM ORIG. (038),28,87083090,J
02412,7899148311801,CANO FREIO CURTO 700MM ORIG. (039),28,87083090,J
02413,7899148311818,CANO FREIO CURTO 730MM ORIG. (040),28,87083090,J
02405,7899148311733,CANO MESTRE DE FREIO KOMBI 1500 (028),64,87083090,J
02406,7899148311740,CANO MESTRE DE FREIO KOMBI 1600 (028A),60,87083090,J
02403,7899148311726,CANO MESTRE FREIO FUSCA/BRAS/VART (05),40,87083090,J
06496,7898110831552,CB.FR.CORC.II/BEL 78/D.REY/SC./89 (2210),34,87083090,J
IKS01201,,CB.FREIO FUSCA 1200/1300 >81.,48,87083090,J
IKS01202,,CB.FREIO FUSCA/BRASILIA08/81>,48,87083090,J
IKS01230,,CB.FREIO KOMB.T2(AGUA)FLEX06>,68,87083090,J
10658,7898110838919,CB.FREIO UNO 1.5 SPI/MPI/1.6 95/MI(3229),100,87083090,J
02417,7899148311849,CONDUITE CABO DE EMBREAG VW/KB/SD (071),68,87083090,J
02418,7899148311856,CONDUITE DO CABO DO ACELERADOR VW (068),60,87083090,J
02420,7899148311870,CONDUITE DO CABO DO CAPO VW (069),32,87083090,J
18771,7899148372918,FLEXIVEL DE FREIO ZAFIRA/VEC/ASTRA/MER.,26,87083090,J
13469,7899148348173,FLEXIVEL HIDR.CHEVETTE 42097,32,87083090,J
14753,7898414351992,PAST. DE FREIO FUSCA 1600 93/96 (1401),32,87083090,J
14768,7898414350858,PAST.FREIO BELINA/PAN/SPAZIO/P-UP (1184),23,87083090,J
14739,7898414350322,PAST.FREIO VARIANT/CHEVETTE/MARAJO (1087,20,87083090,J
13122,7898318870117,TAMB.FR.VOLKS 1300-5FUROS69/TR/C/CUBO(61,236,87083090,J
02461,7899148312006,TBO.FR.RETO TR.ESQ.600MMGOL/VGE/PR (225),21,87083090,J
02483,7899148312181,TUBO FR.RETO DIA.ESQ.170MM CHEVETTE(274),21,87083090,J
02476,7899148312129,TUBO FR.RETO DIAN.DIR.1180MM CORCEL(261),31,87083090,J
02477,7899148312136,TUBO FR.RETO DIANT.ESQ.640mm CORCEL(264),16,87083090,J
02475,7899148312112,TUBO FR.RETO DIANT.ESQ.720mm CORCEL(262),18,87083090,J
02473,7899148312099,TUBO FR.RETO TR.DIR.1000mm CORCEL  (265),20,87083090,J
02481,7899148312167,TUBO FR.RETO TR.ESQ.540MM CHEVETTE (278),20,87083090,J
02493-A,7899148312266,TUBO FREIO RETO BITOLA 1020MM      (316),15,87083090,J
02495-A,7899148312297,TUBO FREIO RETO BITOLA 1520MM      (326),18,87083090,J
02490-A,7899148312204,TUBO FREIO RETO BITOLA 300MM       (301),10,87083090,J
02491-A,7899148312228,TUBO FREIO RETO BITOLA 510MM (305),20,87083090,J
02474,7899148312105,TUBO FREIO RETO TR.ESQ.600MMCORCEL (266),31,87083090,J
00596,7899148303219,TUBO SAIDA GAS.MOTOR COMPL.1300/500/600,34,87083090,J
02529,7899148361073,CAMARA VALV. TERM. OPALA TODOS,21,87084090,J
00923,7899148304872,CUPULA ALAV. CAMBIO KOMBI (TODOS) (2),31,87084090,J
00922,7899148304865,CUPULA ALAV. CAMBIO SEDAN (TODOS)    (2),15,87084090,J
02514,7898190172781,TRAMBUL. DE MUDANCA DE MARCHA OPALA(7844,152,87084090,J
00841,7899003802260,ARR.ENC.ROLAM.CONIC 1200/1300 GOL (10),4,87087090,J
00840,7899003802253,ARRUEL.DE ENCOSTO ROL.CON.1200/1300 (10),4,87087090,J
ETE7306,,CALOTA CB.RD.BRAS.S/GARRA PRT,8,87087090,J
03002,7899003802352,CALOTA CB.RODA DIANT.ESQ. KOMBI (02),15,87087090,J
03004,7899003803274,CALOTA CB.RODA TRAS.CORCEL/D.REY/PAMPA(2,7,87087090,J
00693,7899148303844,CALOTA CUBO DA RODA TRAS.FIAT TODOS (5),7,87087090,J
07412,7899003804127,CALOTA CUBO RODA PALIO (TDS) (375FI)(2),10,87087090,J
00690,7899148303813,CALOTA DO CUBO DA RODA TRASEIRA (5),5,87087090,J
07396,7899148325495,CALOTA GRAXA TRAS.FIES/KA/ESC/LGS/VRN(5),5,87087090,J
00754,7899148304148,CALOTINHA CUBO DA RODA C/FURO SEDAN (02),12,87087090,J
00755,7899148304162,CALOTINHA CUBO RODA CH/MZA DIAN/TRAS(05),5,87087090,J
12619,7899003804899,PORCA CUB.ROD.TRAS.16X1 PST/GOL/SVR/POLO,4,87087090,J
00843,7899003800235,TRAVA PORCA RODA DIAN. KOMBI (10),2,87087090,J
05319,7899148319302,BIELETA COMPL.BARRA ESTAB.COR (TODOS),12,87088000,J
00339,7899003803014,BRACO SUSP.TRAZ.SEDAN TODOS,103,87088000,J
00850,7899003802024,HASTE DE LIGACAO DIR.-PEQ.SD 1500/1600,32,87088000,J
00851,7899003802017,HASTE LIG. ESQ.GDE. SEDAN 1500/1600,34,87088000,J
13212,6949999804708,PIVO SUSP.INF.FUSCA/BRAS/VAR.(OKC0310PI),56,87088000,J
13211,7898537865154,PIVO SUSP.SUP.FUSCA/BRAS.VAR.(OKC0310PS),64,87088000,J
00861-A,7899003802048,TAMPA MANCAL TRAS. KOMBI TODOS,50,87088000,J
12970,7898537865994,TERM.DIREC(DIR)ESC/LGS/VER 93/96(OK03151,55,87088000,J
08889,7899588204558,TERMINAL DE DIRECAO LD GOLF 98/(OK03082),50,87088000,J
MTA5050140,,TP.RES.EXP.CORS/MER/ZAF/CELTA,28,87089100,J
1J0121321B,,TP.RES.EXP.GOLF/A3/4/POLO 97>,29,87089100,J
MTA5050126,,TP.RES.EXP.UNO/PALIO/TEMP/TIP,28,87089100,J
01540,7899148308566,ABRAC.TIGRE CHAPA COMPL.C/PARAF.PORCA(05,8,87089200,J
01544,7899148308580,ABRACADEIRA TIPO U DE 1.3/4 (02),8,87089200,J
01545,7899148308597,ABRACADEIRA TIPO U DE 1.7/8 (02),8,87089200,J
01546,7899148308603,ABRACADEIRA TIPO U DE 2 (02),8,87089200,J
01553,7899148308641,ABRACADEIRA UNIVERSAL TIPO G 2.1/8 (02),8,87089200,J
00785,7899003800419,CHAPA DEFLETORA AR/TDS REFR.A AR (2),18,87089200,J
07977,7899148326591,PONT.VW1300/1500 INCL.C/CH/CR(PL-1045)(2,48,87089200,J
01595,7899148308955,PONTEIRA PASSAT MOD.MONZA CROMADA 3051CR,36,87089200,J
01598,7899148309006,PONTEIRA VW RETA VIROLADA CURTA 3049(02),36,87089200,J
01596,7899148308979,PONTEIRA VW RETA VIROLADA LONGA 3048(02),36,87089200,J
01589,7899148308870,TUBO ESCAPE VW C/GRAU S/MIOLO 3053 (02),32,87089200,J
00898,7899148304827,BRACO DE EMBR. ( TODOS ) 75/85,56,87089300,J
13256,7898233433534,GARFO EMBR.GOL1.8E16V MTR AT TDS(AL-843),82,87089300,J
00994,7898233434647,GARFO FRICCAO OPL.4/6 CIL.TODOS (AL-97),146,87089300,J
01006,7899748100393,KIT GARFO DA EMBREAG.1300/1500/1600,28,87089300,J
00624,7899148342966,BARRA INTERNA CAMBIO (CACHIMBO)KB 1500,47,87089482,J
00621,7899148303349,BARRA INTERNA DO CAMBIO(CACHIMBO)SD TODS,124,87089482,J
00628,7899148303356,ACOPLAMENTO DO VARAO CAMBIO KOMBI,45,87089910,J
00902-A,7898545498276,ALAVANCA ACION.CAMBIO KB.CLIPPER 78 E.D.,112,87089910,J
00764-A,7899003803502,ALAVANCA CABO EMBR.VW.1300/1500/600TODOS,34,87089910,J
00768-A,7899003803205,ALAVANCA GARFO EMBR. STNA/GOL GTI/PST,20,87089910,J
00901,7899003803199,BRACO DE EMBR. GOL AGUA TODOS,26,87089910,J
00897,7899148304810,BRACO DE EMBR. SEDAN /KOMBI 63/75,56,87089910,J
00924,7899148304889,CHAPA GUIA ALAV. CAMBIO SEDAN (TODOS)(5),12,87089910,J
00869,7899148304568,ENCOSTO PEDAL EMBREAGEM (05),5,87089910,J
00908,7899003802703,HASTE SAPATA FREIO SEDAN DIR(232V) (2),10,87089910,J
00907,7899003802697,HASTE SAPATA FREIO SEDAN ESQ.(231V)  (2),5,87089910,J
00918,7899003800518,PEDAL ACELERADOR SEDAN (TODOS) FERRO (2),18,87089910,J
00762,7899003801393,PEDAL DA EMBR.C/SUPORTE VW 85/88 (108V),64,87089910,J
00757,7899003802284,PEDAL EMBR.S/SUPORTE 1300/1500 (192V),66,87089910,J
07442,7899003803786,SAP.FR.DIANT.SEDAN 1200/1300 TDS. (338V),21,87089910,J
07446,7899003803847,SAPATA FREIO TRAS.KOMBI 1500 TDS. (344K),48,87089910,J
01566,7899148308740,ABRAC.R.S.F.22MMX32MM 7/8,4,87089990,J
00629,7899148303363,ACOPLAMENTO DO VARAO CAMBIO VW SEDAN,45,87089990,J
00602,7898677151018,ADAPTADOR P/FIX.FILTRO DO AR DA BRASILIA,26,87089990,J
00529,7899148302618,ALAV DE CAMBIO ESCORT POS 86 ED C/BO(08),18,87089990,J
06103,7899148357243,ALAV.CAMB.1CURVA LONGA KB1600(CARATI98..,56,87089990,J
02766,7898190170053,ALAV.CAMBIO COMPL.SANT/GOL/VOY(5M)(7452),87,87089990,J
00518,7898190179612,ALAVANCA CAMBIO DO STANA.5 MARCHAS(9523),40,87089990,J
00478,7899148302410,ALAVANCA CAMBIO KB CLIPPER+CURTA (17),52,87089990,J
00522,7899148302540,ALAVANCA DE CAMBIO CEL I C/BOLA E MOLA,36,87089990,J
00520,7899148302526,ALAVANCA DE CAMBIO DA KOMBI (TODOS) (15),52,87089990,J
00521,7899148302533,ALAVANCA DE CAMBIO DA KOMBI-CLIPPER (16),55,87089990,J
00514,7899148302472,ALAVANCA DE CAMBIO DA VARIANT E BR TODOS,37,87089990,J
00515,7899148302489,ALAVANCA DE CAMBIO DO PASSAT (MODERNO),23,87089990,J
18599,7898290800225,ALAVANCA DE CAMBIO GOL/PRT/SVR232MM(8639,21,87089990,J
00512,7899148302458,ALAVANCA DE CAMBIO SEDAN 76,37,87089990,J
00513,7899148302465,ALAVANCA DE CAMBIO SEDAN TODOS (12),42,87089990,J
01988,7899148310583,ARRUELA ESPAC.DA POLIA DO DINAMO   (100),36,87089990,J
07406,7899148325587,ARVORE DA CAIXA DE DIRECAO FUSCA,162,87089990,J
06003-T,,BAND.DIANT.DIR.C/B.SANT/QUANT.88.UNIFICO,88,87089990,J
06004-T,7898556050258,BAND.DIANT.ESQ/DIR.C/BUCHA SANT/QT.88...,88,87089990,J
06000-T,7899148381316,BANDEJA.C/BUC.S/PIV.PST/GOL/VYG-84 (450),52,87089990,J
00888,7899148304735,BARRA DE LIGACAO CURTA VARIANT(FIXA)(02),18,87089990,J
00886,7899148304711,BARRA DE LIGACAO REGULAVEL VARIANT   (2),26,87089990,J
00625,7899003802918,BARRA INTERNA CAMBIO (CACHIMBO)KB 1600,124,87089990,J
00889,7899148392749,BARRA LIGACAO DUPLA CARB.REGULAVEL (02),44,87089990,J
01250,7898421560967,"BOLA DA ALAV. DE CAMBIO,UNIV.(TODOS) (2)",5,87089990,J
08594-T,7898924522141,BRACO DIANT.DIR.C/B.CORSA/P.UP 05/98(434,84,87089990,J
08593-T,7898924522134,BRACO DIANT.ESQ.C/B.CORSA/P.UP 05/98,84,87089990,J
00208,7898110830678,CAB.EMBR.SEDAN 1300/1500/1600 TDS.(1311),21,87089990,J
00276,7898110832740,CABO AC.MONZA CARB.DUPL.MECAN.87/ (4107),29,87089990,J
00179,7898110830159,CABO ACEL.GOL/SAV 1.6 A AR 85/86 (1115),18,87089990,J
00289,7898110832870,CABO ACELER.OPALA/CARAV.4/6CC 90/ (4119),29,87089990,J
08758,7898110836298,CABO ACELERADOR GOL/SAVEIRO (1136),37,87089990,J
00176,7898110830128,CABO ACELERADOR PASSAT /83 (1112),18,87089990,J
06761,7898110838544,CABO AF.ESCORT 1.6 CHT 08/86 (2704),45,87089990,J
00228,7898110830975,CABO CAPO BRAS/VAR.II S/BOTAO TDS.(1501),16,87089990,J
06635,7898110834836,CABO CAPO CORSA (C/ALAVANCA)TDS. (4508),36,87089990,J
08794,7898110837233,CABO CAPO SANTANA/QUANTUN (1515),16,87089990,J
06411,7898110830319,CABO DE ACEL.STN/QT.1.8/2.0 C/EFI (1131),29,87089990,J
06446,7898110833037,CABO DE ACELER.CHEVETTE 1.6 93/ (4132),31,87089990,J
06671,7898110836717,CABO DE ACELERADOR KA 1.0 97/ (2123),55,87089990,J
06710,7898110836786,CABO DE CAPO DO KA (S/ALAV.) 97/ (2508),32,87089990,J
13881,7898440472081,CABO DE CAPO GOL (1518),16,87089990,J
13883,7898440472098,CABO DE CAPO GOL/PARATI (1519),16,87089990,J
13884,7898440472166,CABO DE CAPO GOL/PARATI (1519A),29,87089990,J
24037,7898440480758,CABO DE CAPO VW (1522),34,87089990,J
06606,7898110834508,CABO DE VELOCIMETRO DO CORSA (TDS)(4423),37,87089990,J
06598,7898110832559,CABO DE VELOCIMETRO DO PALIO 96/ (3407),42,87089990,J
00254,7898110831934,CABO DE VELOCIMETRO ESCORT /88 (2403),29,87089990,J
00216,7898110830791,CABO DE VELOCIMETRO PASSAT /84 (1404),29,87089990,J
06573,7898110834201,CABO EMB.MONZA (C/C.DUPLA)06-93/ (4316),69,87089990,J
00261,7898110832405,CABO EMBR.FIAT 147/SPAZIO/OGGI 76/(3301),29,87089990,J
00263,7898110832429,CABO EMBR.UNO/PREM/ELBA FIOR.90/91(3303),44,87089990,J
08786,7898110837196,CABO EMBREAGEM GOL/SVR. ALC. (1324),68,87089990,J
00327,7898110834355,CABO VEL.OPALA/CAR.4CC (3/4M) /84 (4408),34,87089990,J
06577,7898110830913,CABO VEL.SANT/QUANT.(MECAN.)07-89/(1416),36,87089990,J
00213,7898110830760,CABO VELOC.SEDAN 1200/1600/VAR/TL (1401),28,87089990,J
06613,7898110834577,CABO VELOC.VECTRA (MECANICO) 93/ (4430),32,87089990,J
00218,7898110830814,CABO VELOCIMETRO BRASILIA TODAS (1406),24,87089990,J
06581,7898110830951,CABO VELOCIMETRO LOGUS C/EFI 94/ (1420),40,87089990,J
03073,7896728400092,CARTER MONZA 1.8/2.0 89/... (541M/K/P/V),96,87089990,J
IKS02105,,CB.ACEL.CORCELII/PAMPA 4X2/4.,45,87089990,J
IKS01519A,,CB.ACEL.GOL G3 05> C/ALAVANCA,37,87089990,J
IKS01110,,CB.ACEL.GOL/SAV.1.6/8 TD84/94,32,87089990,J
IKS01111,,CB.ACEL.GOL/SAV1.3/6 AR TD>84,18,87089990,J
IKS01136,,CB.ACEL.GOL/SAVEI.1.6>2.0 97>,44,87089990,J
IKS03127,,CB.ACEL.PALIO/SIE.1.0 8V.GAS.,44,87089990,J
IKS03120,,CB.ACEL.PALIO/SIE.1.5MPI99/00,56,87089990,J
IKS01122,,CB.ACEL.UNIV.REGULAVEL >05/94,12,87089990,J
IKS04508,,CB.CAPO CORSA C/ALAVANCA TDS.,44,87089990,J
IKS01514,,CB.CAPO GOL MODEL.NOVO 10/94>,31,87089990,J
00233,7898110831040,CB.CAPO GOL/SAV AG.VG/PAR.S/AL.84/(1506),18,87089990,J
IKS01517,,CB.CAPO GOL/SAV/PAR.GII AL/GS,20,87089990,J
IKS01518,,CB.CAPO GOL/SAV/PAR/FOX S/ALA,20,87089990,J
IKS01506A,,CB.CAPO GOL/SAV/VOYAG.C/ALAVA,31,87089990,J
IKS04507,,CB.CAPO KADETT C/ALAVANCA TDS,45,87089990,J
IKS01511,,CB.CAPO SANTANA C/ALAVANCA91>,34,87089990,J
06627,7898110832573,CB.CAPO UNO/PRE/EL/FIO.TDS.S/ALAV.(3502),16,87089990,J
06618,7898110831095,CB.CPO SD.1.6(S/BOT.) 67/70 VAR.I (1510),18,87089990,J
IKS04303,,CB.EMB.CHEVETTE TODOS 10/76>.,60,87089990,J
IKS02306,,CB.EMB.D.REY/PAMPA AP 1.8 89>,71,87089990,J
06555,7898110831866,CB.EMB.D.REY/SC/PPA.MT.VW 1.8 89/ (2306),56,87089990,J
IKS02304,,CB.EMB.ESCORT MT.CHT 1.6 83>.,50,87089990,J
IKS01311,,CB.EMB.FUSCA 1300/500/600 TDS,28,87089990,J
IKS01316,,CB.EMB.GOL 1.0 MT.CHT TD94/96,72,87089990,J
IKS01305,,CB.EMB.GOL/PARAT.1.6 AGUA >86,74,87089990,J
IKS01306,,CB.EMB.GOL/VOY/PARATI 1.8 90>,63,87089990,J
IKS01313,,CB.EMB.KOMBI 1500 TODOS MODEL,32,87089990,J
IKS01314,,CB.EMB.KOMBI CLIPPER TD.MODEL,32,87089990,J
IKS01320,,CB.EMB.KOMBI T-2 TD.MODEL.97>,34,87089990,J
IKS01301C,,CB.EMB.KOMBI T2 1.4 FLEX 06>.,32,87089990,J
IKS04306,,CB.EMB.OPALA/CARAVAN TD.MODEL,47,87089990,J
IKS03316,,CB.EMB.PALIO 1.0MPI/WEEKEN1.3,90,87089990,J
IKS03307,,CB.EMB.PALIO 1.5(96) 1.6 96>.,84,87089990,J
IKS03311,,CB.EMB.UNO/FIORINO TD.MOD.97>,79,87089990,J
IKS03326,,CB.EMB.UNO/MILLE/FIRE/FIOR02>,84,87089990,J
12733,7898440470667,CB.EMBREAGEM MILLE/FIO/FURG.GAS- (3326),69,87089990,J
IKS01406,,CB.VEL.BRASILIA TODOS MODELOS,31,87089990,J
IKS04423,,CB.VEL.CORSA WIND/GL/GLS/GSI.,47,87089990,J
IKS01401,,CB.VEL.FUSCA 1200>1600/VARIAN,31,87089990,J
00227,7898110830906,CB.VEL.GOL 09-/94 SAV./VOY/PAR.90/(1415),32,87089990,J
IKS01410,,CB.VEL.GOL/SAVEIR(AGUA)>06/90,39,87089990,J
IKS01413,,CB.VEL.KOMBI CLIPPER TD.MODEL,55,87089990,J
IKS04405,,CB.VEL.MONZA SLE/CLASS.85/91.,45,87089990,J
06609,7898110834539,CB.VEL.OPL/CAR.4CC S/DIR.HID. 91/ (4426),26,87089990,J
IKS03404,,CB.VEL.UNO/PREMIO/ELB/FIOR91>,56,87089990,J
06619,7898110831101,CBO.CAPO SANT/QUANT.C/ALAV.04-91/ (1511),28,87089990,J
18843,7898290801215,CONECTOR CX DE CAMBIO COR/CELTA/ZFR(8608,21,87089990,J
00866,7899148304544,EIXO PEDAL EMBREAGEM 1300/1500/VT/BR (2),26,87089990,J
02729,7898300987090,ENG.VELC.CHEV.77/94 MEC.18DENTES MARROM,24,87089990,J
02736,7898300987250,ENG.VELC.OPL.5M. 24DENTES AMARELO ESCURO,13,87089990,J
07401,7898677151162,ENGREN. ACIONAMENTO DISTRI. CHEVROLET,47,87089990,J
02519,7899148312402,ENGRENAGEM RE V.W.,82,87089990,J
00896,7899148304803,GARFO DO ROLAM.EMB. SANTANA,117,87089990,J
01133,7899148306746,GRAMPO DO FRISO DE NYLON VW        (100),8,87089990,J
13989,7899148351524,GUIA DA VERETA POLO/SEDAN/FOX  (NV-298),4,87089990,J
01086,7899148306326,JG.M.PAST.FR.UNO-84/PREM-85 2ROD (302),8,87089990,J
01051,7899148305978,JG.M.PATIM DIAN.VW1300/1300L P/1RD (223),5,87089990,J
01085,7899148306319,JG.M.PATIM FR.TR.FT.UNO-84/PRE-85  (306),5,87089990,J
01062,7899148306081,JG.M.PATIM TR.COMP.CH/OP/CAR.TODOS (014),8,87089990,J
01074,7899148306203,JG.M.PATIM TR.COMPL.CEL2/BL2/DREY (104),16,87089990,J
01075,7899148306210,JG.M.PATIM TR.PARC.2RD CEL2/BL2/REY(173),8,87089990,J
01052,7899148305985,JG.M.PATIM TR.VW1300 A 1600 1 RD. (208),7,87089990,J
01063,7899148306098,JG.M.PATIM TRAS.CHEV.TODOS P/ 2RD. (015),15,87089990,J
01073,7899148306197,JG.MOL.PAST.FR.CHEVETE P/2 RODAS   (068),5,87089990,J
01079,7899148306258,JG.MOL.PATIM TR.COMPL.ESC.P/2ROD   (107),8,87089990,J
01078,7899148306241,JG.MOL.PATIM TR.COMPL.PAMPA P/2ROD.(111),18,87089990,J
01067,7899148306135,JG.MOL.PATIM TRAS.CHEV.500 P/2 RODA(017),15,87089990,J
01072,7899148306180,JG.MOL.PATIM TRAS.COMPL.KD/MZ/IPA  (036),8,87089990,J
01071,7899148306173,JG.MOLAS PASTILHA FREIO MONZA P/ 2RODAS,21,87089990,J
01039,7899148305879,JG.REP.C.PAT.DIAN.25MM VW1200/1300 (229),5,87089990,J
00839,7899748100591,JGO.DE TRAVAS DO CABO DA EMBR.OP/CVA(10),2,87089990,J
00997,7899748101291,KIT DA CAIXA DE AR (10),42,87089990,J
00996,7899748101284,KIT DO ESTRIBO (COMPL.P/1 ESTRIBO) (10),13,87089990,J
00998,7899748101307,KIT DO PARALAMA VW                  (10),16,87089990,J
01004,7899748101383,KIT DOS CROM.P/CHOQUE FUSCA (ANTIGO)(10),18,87089990,J
01003,7899748101376,KIT DOS CROM.P/CHOQUE FUSCA (MOD) (10),23,87089990,J
07300,7899148324559,KIT FR.A DISCO CPL.STN/GOL/VGE 1.8 (244),5,87089990,J
07350,7899148325051,KIT FR.DISC.VECTRA 94/96/OMEGA TDS.(055),5,87089990,J
07349,7899148325044,KIT FR.DISCO COMP.2RODAS CORSA TDS.(054),8,87089990,J
07301,7899148324566,KIT FR.DISCO CPL.GOL/VGE/PRT/SVR 94(290),5,87089990,J
07353,7899148325082,KIT FR.DISCO CPL.OPALA TDS.S/VARGA (067),5,87089990,J
07316,7899148324719,KIT FREI DISCO(COMPL.2 RODAS)ESCORT(120),8,87089990,J
16193,7899148363633,KIT FREIO A DISCO COMPL.KOMBI 1600,24,87089990,J
16194,7899148363640,KIT FREIO A DISCO COMPL.PST/GOL/VGE,28,87089990,J
16196,7899148363664,KIT FREIO A DISCO PARCIAL PST/GOL/VGE,26,87089990,J
07340,7899148324955,KIT FREIO DISCO COMPL.P/1 RODA FIAT(345),13,87089990,J
16263,7899148364333,KIT PARC.DE FREIO A DISCO CELTA/CORSA,5,87089990,J
00954,7899748101239,KIT REG.KOMBI 1500/1600 DIANT.TRAS. (10),7,87089990,J
14404,7898632312003,KIT TRAMBULADOR UNO/PREMIO,5,87089990,J
00767,7899148304193,KITS ACOPLAM.78/88 TDS COMPL.BR/VRT/VW,24,87089990,J
07088-A,7899748126768,KT BARRA ESTABIL.VECTRA GT/MERIVA 21MM,31,87089990,J
01347,7899148307583,MOLA DA ALAV.DO CAMBIO KOMBI TDS(217)(2),7,87089990,J
01346,7899148307576,MOLA DA ALAV.DO CAMBIO VW (TDS)(218)(02),5,87089990,J
01358,7899148307675,MOLA DO CARBUR DO PASSAT TODOS (207)(05),4,87089990,J
01350-A,7899148307606,MOLA DO PEDAL DE FREIO DO SEDAN(238)(02),5,87089990,J
01339,7899148307538,MOLA DO RET.ACEL.VW (TODOS) (205) (10),2,87089990,J
01341,7899148307545,MOLA RET.ACEL.VR/TL TDS. D-CARB(206) (10),4,87089990,J
01356,7899148307651,MOLA RETORNO DO ACELER.CHEVETTE(034)(05),4,87089990,J
01344,7899148307569,MOLA RETORNO EMBREAGEM 1200/1600(236)(2),5,87089990,J
06088,7898537860982,PINHAO DISTRIB.CEL/BEL/DREY/ESC/VRNA/VW.,71,87089990,J
18840,7898190170237,PINO TRAVA FIX.TRAMB.ASTRA/CELTA/CORSA,39,87089990,J
07966,7899148326485,PONTEIRA DODGE MEDIA CROM.DIVS.(PL-1024),23,87089990,J
07967,7899148326492,PONTEIRA DODGE PEQ. CROM. DIVS.(PL-1025),40,87089990,J
01594,7899148308948,PONTEIRA VW 1300 ORIG.INCLINADA 3047(02),15,87089990,J
00770,7898677151278,PORCA DO VOLANTE C/ROLAMENTO VW TODOS,76,87089990,J
09601,7899148330246,PORCA EXP.AP.BRACO GOL/VOY/PAR/SAV (10),2,87089990,J
06152,7898154400073,PROT.CART.GOL/VGE/PRT/SAV.-AE/AP 2S/96,95,87089990,J
06171,7898154402305,PROT.CART.PALIO/WEEK/SIENA,244,87089990,J
06170,7898154400325,PROT.CART.UNO/ELBA/FIORINO/PREMIO,56,87089990,J
06294,7898154400509,PROTETOR DO CARTER CELTA TDS.(HF3050),72,87089990,J
06151,7898154401278,PRT.CART.GOL/VGE/PRT/SAV/ AP 1.8/GOL 2.0,82,87089990,J
06150,7898154401179,PRT.CART.GOL1.0/VOY/PRT/SAV-AE/CHT(GP405,151,87089990,J
07342,7899148324979,REP.C.PATIM (PINO 31MM) FIAT TDS. (308),5,87089990,J
01040,7899148305886,REP.C.PATIM 31MM VW 1500/1600/BR (232),5,87089990,J
07303,7899148324580,REP.C.PATIM PST/GOL/PR/VG/ST.86/ (231),5,87089990,J
01043,7899148305916,REP.C.PATIM TRAS.31MM ESCORT TODS (136),5,87089990,J
07356,7899148325112,REP.C.PATIM(PINO 70MM)A/C/D-40 85/ (092),4,87089990,J
07306,7899148324610,REP.CENT.PATIM KOMBI 1500/1600 82/ (257),5,87089990,J
01046,7899148305947,REP.CENT.PATIM TRAS.41mm MONZA-TDS.(041),4,87089990,J
07345,7899148325006,REP.CENT.PATIM(PINO 28MM)PALIO TDS.(353),5,87089990,J
07354,7899148325099,REP.CTL.PATIM(PINO 27MM)CORSA TDS. (079),5,87089990,J
07362,7899148325174,REP.SAPATA FREIO COMPL. CORSA TDS. (082) DUAS RODA,15,87089990,J
07348,7899148325037,REP.SAPATA FREIO COMPL. PALIO TDS. (356),13,87089990,J
07346,7899148325013,REP.SAPATA FREIO COMPL. TEMPRA 8V (354),13,87089990,J
16222,7899148363923,REPARO CENTRAL.PATIM ECOSPORT/FIESTA,5,87089990,J
16269,7899148364395,REPARO COMPL.DO PATIM ASTRA 99/ (D),16,87089990,J
16270,7899148364401,REPARO COMPL.DO PATIM ASTRA 99/ (E),15,87089990,J
16205,7899148363756,REPARO COMPL.DO PATIM GOL/SANTANA,16,87089990,J
16271,7899148364418,REPARO COMPL.DO PATIM VECTRA 97 (D),16,87089990,J
16272,7899148364425,REPARO COMPL.DO PATIM VECTRA 97 (E),16,87089990,J
16226,7899148363961,REPARO COMPL.SAPATA DE FREIO ECOSP./FIE.,12,87089990,J
16223,7899148363930,REPARO COMPL.SAPATA DE FREIO KA/FIESTA,10,87089990,J
16281,7899148364517,REPARO DA SAPATA DE FREIO CORSA/VECTRA,7,87089990,J
00482-A,7898190170046,RESPIRO DE OLEO VW KOMBI CLIPPER (7451),48,87089990,J
00479,7898262040789,RESPIRO DO OLEO SEDAN/KOMBI        (252),47,87089990,J
15258,7898190172880,SELETOR C/PINO DA ALAV.CAMBIO MZA/KDT(7861A,24,87089990,J
10924,7899148335159,SELO 41.6 KA/FIESTA/COURIER NV174   (05),5,87089990,J
12824,7899148367891,SELO BLOCO TRAS.PALIO/UNO-MOTOR FIRE 50M,15,87089990,J
00115,7890251700483,"SELO DAGUA 14,1 PASSAT (10)",2,87089990,J
00124,7890251705013,"SELO DAGUA 24,1 OPALA (05)",4,87089990,J
00125,7899148301093,"SELO DAGUA 24,3 - PST (BX)         (10)",2,87089990,J
00132,7890251700759,"SELO DAGUA 32,0 PERKINS (05)",8,87089990,J
00134,7890251700605,"SELO DAGUA 34,4 GM (10)",7,87089990,J
00138,7890251700513,"SELO DAGUA 36,8 PASSAT (10)",5,87089990,J
00141,7899148301246,"SELO DAGUA 38,4 PERKINS            (10)",5,87089990,J
00157,7899148301345,"SELO DAGUA 51,2 OPALA              (05)",7,87089990,J
12821,7890251700643,"SELO DO CABECOTE GRANDE FIAT MED.28,2MM",5,87089990,J
12816,7890251711373,SELO DO COMANDO VW AR TDS 1.3/1.5/1.6,7,87089990,J
16368,7899148364760,"SELO DO MOTOR 28,4 MM",4,87089990,J
13693,7899148349118,"SELO DO MOTOR 30,2 MM",4,87089990,J
12825,7890251711854,"SELO TP.BLC.MTR.FIAT1.6/8E16V MED.30,4MM",7,87089990,J
12826,7890251700742,"SELO TP.COL.CHEV/MONZA/KADETT MED.26,3MM",5,87089990,J
12814,7890251700537,"SELO.COL.ADM.VW E CABECOTE GM MED.18,0M",2,87089990,J
07294,7898924521182,SUP.FIX.CX.MUD.GOL/SAV.MT.AE 84(1700-30),20,87089990,J
07292,7899148353740,SUP.TRAS.FIX.CX.MUD.GOL/SAV.MT.AP(1136A),26,87089990,J
02557,7895500002035,TAMPA DA CAIXA DE CAMBIO VW/BRAS. (0093),197,87089990,J
00781,7899748100386,TAMPA DO CARTER COMPL.SD/KB1300/500/600,28,87089990,J
01343,7893272001287,TAMPA RADIADOR FORD RANGER TDS. (TC7092),23,87089990,J
IKS01301,,TB.FLEX.CB.EMB.FUSC/KOMB/BRAS,24,87089990,J
02515,7898134040855,TENSOR EST. COR. CORCEL TODOS   (52923E),40,87089990,J
ES3040,,TP.COMB.C/C.ESC/VER/LOG/92/96,92,87089990,J
T6075,,TP.COMB.C/C.FIES/KA/COURI/02>,114,87089990,J
E1001,,TP.COMB.C/C.FUSCA/BRASILI/78>,34,87089990,J
TS1080,,TP.COMB.C/C.GOL/SAV/KOMBI 90>,40,87089990,J
J2001,,TP.COMB.C/C.GOL/VOY/KOMB>89TD,32,87089990,J
A101,,TP.COMB.C/C.MONZ/FUSCA/CORCII,29,87089990,J
C303,,TP.COMB.C/C.PAMPA/BEL/SCAL>89,32,87089990,J
T6020,,TP.COMB.C/C.PAMPA/BEL/SCAL>89,58,87089990,J
T5005,,TP.COMB.C/C.S10/VECT/CELT/BLA,74,87089990,J
F805,,TP.COMB.C/C.UNO/ELBA/PREM/90>,32,87089990,J
O6026,,TP.OLEO MT.CORSA/CELTA 8V.01>,23,87089990,J
T7094,,TP.RAD.CIVIC/ACORD/SWIFT/TOYO,42,87089990,J
R5001,,TP.RAD.ESCORT/GM/CAM.VW/AGRAL,15,87089990,J
T7006F,,TP.RAD.F100>22000/CARG/GM/AGR,31,87089990,J
GN1303T,,TP.RES.EXP.STILO/PUNTO/LINEA.,23,87089990,J
T4041,,TP.RES.EXP.UNO/TIPO/SIENA/ELB,21,87089990,J
MTA5050128,,TP.RES.PT.FRIO GM TDS.MOD.ALC,52,87089990,J
00853,7898644560645,TPA.BARRA TORSAO 1600/BR.VT C/FURO,76,87089990,J
07555-A,7898290802977,TRAMB.COMPLETO.5M STN/GOL/PRT MOTOR AP,319,87089990,J
02705,7898190175966,TRAMBULADOR MONZA 5M ATE 92 (7861),634,87089990,J
00842,7899003800075,TRAVA PORCA RODA DI.SD 1.2/1.3 E KB (10),2,87089990,J
06932,7898677151131,TRV.COMPL.PIV BAND.C/P PST/GOL/VYG/93(2) M-10,16,87089990,J
01588,7899148308863,TUBO ESCAPAMENTO ORIGINAL C/MIOLO 3046(2,16,87089990,J
03857,7899148314147,VAR.MED.OLEO PALIO EL/ED/EDX 96/   (103),20,87089990,J
00893,7899148304780,VARETA COM.CARB. GOL 1.3 REG. MENOR (2),44,87089990,J
00894,7899148304797,VARETA COM.CARB. GOL 1.6 REG.(MAIOR),44,87089990,J
13695,7899148349132,VARETA DO NIVEL DO OLEO SPACE FOX 1.6,28,87089990,J
19969,7899148378958,VARETA MED.DE OLEO AZERA/VERA CRUZ 3.8,36,87089990,J
09591,7899148330147,VARETA MED.OLEO PALIO 16V 96/98 SIE/STRA,44,87089990,J
02490,7899148312198,VARETA MED.OLEO VW 1.8 TODOS       (002),8,87089990,J
02566,7899148312600,VARETA MEDID.OLEO VW GOL PLUS 1000 (068),18,87089990,J
00429,7897676900085,VARETA MEDIDORA NIVEL DO OLEO BRASILIA,21,87089990,J
00435,7897676900597,VARETA MEDIDORA NIVEL DO OLEO CHEVETTE 73 EM DIANT,13,87089990,J
19952,7897676900726,VARETA MEDIDORA NIVEL DO OLEO CORSA 1.0 8 VALV. 94,37,87089990,J
03868,7897676900665,VARETA MEDIDORA NIVEL DO OLEO CORSA 1.0/1.4/1.6 8V,31,87089990,J
00437-B,7897676900849,VARETA MEDIDORA NIVEL DO OLEO FIAT 1.3 TODOS/MILLE,34,87089990,J
00437-A,7897676900832,VARETA MEDIDORA NIVEL DO OLEO FIAT 1.5/1.6 TODOS,24,87089990,J
02567,7897676900177,VARETA MEDIDORA NIVEL DO OLEO GOL CLI 1.6,29,87089990,J
03864,7897676900399,VARETA MEDIDORA NIVEL DO OLEO KA/FIESTA/COURIER 1.,24,87089990,J
16360,7897676900306,VARETA MEDIDORA NIVEL DO OLEO KOMBI 2006 EM DIANTE,28,87089990,J
19958,7897676900290,VARETA MEDIDORA NIVEL DO OLEO NOVO GOL (GERACAO 5),28,87089990,J
12812,7897676900979,VARETA MEDIDORA NIVEL DO OLEO NOVO MILLE 1.0 ANO 2,44,87089990,J
03861,7897676900610,VARETA MEDIDORA NIVEL DO OLEO OPALA 4/6 CILINDROS,20,87089990,J
10609,7897676900962,VARETA MEDIDORA NIVEL DO OLEO PALIO 1.8 8V/STRADA,37,87089990,J
03851,7897676900191,VARETA MEDIDORA NIVEL DO OLEO VOY/SAV/SANT/GOL 1.6,29,87089990,J
00436,7899148302069,VARETA MEDIDORA OLEO MONZA 82/86   (043),10,87089990,J
03862,7899148314192,VARETA MEDIDORA OLEO MONZA 87/90   (077),12,87089990,J
02565,7899148312594,VARETA OLEO VW/LOG/POINT.1.8 E 2.0 (067),18,87089990,J
TSA90001,,BOIA FUSCA >77S/TB.RETORNO TD,71,90261029,J
W80242,,BOIA GOL/VOY/PARAT>90C/TB.RET,136,90261029,J
W99003,,BOIA KOMBI 81/83 45LT.TDS.G/A,218,90261029,J
W80159,,BOIA MONZA 83/90 C/BORDO G/A,109,90261029,J
W80251,,BOIA PASSAT >82 45LT.ALC/GAS.,114,90261029,J
W80247,,BOIA PASSAT 83/88 60L.C/RET.G,164,90261029,J
13233,7898916091945,FLANGE SUP.BBA.COMB.CORSA SEDAM 02/,58,90261029,J
13230,7898916091945,FLANGE SUP.BBA.COMB.PALIO FIRE,29,90261029,J
14476,7898917046197,FLANGE SUP.DA BOMBA PEUGEOT 307  (P8025),40,90261029,J
11656,7898916089126,MED.COMB.P/IE.GOL/PRT G3         (P1008),58,90261029,J
11652,7898916089089,MED.COMB.P/IE.GOL/PRT.           (P1001),58,90261029,J
11655,7898916089119,MED.COMB.P/IE.KOMBI 97/...       (P1007),58,90261029,J
11663,7898916089225,MED.COMB.P/IE.MILLE/STRADA       (P1006),58,90261029,J
11658,7898916089140,MED.COMB.P/IE.SAVEIRO G2 GAS. (P1012),92,90261029,J
11664,7898916089232,MED.COMB.P/IE.STRADA 1.6 16V     (P1011),45,90261029,J
11620,7898916090542,MED.COMB.PAMPA 4X2 82/88 (P3550),109,90261029,J
TSA10078,,SENS.NIVEL SANTAN/QUANT.96>AL,122,90261029,J
12628,7898916089621,SENSOR NIV.COMB.CELTA ALC/GAS TDS,42,90261029,J
12629,7898916089638,SENSOR NIV.COMB.CORSA ALC/GAS-94/99 TDS,58,90261029,J
02492,7890251700377,VARETA MEDID.OLEO MOTOR CHT 1.6 VW (037),15,90261029,J
55270192,,INT.OLEO UNO/ARGO/MOBI 17>22,116,90262090,J
D33005,,SONDA LAMBDA CORS/ASTR/KAD/VE,167,90271000,J
GA225,,REG.VOLT.GOL/PAR/SAV/GOLF/AUD,136,90328911,J
0442510,7898035081063,MANGUEIRA ESGUICHO 50M DIAMETRO INT 4MM EXT 6MM PTO PLAST- (LAP400.10),80,39174090,K
0494522,,VALVULA ESGUICHO P/BRISA PALIO/TIPO/TEMPRA/BRAVA 3 VIAS- (7667888),15,39174090,K
0393610,7899054532147,CALHA CHUVA CHEVETTE 83/93 2P- (80010A),100,39263000,K
0393646,7899054528751,CALHA CHUVA FUSCA- (40013A),103,39263000,K
8459900,0313384599009,CASCA COBRA/GALAO PROTETOR NORMAL 14 ALT 9 LARG MM PTO 50M- (10.201NP),10,39263000,K
0300200,7908022500177,FAIXA DECORATIVA FUSCA 94/ VERM- (PL0010),23,39263000,K
0337151,7899054561741,FILETE LAT/P/CHOQUE GOL 87/94 VERM 6M A/C- (204A),39,39263000,K
0351000,,FRISO CALHA TETO GOL 80/95 S/ALUMINIO PAR- (100CT),13,39263000,K
0351400,7898436642207,FRISO CALHA TETO PASSAT 74/88 S/ALUMINIO PAR- (104CT),15,39263000,K
0351100,,FRISO CALHA TETO VOYAGE 82/95 S/ALUMINIO PAR- (101CT),15,39263000,K
0318500,7898436644546,FRISO LAT GOL/PARATI CL MI 98/00 4P- (1009),29,39263000,K
0345000,7898436644621,FRISO LAT GOL/VOY/SAV/PAR CL 93/95 CZA 2P MOD ORIG- (1011),53,39263000,K
0442601,,GALAO P/LAMA FUSCA BRANCO DIANT MOD ORIG PAR- (30.103GDBR),36,39263000,K
0442602,,GALAO P/LAMA FUSCA BRANCO TRAS MOD ORIG PAR- (30.104GTBR),36,39263000,K
0442603,,GALAO P/LAMA FUSCA PTO DIANT MOD ORIG PAR- (30.105GDPT),26,39263000,K
0442604,,GALAO P/LAMA FUSCA PTO TRAS MOD ORIG PAR- (30.106GTPT),26,39263000,K
0053846,7908047202452,GRAMPO FIX PASSA CABO MOTOR GOL/VOY/PAR/SAV G3- (OR-1017),4,39263000,K
1437320,,MACANETA EXT PT UNO VIVACE 10/14 2/4P S/FURO DIANT/TRAS LD- (100186112),60,39263000,K
1437321,,MACANETA EXT PT UNO VIVACE 10/14 2/4P S/FURO DIANT/TRAS LE- (100186115),60,39263000,K
8850530,7898436642146,PESTANA GOL G2/3/4 4P 99/05 EXTERNO TRASEIRA LD- (464),23,39263000,K
8850529,7898436642153,PESTANA GOL G2/3/4 4P 99/05 EXTERNO TRASEIRA LE- (465),23,39263000,K
8850524,7898436642122,PESTANA GOL G2/3/4 4P/SAV 99/05 EXTERNO DIANTEIRA LD- (462),23,39263000,K
8850523,,PESTANA GOL G2/3/4 4P/SAV 99/05 EXTERNO DIANTEIRA LE- (463),23,39263000,K
8850526,7898436641064,PESTANA GOL G2/G3/G4 4P/ SAVEIRO 99/05 INTERNO DIANTEIRA LD- (662),29,39263000,K
8850525,7898436641057,PESTANA GOL G2/G3/G4 4P/ SAVEIRO 99/05 INTERNO DIANTEIRA LE- (661),29,39263000,K
8850528,7898436641088,PESTANA GOL G2/G3/G4 99/08 4P INT TRAS LD- (664),29,39263000,K
8850527,7898436641071,PESTANA GOL G2/G3/G4 99/08 4P INT TRAS LE- (663),29,39263000,K
0311200,7899054512613,PESTANA KOMBI CLIPPER FRISO C/BORR EXT LD- (237BA),23,39263000,K
0311100,7899054512620,PESTANA KOMBI CLIPPER FRISO C/BORR EXT LE- (236BA),23,39263000,K
0310803,7898436641651,PINGADEIRA FIORINO 88/12 LD/LE- (416),8,39263000,K
0310801,7898436641590,PINGADEIRA UNO 84/12 2P PREMIO/ELBA/FIORINO- (414),16,39263000,K
0310802,,PINGADEIRA UNO 84/12 4P PREMIO/ELBA- (415),20,39263000,K
0310805,,PINGADEIRA UNO 84/12 4P PREMIO/ELBA- (PA3786),12,39263000,K
0348234,,PROTETOR P/CHOQUE FUSCA PAR- (1053),32,39263000,K
0031490,0031490000003,BUCHA FIXACAO QUEBRA SOL UNO/FIORINO 85/13- (14216087),13,39269090,K
0502302,,CAPA PEDAL UNO/FIORINO 85/13 ELBA/PREMIO 85/04 ACELERADOR- (4213235),5,39269090,K
0535210,,CAPA RETROV ASTRA 99/ TEXT LD- (RGHC34),37,39269090,K
0535111,,CAPA RETROV ASTRA 99/ TEXT LE- (RGHC33),37,39269090,K
0535208,,CAPA RETROV CORSA 94/16 TEXT LD- (RGCC94),40,39269090,K
0539830,,CAPA RETROV FIESTA AMAZON 03/14 KA 08/13 TEXT LD- (RFMC78),15,39269090,K
0538030,,CAPA RETROV FOX/SPACEFOX 03/09 TEXT LD- (RWNC44),47,39269090,K
0538130,,CAPA RETROV FOX/SPACEFOX 03/09 TEXT LE- (RWNC45),32,39269090,K
0535410,,CAPA RETROV GOL/VOY/SAV G5 08/12 PTO TEXT LD- (RWSC28),28,39269090,K
0535311,,CAPA RETROV GOL/VOY/SAV G5 08/12 PTO TEXT LE- (RWSC27),34,39269090,K
1960679,7898918737247,CAPA VOLANTE UNIV PTO/PTO C/ANEL MASSAGEADOR 37CM- (222),32,39269090,K
0013830,,COIFA REG RETROV STRADA 96/20 PALIO 96/17 UNO 85/13 MOBI 17/- (714229614),15,39269090,K
0450656,,LANT RETROREFLETOR UNO 11/16 LE- (51834860),16,39269090,K
0277713,,RETENTOR PAINEL ACAB P/MALA CORSA 99/ PC- (5666),5,39269090,K
0450039,,ROSETA PINO TRAVA PT GOL/PAR/SAV G4 04/14 PTO- (5X48373551NN),15,39269090,K
0806405,,ROSETA PINO TRAVA PT GOL/PARATI/SAVEIRO 96/- (377837355999),12,39269090,K
0801405,,TAMPA RESERV LIMP P/BRISA PALIO 01/17 STR 01/13 SIENA 01/12- (51737236),13,39269090,K
0012234,,TAMPA RESERV LIMP P/BRISA STRADA 22/ UNO/FIORINO 11/21- (51842312),13,39269090,K
0801406,,TAMPA RESERV LIMP P/BRISA UNO MILLE/FIORINO 85/13 IDEA 06/16- (51717734),12,39269090,K
0012965,,TAPETE PVC UNIVERSAL LINHA 1 PRETA 4 PCS- (4001-P01),28,39269090,K
0012966,,TAPETE PVC UNIVERSAL LINHA 2 PRETA 4 PCS- (4002-P02),28,39269090,K
0012967,,TAPETE PVC UNIVERSAL LINHA 3 PRETA 4 PCS- (4003-P03),28,39269090,K
0012968,,TAPETE PVC UNIVERSAL LINHA 4 PRETA 4 PCS- (4004-P04),28,39269090,K
0012970,,TUNEL PVC UNIVERSAL 1 PC- (4004-T),10,39269090,K
2990100,7898667520381,FAIXA BRANCA ESTREITA /ARO 13/LARG 3CM- (31),40,40012990,K
2990101,7898667520398,FAIXA BRANCA ESTREITA /ARO 14/LARG 3CM- (32),85,40012990,K
2990102,7898667520404,FAIXA BRANCA ESTREITA /ARO 15/LARG 3CM- (33),85,40012990,K
2990103,7898667520428,"FAIXA BRANCA LARGA /ARO 15/LARG 4,5CM- (36)",122,40012990,K
8475300,7908428401412,BORR CRUA APLICACAO ARO QUEBRA VENTO/SUPORTE VIDRO 5KG 21M- (100-0940),53,40069000,K
8650500,,BORR VIGIA GOL 80/93 PARATI 82/95 S/FRISO- (BT-1745-B),80,40070020,K
8550102,7908428402532,BORR CAPO FUSCA COLAR CANTO MOLDADO DIANT- (01),21,40081900,K
8550101,,BORR CAPO FUSCA MOLDADO ENCAIXE DIANT- (02),15,40081900,K
8852101,,BORR CHASSIS FUSCA- (09),32,40081900,K
8750205,,BORR ENCOSTO Q/VENTO FUSCA 78/96 K CLIPPER 75/13 BRASILIA- (64),5,40081900,K
8710200,,BORR JANELA LAT CHEVETTE/MONZA MOVEL LD/LE PVC- (00130),52,40081900,K
8550203,7908428402655,BORR P/MALAS KOMBI 57/97 BAGAGEIRO 3PC- (13),15,40081900,K
8550214,7908428402662,BORR P/MALAS KOMBI 98/13 BAGAGEIRO CIRCULAR- (22),26,40081900,K
8510102,,BORR PT CARAVAN ORIG- (00484),154,40081900,K
8505201,,BORR PT CORCEL/BELINA 1 ORIG PVC LD/LE- (00037),95,40081900,K
8500103,7908428401665,BORR PT FUSCA 78/ ABA LARGA- (28),55,40081900,K
8500100,,BORR PT FUSCA S/ABA- (08),48,40081900,K
8500305,7908428401740,BORR PT KOMBI CLIPPER 75/96 DIANT- (07),48,40081900,K
8500308,,BORR PT KOMBI/CLIPPER PORTA LAT 57/96- (12),42,40081900,K
8550109,7908428402563,BORR TAMPA MOTOR FUSCA COLAR 1.80M- (03),10,40081900,K
8550202,7908428402648,BORR TAMPA MOTOR KOMBI CARAT 97/13 MOD ORIG- (21),37,40081900,K
8800301,,CANALETA BRASILIA/VARIANT 2 S/PESTANA 2PCS- (PVW 4003),37,40081900,K
8800522,,CANALETA GOL/VOY/PAR/SAV 88/94 COMPL PRIMEIRA- (PVW 4005),128,40081900,K
8810203,,CANALETA CHEVETTE HATCH/MARAJO 83/ C/PESTANA 12PCS- (1010),47,40082100,K
8815201,7908428406448,CANALETA UNO/PREMIO/ELBA 2P 84/11 S/PESTANA 2PCS- (3001),76,40082100,K
8855101,,PESTANA CORCEL I 69/77 2P S/GRAMPO EXTERNO DIANT PAR- (1091/92),24,40082100,K
8850101,7908428407193,PESTANA FUSCA FLOCADA C/ARAME INTERNO- (1044),8,40082100,K
8850501,7908428407292,PESTANA GOL/VOY/PAR/SAV 80/87 EXTERNO LE- (1547),16,40082100,K
8850206,,PESTANA KOMBI CLIPPER INTERNO FLOCADA C/ARAME LD- (1083),8,40082100,K
8850205,8850205000006,PESTANA KOMBI CLIPPER INTERNO FLOCADA C/ARAME LE- (1082),12,40082100,K
8865202,,PESTANA UNO 84/12 2P PREMIO/ELBA EXT LD- (3031),20,40082100,K
8865201,7908428408282,PESTANA UNO 84/12 2P PREMIO/ELBA EXT LE- (3030),20,40082100,K
8865210,,PESTANA UNO 84/12 4P PREMIO/ELBA EXT TRAS LD- (3039),18,40082100,K
8865209,,PESTANA UNO 84/12 4P PREMIO/ELBA EXT TRAS LE- (3038),18,40082100,K
8865206,,PESTANA UNO 84/12 4P PREMIO/ELBA/FIORINO EXT DIANT LD- (3035),18,40082100,K
8865205,,PESTANA UNO 84/12 4P PREMIO/ELBA/FIORINO EXT DIANT LE- (3034),18,40082100,K
8865208,,PESTANA UNO 84/12 4P PREMIO/ELBA/FIORINO INT DIANT LD- (3037),18,40082100,K
8865207,,PESTANA UNO 84/12 4P PREMIO/ELBA/FIORINO INT DIANT LE- (3036),18,40082100,K
8462100,7908428401214,BORR CAPO GOL/MONZA/FIAT 147 1450MM- (10-0234),23,40082900,K
9750205,,BORR ENCOSTO Q/VENTO FUSCA 78/96 CLIPPER 75/13 BRASILIA MAX- (BSB 728.00.10.00),7,40082900,K
8700100,7908428404765,BORR JANELA LAT FUSCA 67/96 S/FRISO FIXA LD/LE- (PVW 039),48,40082900,K
8700500,,BORR JANELA LAT GOL 82/94 S/FRISO FIXA LD/LE- (LT-003),64,40082900,K
8700204,,BORR JANELA LAT KOMBI CLIPPER /97 CANTO FIXA LD/LE- (LT-240),15,40082900,K
8700203,,BORR JANELA LAT KOMBI CLIPPER /97 FIXA LD/LE- (LT-239),16,40082900,K
8550113,,BORR MOTOR FUSCA 1500 RETA/LARGA- (6001),12,40082900,K
8550112,,BORR MOTOR FUSCA 1500/BRASILIA/CURVA/LARGA- (5001),21,40082900,K
8550111,,BORR MOTOR FUSCA/KOMBI 1200/1300 RETA/ESTREITA- (6004),12,40082900,K
8550110,,BORR MOTOR FUSCA/KOMBI1500/1300 CURVA/ESTREITA- (5003),20,40082900,K
8610100,,BORR P/BRISA CHEVETTE/MARAJO P/FRISO- (PGM2 114),108,40082900,K
8610101,,BORR P/BRISA CHEVETTE/MARAJO S/FRISO- (PGM 112),108,40082900,K
8605100,,BORR P/BRISA CORCEL/BELINA 1 69/77 P/FRISO- (27095),116,40082900,K
8600100,,BORR P/BRISA FUSCA P/FRISO- (110-1101),60,40082900,K
9600101,7908428409081,BORR P/BRISA FUSCA S/FRISO PREMIUM- (PVW 037),74,40082900,K
8600101,7908428402846,BORR P/BRISA FUSCA S/FRISO- (110-1102),64,40082900,K
8600500,,BORR P/BRISA GOL/VOY/PAR 80/94 SAV /97 S/FRISO- (110-1019),60,40082900,K
9600201,7898964508280,BORR P/BRISA KOMBI CLIPPER 75/13 PREMIUM- (BT-1746-BPR),77,40082900,K
0313200,,BORR P/CHOQUE FUSCA C/PRESILHAS LARGURA 55MM- (8001),60,40082900,K
8460201,,BORR P/MALAS BRASILIA DIANT/TRAS/VT I TRAS/OPALA/CARAVAN 4M- (BI-005),48,40082900,K
8460701,0000084607010,BORR P/MALAS KADETT/SPIN/ZAF/AST/BLZR C/ABA 4.2M PREMIUM- (8460701),68,40082900,K
8460401,7908428401122,BORR P/MALAS PARATI/GOL/FIAT 147 4.1M- (10-0244),55,40082900,K
8565310,,BORR P/MALAS UNO 84/12 C/ABA 3740MM- (BT-2405-A),68,40082900,K
7565310,0339275653100,BORR P/MALAS UNO 84/12 C/RABICHO 3.74M- (10-0207),71,40082900,K
8450701,,BORR PT CHEVETTE/CHEVY/BRASILIA/VT 2/FIAT 147 3.66M,48,40082900,K
8450201,7908428400613,BORR PT D20/MONZA/SANT/UNO /90 GOL /94 2/4P S/ABA 4M PREMIUM- (20146),56,40082900,K
9500102,0173595001025,BORR PT FUSCA /77 ABA ESTREITA PREMIUM- (PVW 022),112,40082900,K
8500102,7908428401658,BORR PT FUSCA /77 ABA ESTREITA- (140-1486),109,40082900,K
9500103,7908428408961,BORR PT FUSCA 78/ ABA LARGA PREMIUM- (PVW 034),117,40082900,K
8450401,,BORR PT GOL BOLA/KDT/CELTA/CORSA ABA CZA 2P/4P 4M- (BI-024),42,40082900,K
8500319,,BORR PT KOMBI CARAT 97/13 DIANTEIRA- (7011),88,40082900,K
8500311,,BORR PT KOMBI CARAT 97/13 MEIO CORREDICA- (7012),55,40082900,K
8450901,,BORR PT PASSAT/GOL /87 MONZA/UNO /90 2/4P 4M PREMIUM- (20194),64,40082900,K
8450440,7908428400705,BORR PT VECTRA/ASTRA/ZAF/DOBLO/TEMPRA SUPER ABA 20MM 4M PREM- (20500),92,40082900,K
8450441,,BORR PT VECTRA/MER/ZF/ASTRA/DOBLO/TEMPRA ABA LARG 2CM CZA 4M- (BI-024L),52,40082900,K
8750306,,BORR Q/VENTO BRASILIA/VARIANT 2 78/82 LD- (10105V0264R),160,40082900,K
8750305,,BORR Q/VENTO BRASILIA/VARIANT 2 78/82 LE- (10105V0263R),160,40082900,K
8750102,,BORR Q/VENTO FUSCA LD- (10105V0114R),52,40082900,K
8750101,,BORR Q/VENTO FUSCA LE- (10105V0115R),52,40082900,K
8750504,7898280109864,BORR Q/VENTO GOL/SAVEIRO 88/94 LD- (10105V0226R),60,40082900,K
8750503,7898280109888,BORR Q/VENTO GOL/SAVEIRO 88/94 LE- (10105V0225R),60,40082900,K
8550201,,BORR TAMPA MOTOR KOMBI CLIPPER 75/97- (1538),21,40082900,K
8550301,,BORR TAMPA VAO MOTOR BRASILIA- (1064),16,40082900,K
8655100,,BORR VIGIA CORCEL 1 69/77 2P P/FRISO- (VG-305),127,40082900,K
8650101,,BORR VIGIA FUSCA 57/66 P/FRISO- (PVW 058),68,40082900,K
8650100,,BORR VIGIA FUSCA 67/96 P/FRISO- (PVW2 041),74,40082900,K
8650102,,BORR VIGIA FUSCA 67/96 S/FRISO- (PVW2 038),23,40082900,K
8800101,,CANALETA FUSCA 71/77 C/COLUNA COSTURA VERM- (20-0795),64,40082900,K
8800107,0267888001073,CANALETA FUSCA 71/77 C/COLUNA COSTURA VERM- (CB-900),52,40082900,K
8800102,,CANALETA FUSCA 78/96 KOMBI CLIPPER 75/96 CARAT 97/13 FLOCADA- (20-0801),80,40082900,K
8860200,,PESTANA CHEVETTE /82 INTERNO LD/LE- (1011),5,40082900,K
8860201,,PESTANA CHEVETTE/HATCH/MARAJO /82 EXTERNO LD/LE- (1012),7,40082900,K
8850512,7908428407346,PESTANA GOL/VOY/PAR/SAV 88/93 EXTERNO LD- (120-1251),24,40082900,K
8850511,,PESTANA GOL/VOY/PAR/SAV 88/93 EXTERNO LE- (120-1227),24,40082900,K
8850514,7908428407360,PESTANA GOL/VOY/PAR/SAV 88/93 INTERNO LD- (120-1322),23,40082900,K
8850513,7908428407353,PESTANA GOL/VOY/PAR/SAV 88/93 INTERNO LE- (120-1338),23,40082900,K
8860303,,PESTANA MONZA 4P EXTERNO DIANT LD/LE- (FP-3701),10,40082900,K
8860306,,PESTANA MONZA 4P INTERNO DIANT LD- (FP-3703),10,40082900,K
8860305,,PESTANA MONZA 4P INTERNO DIANT LE- (FP-3702),10,40082900,K
7865202,0191886520215,PESTANA UNO 84/12 2P PREMIO/ELBA EXT LD- (120-1258),16,40082900,K
7865201,,PESTANA UNO 84/12 2P PREMIO/ELBA EXT LE- (120-1281),16,40082900,K
8865203,,PESTANA UNO 84/12 2P PREMIO/ELBA INT LE- (FP-4201IE),20,40082900,K
0000805,7898426710107,TAPETE BORR FOX 03/14 4PCS,92,40169100,K
0420800,7896802613134,TAPETE BORR MONZA/KADETT/IPANEMA 89/98 4PCS- (251014.1),106,40169100,K
0000818,7898426710756,TAPETE BORR UNIV ECONOMICO 4PCS- (D252PRU.),114,40169100,K
0425310,7896802610010,TAPETE BORR UNIV MOD A 4PCS COD 1001- (101001.1),93,40169100,K
0425320,7896802610034,TAPETE BORR UNIV MOD C 4PCS COD 1003- (101003.1),98,40169100,K
0421000,7896802611109,TAPETE BORR UNO/PREMIO/ELBA 84/09 4PCS,109,40169100,K
0430009,7898667840045,TAPETE PVC UNIV LINHA 2 4PCS- (RI1003),37,40169100,K
8700103,7908428404789,BORR JANELA LAT FUSCA MOVEL LD/LE- (644),31,40169300,K
0215199,,ANEL BORR BOCAL TANQUE COMB UNO/ELBA/FIORINO/PREMIO 85/13- (7511069),16,40169990,K
6030315,7898334713351,BATENTE CAPO UNO/PREMIO GRANDE 10PCS- (3310),23,40169990,K
0405028,7898334712880,CAPA PEDAL CIVIC 96/16 EMBR/FREIO- (9904),15,40169990,K
0405027,7898334712866,CAPA PEDAL CIVIC 96/16 FREIO/AUTOMATICO- (9902),18,40169990,K
0405023,7898334712491,CAPA PEDAL HB20/I30/CERATO/SPORTAGE/BONGO/HR 93/ FREIO/EMBR- (9600),16,40169990,K
0011143,0011143000000,COXIM BORRACHA FILTRO DE AR STRADA 08/ PALIO 08/17 UNO 11/21- (51898494),18,40169990,K
0420024,7896802633163,TAPETE BORR CORSA HATCH/SEDAN 04/11 4PCS- (251008.1),79,40169990,K
0423300,7896802632159,TAPETE BORR ECOSPORT 03/11 4PCS- (371003.1),74,40169990,K
0422500,7896802634146,TAPETE BORR FOX 03/ 4PCS- (941006.1),55,40169990,K
0420200,7896802614117,TAPETE BORR GOL/VOY/PAR/PST/SANT/BORA/POLO /94 4PCS- (941010.1),55,40169990,K
0256423,,REVISTA  GUIA DE PROD. CENTERPARTS ( CATALAGOS  ACESSORIOS)- (),2,49029000,K
0256417,,GUIA DE PRODUTOS CENTER FLEX- (),0,49111090,K
0290100,0045002901009,FORRACAO ASSOALHO FUSCA 71/74 PTO EXTINTOR CARRAPATO LE- (1002-E),80,57011012,K
0290200,0045002902006,FORRACAO ASSOALHO FUSCA 75/86 PTO EXTINTOR CARRAPATO LD- (1003-E),80,57011012,K
0290500,0045002905007,FORRACAO TUNEL FUSCA 60/86 PTO CARRAPATO- (1006-E),48,57011012,K
1960300,7898308970551,CAPA BANCO BAIXO MALHA CZA- (0000000055),96,63079090,K
1960608,7898918735533,CAPA BANCO BAIXO MALHA CZA- (55),136,63079090,K
1960625,7898918735601,CAPA BANCO BAIXO NYLON PTO- (66),124,63079090,K
0850036,,TOALHAS MICROFIBRA MULTIUSO 29X30 3PCS- (N262KT3TM),18,63079090,K
7803500,,RETROV 147 76/86 PLAST LE- (LS305),21,70091000,K
7803600,,RETROV 147 76/88 PLAST LD- (LS304),21,70091000,K
7839541,7898559043721,RETROV APOLLO 90/93 INT- (6655),26,70091000,K
7817002,,RETROV BELINA/SCALA/DELREY 85/92 PAMPA 92/97 C/CONTROLE LD- (3328),167,70091000,K
1633000,,RETROV CELTA/PRISMA 06/ C/CONTROLE CONV LD- (1192.1),216,70091000,K
1633100,,RETROV CELTA/PRISMA 06/ C/CONTROLE LE- (1193.0),216,70091000,K
1630100,,RETROV CHEVETTE 87/93 C/CONTROLE LE- (1221.0),80,70091000,K
7820800,7898559040935,RETROV CHEVETTE 87/93 C/CONTROLE LENTE BRANCA LD- (2204),82,70091000,K
7820700,7898559040942,RETROV CHEVETTE 87/93 C/CONTROLE LENTE BRANCA LE- (2205),80,70091000,K
1630300,,RETROV CHEVETTE 87/93 S/CONTROLE LE- (0001223.00),40,70091000,K
1631600,,RETROV CORSA 94/01 CLASSIC /10 C/CONTROLE LD- (1228.1),80,70091000,K
1631700,,RETROV CORSA 94/01 CLASSIC /10 C/CONTROLE LE- (0001229.00),47,70091000,K
7801900,7898559040652,RETROV FOX 03/09 C/CONTROLE LD- (1158),208,70091000,K
7801901,,RETROV FOX 03/09 C/CONTROLE LE- (1159),111,70091000,K
7800815,,RETROV FUSCA 59/75 3 FUROS INT- (6663),26,70091000,K
1676700,,RETROV FUSCA 79/86 C/PORCA PE PLAST LE- (LS300-LE),21,70091000,K
7809306,7898559043639,RETROV FUSCA/BRAS/VARIANT MOD MEXICANO CROM LENTE PRATA LD- (6628),98,70091000,K
7809305,7898559043653,RETROV FUSCA/BRAS/VARIANT MOD MEXICANO CROM LENTE PRATA LE- (6629),100,70091000,K
1631807,7899814907949,RETROV GOL 87/94 VOYAGE/PARATI 2P C/CONTROLE LD- (0006302.00),64,70091000,K
1622000,,RETROV GOL G3/G4 99/14 SAV GRANDE C/CONTROLE CONVEXO LD- (1480.1),90,70091000,K
7801400,7898559001714,RETROV GOL/PAR/SAV G2 95/99 2P C/CONTROLE LD- (1110),135,70091000,K
7801300,7898559040188,RETROV GOL/PAR/SAV G2 95/99 2P C/CONTROLE LE- (1111),104,70091000,K
1622100,7896583213981,RETROV GOL/PAR/SAV G3/G4 99/14 4P C/CONTROLE LE- (1481.0),122,70091000,K
7801623,7898559040287,RETROV GOL/PAR/SAV G3/G4 99/14 4P S/CONTROLE FIXO LE- (1121),101,70091000,K
7801600,7898559040218,RETROV GOL/PARATI/SAVEIRO 95/99 4P C/CONTROLE LD- (1114),66,70091000,K
7810800,,RETROV GOL/VOY/PAR/SAV 80/87 S/CONTROLE LD - (LS306),21,70091000,K
7801000,7898559040416,RETROV GOL/VOY/PAR/SAV 80/87 S/CONTROLE LD- (1134),52,70091000,K
7800900,7898559040423,RETROV GOL/VOY/PAR/SAV 80/87 S/CONTROLE LE- (1135),52,70091000,K
7810700,,RETROV GOL/VOY/PAR/SAV 80/87 S/CONTROLE LE- (LS307),21,70091000,K
7800704,7898559040133,RETROV GOL/VOY/PAR/SAV 87/94 C/CONTROLE LD- (1106),68,70091000,K
7800703,7898559040140,RETROV GOL/VOY/PAR/SAV 87/94 C/CONTROLE LE- (1107),66,70091000,K
7800702,7898559040157,RETROV GOL/VOY/PAR/SAV 87/94 S/CONTROLE FIXO LD- (1108),53,70091000,K
7800701,7898559040164,RETROV GOL/VOY/PAR/SAV 87/94 S/CONTROLE FIXO LE- (1109),53,70091000,K
1631808,7899814907901,RETROV GOL/VOYAGE/PARATI 87/94 2P C/CONTROLE LE- (0006303.00),61,70091000,K
7839524,7898559043769,RETROV INT CORSA 99/04 CELTA 00/06 PL PEQ PTO- (6659),60,70091000,K
7840300,,RETROV INT KOMBI 83/- (LS504),42,70091000,K
7839521,7898559043684,RETROV INT MONZA/KADETTE/OPALA/CHEVETTE/CARAVAN PLANO PEQUEN- (6651),29,70091000,K
0064604,,RETROV INT UNO MILLE 90/ PLANO- (RT1I22PL),96,70091000,K
7840500,,RETROV INTVOY/PAR/SAV/PASS/BRASI/VARIA/SANT/QUANT PLANO- (LS501),32,70091000,K
1630400,78965832144906,RETROV KADETT 89/01 IPANEMA 89/98 C/CONTROLE LD- (1236.1),85,70091000,K
1630500,,RETROV KADETT 89/01 IPANEMA 89/98 C/CONTROLE LE- (1237.0),96,70091000,K
7821400,7898559041017,RETROV KADETT 89/98 IPANEMA 90/96 C/CONTROLE LD- (2212),98,70091000,K
7821300,7898559041024,RETROV KADETT 89/98 IPANEMA 90/96 C/CONTROLE LE- (2213),100,70091000,K
8911219,7898420043263,RETROV KOMBI CLIPPER 76/97 (PAR) KIT COMPLETO LD/LE- (5071),202,70091000,K
8911166,,RETROV KOMBI CLIPPER 98/ PE DE FERRO LD- (5086),122,70091000,K
8911167,,RETROV KOMBI CLIPPER 98/ PE DE FERRO LE- (5087),122,70091000,K
8911144,,RETROV KOMBI PICKUP 77/97 LD- (5042),26,70091000,K
8911145,,RETROV KOMBI PICKUP 77/97 LE- (5043),26,70091000,K
7802300,,RETROV OPALA/CHEVETTE/MARAJO 80/84 S/CONTROLE PE PLAST LD- (LS302),21,70091000,K
7802400,,RETROV OPALA/CHEVETTE/MARAJO 80/84 S/CONTROLE PE PLAST LE- (LS303),21,70091000,K
7839562,7898559043790,RETROV PALIO 96/00 UNO/WEEKEND PTO INT- (6662),60,70091000,K
7730667,,RETROV PALIO FIRE 01/04 4P C/CONTROLE LD- (RP632),128,70091000,K
7730668,,RETROV PALIO FIRE 01/04 4P C/CONTROLE LE- (RP633),128,70091000,K
7826612,7898559042304,RETROV PALIO/WEEK/SIENA 01/04 4P C/CONTROLE LD- (4432),112,70091000,K
7826611,7898559042311,RETROV PALIO/WEEK/SIENA 01/04 4P C/CONTROLE LE- (4433),120,70091000,K
1652300,,RETROV PALIO/WEEK/SIENA 04/07 4P C/CONTROLE LE- (0001339.00),77,70091000,K
7826631,7898559042519,RETROV PALIO/WEEK/SIENA 04/07 4P C/CONTROLE LE- (4453),175,70091000,K
1650400,,RETROV PALIO/WEEK/SIENA 96/00 4P C/CONTROLE LD- (1256.1),112,70091000,K
7826602,7898559042229,RETROV PALIO/WEEK/SIENA 96/00 4P C/CONTROLE LD- (4424),72,70091000,K
1650500,,RETROV PALIO/WEEK/SIENA 96/00 4P C/CONTROLE LE- (1257.0),106,70091000,K
7826601,7898559042236,RETROV PALIO/WEEK/SIENA 96/00 4P C/CONTROLE LE- (4425),71,70091000,K
8911137,,RETROV PAMPA 84/91 C/CONTROLE LD/LE- (5012),56,70091000,K
8911136,,RETROV PAMPA 84/91 FIXO REVERSIVEL LD/LE- (5011),77,70091000,K
1624300,,RETROV SANTANA/QUANTUM 85/91 FIXO LE- (1439.0),140,70091000,K
1646500,7896583200714,RETROV UNO EP/MILLE BRIO/ELX C/SMART/SX/YOU CONTROLE LE- (1269.0),92,70091000,K
1646400,7896583200691,RETROV UNO EP/MILLE BRIO/ELX/SMAR/SX/YOU 97/01 C/CONTROLE LD- (1268.1),90,70091000,K
7826211,7898559040041,RETROV UNO/PREMIO/ELBA 85/88 MILLE 91/95 2/4P FIXO LE- (4407),39,70091000,K
1646200,,RETROV UNO/PREMIO/ELBA 85/88 MILLE 91/95 C/ CONTROLE LD- (1254.1),87,70091000,K
1646300,,RETROV UNO/PREMIO/ELBA 85/88 MILLE 91/95 C/ CONTROLE LE- (0001255.00),93,70091000,K
8911152,,RETROV UNO/PREMIO/ELBA 88/00 FIXO LD- (5056),42,70091000,K
8911153,,RETROV UNO/PREMIO/ELBA 88/00 FIXO LE- (5057),42,70091000,K
0012026,7890046970404,LENTE FAROL CHEVETTE 83/96 VIDRO LD- (LW7040),68,70140000,K
0014415,7890046970107,LENTE FAROL CORSA 00/10 VIDRO LISO LD- (LW7010),56,70140000,K
0014416,7890046970114,LENTE FAROL CORSA 00/10 VIDRO LISO LE- (HM7011),56,70140000,K
0012028,7890046970725,LENTE FAROL CORSA 94/99 VIDRO LD- (HM7072),60,70140000,K
0012029,7890046970732,LENTE FAROL CORSA 94/99 VIDRO LE- (LW7073),60,70140000,K
0012030,7890046960160,LENTE FAROL GOL/VOY/PAR/SAV 91/94 VIDRO LD- (HM6016),47,70140000,K
0012031,7890046960160,LENTE FAROL GOL/VOY/PAR/SAV 91/94 VIDRO LE- (HM6015),47,70140000,K
0014411,7890046940025,LENTE FAROL PALIO/SIENA/STRADA 96/99 VIDRO LD- (LW4002),84,70140000,K
0014413,7890046960061,LENTE FAROL PRINCIPAL GOL 95/99 VIDRO LD- (HM6006),53,70140000,K
0014414,7890046960078,LENTE FAROL PRINCIPAL GOL 95/99 VIDRO LE- (HM6007),53,70140000,K
0014409,7890046940001,LENTE FAROL UNO 91/03 VIDRO LD- (HM4000),36,70140000,K
0014410,7890046940018,LENTE FAROL UNO 91/03 VIDRO LE- (LW4001),36,70140000,K
2028000,,VIDRO FAROL BI-IODO CHEVETTE/MARAJO/CHEVY 83/ LD- (),2,70140000,K
6015900,,GRAMPO BUCHA FORR.PORTA FUSCA (TESOUR/CHUP) PCT C/20- (000011),37,73181500,K
6015920,,KIT FORRACAO PORTA VW CINZA PCT C/20- (000032),13,73181500,K
6006719,,KIT PARAFUSO FAROIS PANELA FUSCA 76/KOMBI 5X50(10 PCS)- (900028),13,73181500,K
6015962,7899822003411,PARAFUSO 5.5X19 P/CHOQUE ASTRA 99/CORSA 94/VECTRA 97/05- (PF09),170,73181500,K
6006727,7899822003404,PARAFUSO 6.3X19 P/LAMA ASTRA/CELTA/CORSA/S10 PTA BRILHANTE- (PF08),223,73181500,K
0040264,7898433997102,PARAFUSO BRASILIA/KOMBI/FUSCA CH 19MM 16PCS- (2003),84,73181500,K
0050257,7908047203756,PARAFUSO ESFERICO AMORT P/MALAS ESFERA 10MM ROSCA 6MM 10PC C- (MM1010),8,73181500,K
0040258,7898433997201,PARAFUSO FIAT SUPER LONGO CH 19MM 16PCS- (2303),90,73181500,K
0040251,7898433997768,PARAFUSO MULTI CONICO GM/VW CH 17MM 16PCS- (2002),71,73181500,K
1001277,7899822004968,"PARAFUSO P/CHOQUE FOX/GOL/SAV/VOY 4,2X19- (PF34)",24,73181500,K
0040411,7898434008111,PORCA COROLLA/FIELD CROM C/ARRUELA P/RODA ORIG CH 21MM 20PC- (2621 3),352,73181600,K
0040308,7898433997683,PORCA D10/D20/S10/BLAZER/SILV 97/ RANGER 13/ CH 19MM 24PCS- (2108),210,73181600,K
0040421,7898433991179,PORCA KIA/BESTA/TOPIC/TOWNER LD/LE CH 19MM 24PCS- (2620),82,73181600,K
0040423,7898434008685,PORCA OPALA/CARAVAN /80 A10/C10/D10 CH 19MM 20PCS- (2105),205,73181600,K
0040428,7898433991070,PORCA ZINCADA RODA FERRO CHEVETTE 16PCS- (2507),26,73181600,K
0561100,7893707001325,PINO DOBRADICA PT MONZA/KADETT/VECTRA- (RD-5010),4,73181900,K
6000096,7899822002346,GRAMPO METAL P/CHOQUE FIAT LEVE/PESADA PALIO/SIENA/STRADA/UN- (T05),2,73182900,K
6000405,7899822002650,GRAMPO MOLD EMBLEMA CAPO CORSA/ONIX/PRIS/SONI/SPIN/VEC BCO- (T37),2,73182900,K
6044100,,GRAMPO PAPELAO PT CORCEL I- (5540),2,73182900,K
0116646,,GRAMPO TRAVA MANIVELA VIDRO MULTIUSO- (T79),111,73182900,K
0053667,7898575610136,PORCA RAPIDA PAINEL FIAT M6 10PCS- (PR009),5,73182900,K
1001288,7899822003794,PORCA RAPIDA PLACA CIVIC 07/16 CITY 09/17 M6MM 13MM 25MM- (T43),5,73182900,K
0901100,,SUPORTE EXTINTOR 1 KG FIAT- (1300.26200),32,73269090,K
0901000,,SUPORTE EXTINTOR 1 KG UNIV/LINHA VW- (1300.26000),40,73269090,K
0349321,7899054523435,FRISO ESTRIBO FUSCA CROMADO RAIADO LARG 24MM- (124G),31,76042920,K
0311504,78990545369858,FRISO FUSCA P/BRISA C/MATA JUNTAS/JOGO LD/LE- (149),60,76042920,K
0311508,7899054534288,FRISO FUSCA P/BRISA/VIGIA/JANELA COMPLETO C/M JUNTA- (140),116,76042920,K
0349010,,FRISO LAT FUSCA 1200/1300 /70 LARGO ALUMINIO 7PCS- (134),124,76042920,K
0349000,7899054502058,FRISO LAT FUSCA 1300/1500 71/86 FINO ALUMINIO 7PCS- (135),64,76042920,K
0311000,7899054512644,PESTANA FUSCA FRISO C/BORR EXT LD- (137BA),42,76042920,K
0310900,7899054512637,PESTANA FUSCA FRISO C/BORR EXT LE- (136BA),42,76042920,K
0036100,,CHAVE RODA L 19MM S/ESPATULA- (F-0128-00),45,82041100,K
1307100,7898602559445,FECHADURA PORTA-MALAS PARATI G2/G3/G4 ELETR INT- (944),66,83012000,K
1255000,7898602553405,FECHADURA PORTA-MALAS VECTRA 96/05- (340),56,83012000,K
1212100,7898236751574,FECHADURA PT LAT KOMBI CLIPPER C/TRAVA- (F-4211),58,83012000,K
1380700,7898280985949,MACANETA EXT PT FUSCA 78/96 BRAS 73/82 2P CROM C/CH LD/LE- (1131),130,83012000,K
1091624,7899886803125,TRAVA ELETR PT UNIV 2 FIOS- (0315004),24,83012000,K
1091625,7899886803132,TRAVA ELETR PT UNIV 5 FIOS- (0315005),24,83012000,K
0031121,7899562604640,TRAVA SEGURANCA VOLANTE/PEDAL C/ALGEMA CHAVE TETRA- (SW1004),50,83012000,K
0031498,,TRAVA SEGURANCA VOLANTE/PEDAL C/CHAVE TETRA- (SW1001),60,83012000,K
1400100,,MACANETA EXT PT CHEVETTE/MONZA 2/4P CROM DIANT/TRAS LE- (LC025),16,83016000,K
1400400,,MACANETA EXT PT CHEVETTE/MONZA 2/4P PTO DIANT/TRAS LD- (LC026),13,83016000,K
1400300,,MACANETA EXT PT CHEVETTE/MONZA 2/4P PTO DIANT/TRAS LE- (LC027),13,83016000,K
1340003,,MACANETA INT PT FUSCA SPORT /77 CROM ZAMACK- (LC036B),16,83016000,K
1398100,,MACANETA TAMPA TRAS CHEVY 500/BONANZA CROM- (LC030),23,83016000,K
1911036,7898522904400,AMORTECEDOR PORTA-MALAS CORSA HATCH 02/ CELTA 00/- (APX0440),60,83023000,K
0018451,,AMORTECEDOR PORTA-MALAS ELBA 84/96- (1201005),60,83023000,K
1911052,7898522903694,AMORTECEDOR PORTA-MALAS GOLF/A3 99/13- (APX0369),60,83023000,K
1910935,7899886802043,AMORTECEDOR PORTA-MALAS PALIO WEEKEND 97/08- (1201023),60,83023000,K
1910936,7899886801992,AMORTECEDOR PORTA-MALAS PARATI 84/95 PASSAT 74/89 KOMB 75/00- (1201018),60,83023000,K
1911026,7899886801879,AMORTECEDOR PORTA-MALAS UNO 84/06 S/LIMPADOR- (1201006),60,83023000,K
1910944,7899886801886,AMORTECEDOR PORTA-MALAS UNO 84/15 C/LIMPADOR- (1201007),60,83023000,K
0018442,,AMORTECEDOR TAMPA TRAS KOMBI 97/- (1201094),60,83023000,K
1387100,7899016300104,GATILHO MACANETA EXT PT SANTANA /97 4P PTO- (1051),15,83023000,K
1389600,7890163166001,MACANETA EXT PT SANTANA 98/06 4P PTO S/CH TRAS LD- (1660),96,83023000,K
1389500,7890163165905,MACANETA EXT PT SANTANA 98/06 4P PTO S/CH TRAS LE- (1659),95,83023000,K
1274001,7908283702051,MACANETA INT ABERT CAPO UNO/PREMIO/ELBA/FIORINO/TEMPRA- (421),10,83023000,K
1361202,7899016304560,MACANETA INT PT CORSA /01 CLASSIC 04/12 CZA TRAS LD- (4680),26,83023000,K
1361102,7899016304553,MACANETA INT PT CORSA /01 CLASSIC 04/12 CZA TRAS LE- (4679),26,83023000,K
1385800,7898602554884,MACANETA TAMPA TRAS SAVEIRO G2/G3/G4 97/09 PTO S/FURO- (488),42,83023000,K
1300100,7899016300531,MANIVELA VIDRO FUSCA /70 CROM C/BOTAO MARFIM- (1137),69,83023000,K
0031722,7890044000448,TRAVA SEGURANCA VOLANTE/PEDAL C/CHAVE TETRA C/ALGEMA- (TRA0002),68,83023000,K
1800572,,TRAVA SEGURANCA VOLANTE/PEDAL C/CHAVE TETRA- (20070),88,83023000,K
0443502,7898920271883,TRIANGULO SEGURANCA BRANCO- (860),18,83100000,K
6830023,,CAVALETE FIXACAO DINAMO P/ MOTOR AR- (1932.44),16,84099190,K
0031717,,VENTILADOR CROM 22CM 12V C/SUPORTE METAL- (909),80,84145910,K
7010100,7898916655512,FILTRO AR CONICO BAIXO 6.0CM TECIDO ENCAIXE 52.0MM BORR AZUL- (RC001AZ),100,84213100,K
7010300,7898916655185,FILTRO AR CONICO BAIXO 6.0CM TECIDO ENCAIXE 52.0MM BORR VERM- (RC001VM),100,84213100,K
7021700,7898916653440,FILTRO P/RESPIRO DE OLEO TELADO TAMPA BRANCA- (RC033BR),8,84213100,K
7015300,7898916654997,RESPIRO OLEO TECIDO AZUL- (RC118AZ),64,84213100,K
7015400,7898916655017,RESPIRO OLEO TECIDO VERM- (RC118VM),64,84213100,K
6021301,,BRUCUTU GOL/PAR/SAV/VOY G3/G8 BORA /11 FOX/POLO /15 GOLF /14- (5Z0955985),18,84249090,K
0450611,,BRUCUTU PALIO 04/20 STR UNO 11/21 IDEIA 06/16 MOBI 17/ DIANT- (735277664),18,84249090,K
0544013,,BUJAO RADIADOR SAN PAL 01/17 /STRD 01/ SIE 01/13 /WEEK 01/20- (46815896),23,84818099,K
7209740,,ROLAMENTO ESFERAS (62000-2RS)- (V62000-2RS),4,84821090,K
7209742,,ROLAMENTO ESFERAS (62202-2RS)- (V62202-2RS),4,84821090,K
7209715,,ROLAMENTO ESFERAS (628-2RS)- (V628-2RS),2,84821090,K
1290002,,TRAVA ELETR PT 2 FIOS- (801112),13,85059010,K
1290003,,TRAVA ELETR PT 5 FIOS- (801111),15,85059010,K
7205930,7895511005506,KIT.REPARO POLIA ALTERN.DINAMO BOSCH/WAPSA KOMB/BRAS/FUS- (11736),5,85119000,K
1800114,7908224259064,FAROL AUX CITR/FIAT/HONDA/JEEP/MITSUB/PEUG/RENAUL/TOY LD/LE- (064541),42,85122011,K
0104000,7899477500143,FAROL AUX GOL/PAR/SAV BOLA 95/99 SUNLIGHT PLASTICO LD- (FMS.156),124,85122011,K
0104100,7899477500150,FAROL AUX GOL/PAR/SAV BOLA 95/99 SUNLIGHT PLASTICO LE- (FMS.157),124,85122011,K
0092400,7899477500181,FAROL AUX GOL/VOY/PAR/SAV 87/94 GOL 1000 94/96 AEROLIGHT LD- (FMS.180),114,85122011,K
0092300,7899477500198,FAROL AUX GOL/VOY/PAR/SAV 87/94 GOL 1000 94/96 AEROLIGHT LE- (FMS.181),114,85122011,K
1834300,7896632810703,FAROL CORCEL II/DELREY/PAMPA 85/92 LE- (FDV.167),240,85122011,K
0014423,7890046960665,FAROL FUSCA 76/94 KOMBI 73/99 CARC/ARO PLAST LEN VID- (HM6066),95,85122011,K
0012973,,FAROL FUSCA/KOMBI 75/ C/FURO P/ H4 LENTE POLICARB 7 POL,128,85122011,K
0103000,7899477501249,FAROL GOL/PAR/SAV BOLA 95/99 TERMOPLAST CIBIE LD- (FDT.344),186,85122011,K
0103100,7899477501256,FAROL GOL/PAR/SAV BOLA 95/99 TERMOPLAST CIBIE LE- (FDT.345),186,85122011,K
0097600,7899477500495,FAROL GOL/SAVEIRO 87/90 MENOR TERMOPLAST LD- (FDT.152),165,85122011,K
0097500,7899477500488,FAROL GOL/SAVEIRO 87/90 MENOR TERMOPLAST LE- (FDT.151),186,85122011,K
0097700,7899477500501,FAROL GOL/VOY/PAR 87/90 TERMOPLAST LE- (FDT.153),181,85122011,K
0014422,7890046960221,FAROL GOL/VOY/PAR/SAV 91/94 VIDRO LD- (HM6022),159,85122011,K
0014421,7890046960214,FAROL GOL/VOY/PAR/SAV 91/94 VIDRO LE- (HM6021),159,85122011,K
0121300,7897652202691,FAROL GOL/VOY/PAR/SAV 91/94 VIDRO MOD CIBIE LE- (FW-77LEC),202,85122011,K
1800160,7899808203477,FAROL PALIO 96/99 LD- (032592),149,85122011,K
1840300,7899477502680,FAROL PALIO/SIENA/STRADA/WEEK 96/00 VIDRO LE- (FDV.443),159,85122011,K
0102800,7899477501317,FAROL PALIO/WEEK/SIE/STR 96/00 TERMOPLAST LD- (FDT.444),263,85122011,K
0102900,7899477501300,FAROL PALIO/WEEK/SIE/STR 96/00 TERMOPLAST LE- (FDT.443),244,85122011,K
1800161,7899808203484,FAROL PALIO/WEEK/SIENA/STRADA 96/00 LE- (032593),317,85122011,K
0014420,7890046940889,FAROL UNO/PREMIO/ELBA/FIORINO 91/03 LENTE POLIC LD- (HM4088),80,85122011,K
0014419,7890046940773,FAROL UNO/PREMIO/ELBA/FIORINO 91/03 LENTE POLIC LE- (LW4077),80,85122011,K
0014418,7890046940087,FAROL UNO/PREMIO/ELBA/FIORINO 91/03 LENTE VIDRO LD- (LW4008),80,85122011,K
0014417,7890046940070,FAROL UNO/PREMIO/ELBA/FIORINO 91/03 LENTE VIDRO LE- (HM4007),88,85122011,K
0105200,7899477500785,FAROL UNO/PREMIO/ELBA/FIORINO 91/03 SIMP MASC CROM TERMO LD- (FDT.218),106,85122011,K
0105300,7899477500792,FAROL UNO/PREMIO/ELBA/FIORINO 91/03 SIMP MASC CROM TERMO LE- (FDT.219),95,85122011,K
1809003,6949999873131,FAROL AUX LED REDONDO UNIV 6000K 10V/30V 2400LM 27W- (SLL-00003),72,85122019,K
0183942,,LANT AUX UNIV ADAP PAQUERA VERM CROM- (LS264-CVRM),29,85122021,K
0172610,7908181906865,LANT DIANT KADETT 89/ AMBAR LD- (LS257-LDAM),23,85122021,K
0172510,,LANT DIANT KADETT 89/98 AMBAR LE- (LS258-LEAM),24,85122021,K
0183314,7893590296594,LANT DIANT MONZA 82/87 AMBAR LD- (2010),26,85122021,K
0183315,7893590296587,LANT DIANT MONZA 82/87 AMBAR LE- (2009),26,85122021,K
0183316,7893590296617,LANT DIANT MONZA 82/87 CRISTAL LD- (2012),24,85122021,K
0183317,7893590296600,LANT DIANT MONZA 82/87 CRISTAL LE- (2011),26,85122021,K
0183320,7893590296655,LANT DIANT MONZA 88/90 CRISTAL LD- (2016),26,85122021,K
0183321,7893590296648,LANT DIANT MONZA 88/90 CRISTAL LE- (2015),26,85122021,K
0186210,,LANT DIANT OPALA/CARAVAN 80/87 D20 85/92 AMBAR PLAST LD- (LS277-LDAM),37,85122021,K
0156210,,LANT DIANT UNO/PREMIO/FIORINO/ELBA 84/90 AMBAR LD- (LS262-LDAM),32,85122021,K
0156110,,LANT DIANT UNO/PREMIO/FIORINO/ELBA 84/90 AMBAR LE- (LS262-LEAM),29,85122021,K
0156410,,LANT DIANT UNO/PREMIO/FIORINO/ELBA 84/90 CRISTAL LD- (LS262-LDCR),29,85122021,K
0156310,,LANT DIANT UNO/PREMIO/FIORINO/ELBA 84/90 CRISTAL LE- (LS262-LECR),18,85122021,K
0187068,,LANT LAT CLIO 97/12 MASTER /12 DUSTER AMBAR C/SOQUETE ACR- (LS411-RAMB),36,85122021,K
0187150,,LANT LAT FIESTA/KA AMBAR S/SOQUETE ACR- (LS256-AM),16,85122021,K
0187452,,LANT LAT HILUX 06/15 COROLLA/FIELDER CRISTAL S/SOQUETE ACR- (LS409-CRIS),32,85122021,K
0187080,,LANT LAT PEUGEOT 206/207/C3 CRISTAL C/SOQUETE ACR- (LS419-RCR),32,85122021,K
0187056,,LANT LAT VECTRA AMBAR C/SOQUETE- (LS287-RAMB),15,85122021,K
0184212,,LANT PLACA DOBLO ACR- (LS432),45,85122021,K
0178512,7894915009684,LANT PLACA FIAT 147 76/84 CRISTAL PLAST- (258442),148,85122021,K
0183212,,LANT PLACA S10 01/12 ACR LD- (LS247-LD),32,85122021,K
0183211,,LANT PLACA S10 01/12 ACR LE- (LS247-LE),32,85122021,K
0183893,,LANT PLACA S10 13/18 POLICARBONATO- (LS213),32,85122021,K
0186300,,LANT TETO CHEVETTE PLAST- (LS203),8,85122021,K
1859007,7893590297904,LANT TRAS GOL G5 08/12 BICOLOR RE/PISCA CRISTAL LD- (7080ACR),80,85122021,K
1859020,7893590296686,LANT TRAS MONZA 91/96 FUME LE- (2019ACR),84,85122021,K
0165300,7898415872014,LANT TRAS PAMPA 82/97 F1000 80/91 TRICOLOR PLAST LE- (4001),21,85122021,K
0165400,7898415872021,LANT TRAS PAMPA/F1000 TRICOLOR LD- (4002),21,85122021,K
0166100,,LANT TRAS PARATI/SAVEIRO 83/99 FUME LE- (3003),24,85122021,K
0166200,7898415870041,LANT TRAS PARATI/SAVEIRO 87/95 ADAPT 83/86 FUME PLAST LD- (3004),39,85122021,K
0166000,7898415870027,LANT TRAS PARATI/SAVEIRO 87/95 ADAPT 83/86 TRICOLOR PLAST LD- (3002),34,85122021,K
0165900,7898415870010,LANT TRAS PARATI/SAVEIRO 87/95 ADAPT 83/86 TRICOLOR PLAST LE- (3001),40,85122021,K
0150400,7892721312066,LENTE LANT DIANT FUSCA 70/96 AMBAR PLAST LD/LE- (MLA.132/5),7,85122021,K
0156620,,LENTE LANT DIANT UNO 84/90 PREMIO/ELBA/FIORINO AMBAR LD- (LS162-LDAM),12,85122021,K
0156420,,LENTE LANT DIANT UNO 84/90 PREMIO/ELBA/FIORINO CRISTAL LD- (LS162-LDCR),12,85122021,K
0156521,,LENTE LANT DIANT UNO 84/90 PREMIO/ELBA/FIORINO CRISTAL LE- (LS162-LECR),12,85122021,K
0156721,,LENTE LANT DIANT UNO/PREMIO/ELBA/FIORINO 84/90 AMBAR LE- (LS162-LEAM),12,85122021,K
0183845,,LENTE LANT PLACA GOL/VOY/PAR/SAV 80/94 SANTANA LENTE PLAST- (LS124),4,85122021,K
0158320,7892721312691,LENTE LANT TRAS FAFA FUME PLAST- (MLA.155/7),39,85122021,K
0157700,7892721311687,LENTE LANT TRAS FUSCAO BICOLOR- (MLA.118/6),24,85122021,K
0183851,,PARAFUSO LANT DIANT UNO 84/90 AMBAR- (LS131-AMB),5,85122021,K
0183853,,PARAFUSO LANT DIANT UNO 85/90 FUME- (LS131FM),2,85122021,K
0183825,,SOQUETE LANT LAT POLO 01/15 VAN/CORD/IBIZA/CAMINHAO- (LS105),21,85122021,K
0185240,7898941543730,APLIQUE LANT GOLF GL/GLX 94/98 CRISTAL ALEMAO LD- (2225A),20,85122022,K
0018248,,CAPA LANT FUSCA 70/96 DIANT METAL CROMADA- (1641),47,85122022,K
0155600,7898415282103,LANT DIANT 147 77/80 AMBAR LD- (1210),77,85122022,K
0155500,7898415282097,LANT DIANT 147 77/80 AMBAR LE- (1209),77,85122022,K
0179000,7894915002159,LANT DIANT APOLLO 87/92 AMBAR PLAST LD- (202012),32,85122022,K
0178900,7894915002210,LANT DIANT APOLLO 87/92 AMBAR PLAST LE- (202112),32,85122022,K
0168600,7899814900599,LANT DIANT APOLLO 87/92 CRISTAL LD- (0003126.30),40,85122022,K
0168500,7899814900612,LANT DIANT APOLLO 87/92 CRISTAL LE- (0003127.30),45,85122022,K
0183404,7898691381873,LANT DIANT CHEVETTE/CHEVY/MARAJO 83/ AMBAR MOD ARTEB LD- (40074),34,85122022,K
0183401,7898691381811,LANT DIANT CHEVETTE/CHEVY/MARAJO 83/ AMBAR MOD CIBIE LD - (40066),28,85122022,K
0153210,7898415280345,LANT DIANT CHEVETTE/CHEVY/MARAJO 83/ AMBAR MOD CIBIE LD- (1034),23,85122022,K
0153110,,LANT DIANT CHEVETTE/CHEVY/MARAJO 83/ AMBAR MOD CIBIE LE- (1035),23,85122022,K
0183301,7898691381804,LANT DIANT CHEVETTE/CHEVY/MARAJO 83/ AMBAR MOD CIBIE LE- (40065),28,85122022,K
0153020,7898415280444,LANT DIANT CHEVETTE/CHEVY/MARAJO 83/ CRISTAL MOD ARTEB LD- (1044),15,85122022,K
0152920,7898415280451,LANT DIANT CHEVETTE/CHEVY/MARAJO 83/ CRISTAL MOD ARTEB LE- (1045),24,85122022,K
0153010,7898415280369,LANT DIANT CHEVETTE/CHEVY/MARAJO 83/ CRISTAL MOD CIBIE LD- (1036),23,85122022,K
0152910,7898415280376,LANT DIANT CHEVETTE/CHEVY/MARAJO 83/ CRISTAL MOD CIBIE LE- (1037),23,85122022,K
0154600,7894915004078,LANT DIANT CORCEL II/BELINA II 78/84 CRISTAL LD- (203442),37,85122022,K
0154500,7894915004092,LANT DIANT CORCEL II/BELINA II 78/84 CRISTAL LE- (203542),37,85122022,K
0169202,7894915001923,LANT DIANT DELREY/PAMPA 85/92 AMBAR PLAST MOD CIBIE LD- (201212),18,85122022,K
0169203,7894915001961,LANT DIANT DELREY/PAMPA 85/92 AMBAR PLAST MOD CIBIE LE- (201312),18,85122022,K
0169201,7898415281427,LANT DIANT DELREY/PAMPA 85/92 CRISTAL MOD ARTEB LD- (1142),28,85122022,K
0169104,7894915002012,LANT DIANT DELREY/PAMPA 85/92 CRISTAL PLAST MOD ARTEB LD- (201442),18,85122022,K
0169105,7894915002050,LANT DIANT DELREY/PAMPA 85/92 CRISTAL PLAST MOD ARTEB LE- (201542),18,85122022,K
0169204,7894915001930,LANT DIANT DELREY/PAMPA 85/92 CRISTAL PLAST MOD CIBIE LD- (201242),18,85122022,K
0169205,7894915001978,LANT DIANT DELREY/PAMPA 85/92 CRISTAL PLAST MOD CIBIE LE- (201342),18,85122022,K
0155200,7894915003798,LANT DIANT ESCORT 84/86 AMBAR PLAST LD- (202412),29,85122022,K
0155400,7894915003811,LANT DIANT ESCORT 84/86 CRISTAL PLAST LD- (202442),21,85122022,K
0155300,7894915003842,LANT DIANT ESCORT 84/86 CRISTAL PLAST LE- (202542),29,85122022,K
0182820,7898415281564,LANT DIANT ESCORT/VERONA 93/96 AMBAR LD- (1156),31,85122022,K
0182920,7898415281571,LANT DIANT ESCORT/VERONA 93/96 AMBAR LE- (1157),31,85122022,K
0182921,7898415281595,LANT DIANT ESCORT/VERONA 93/96 CRISTAL LE- (1159),45,85122022,K
0188442,7898941543303,LANT DIANT GOL 82/86 VOY/PAR/SAV AMBAR PLAST LD- (0120PS),20,85122022,K
0188444,7898941543327,LANT DIANT GOL 82/86 VOY/PAR/SAV CRISTAL PLAST LD- (0122PS),21,85122022,K
0188445,7898941543334,LANT DIANT GOL 82/86 VOY/PAR/SAV CRISTAL PLAST LE- (0123PS),21,85122022,K
0169424,7894915000414,LANT DIANT GOL 91/94 VOY/PAR/SAV CRISTAL CIB/ART PLAST LD- (101442),26,85122022,K
0169325,7894915000445,LANT DIANT GOL 91/94 VOY/PAR/SAV CRISTAL CIB/ART PLAST LE- (101542),26,85122022,K
0188479,7898941543679,LANT DIANT GOL 95/99 PAR/SAV AMBAR ARTEB PLAST LE- (0141APS),26,85122022,K
1858782,7899814901930,LANT DIANT GOL 95/99 PAR/SAV CRISTAL ARTEB ACR LD- (0003362.30),26,85122022,K
1858783,7899814901947,LANT DIANT GOL 95/99 PAR/SAV CRISTAL ARTEB ACR LE- (0003363.30),26,85122022,K
0188478,7898941543662,LANT DIANT GOL/PAR/SAV 95/99 AMBAR MOD ARTEB PLAST LD- (0140APS),26,85122022,K
1858764,7899814900988,LANT DIANT GOL/PAR/SAV 95/99 AMBAR MOD CIBIE ACR LD- (0003340.10),32,85122022,K
1858765,7899814901008,LANT DIANT GOL/PAR/SAV 95/99 AMBAR MOD CIBIE ACR LE- (0003341.10),32,85122022,K
0183603,7898691382191,LANT DIANT GOL/PAR/SAV 95/99 AMBAR MOD CIBIE LD- (20094),36,85122022,K
0183503,7898691382184,LANT DIANT GOL/PAR/SAV 95/99 AMBAR MOD CIBIE LE- (20093),36,85122022,K
0183544,7898941543068,LANT DIANT GOL/PAR/SAV 95/99 CRISTAL MOD ARTEB LD,28,85122022,K
0183600,7898691382139,LANT DIANT GOL/PAR/SAV 95/99 CRISTAL MOD ARTEB LD- (20088),34,85122022,K
0183543,7898941543075,LANT DIANT GOL/PAR/SAV 95/99 CRISTAL MOD ARTEB LE- (0143A),31,85122022,K
0183500,7898691382122,LANT DIANT GOL/PAR/SAV 95/99 CRISTAL MOD ARTEB LE- (20087),34,85122022,K
0188480,7898941543686,LANT DIANT GOL/PAR/SAV 95/99 CRISTAL MOD ARTEB PLAST LD- (0142APS),13,85122022,K
0188481,7898598460213,LANT DIANT GOL/PAR/SAV 95/99 CRISTAL MOD ARTEB PLAST LE- (0143APS),13,85122022,K
0170006,7899814900995,LANT DIANT GOL/PAR/SAV 95/99 CRISTAL MOD CIBIE ACR LD- (0003340.30),15,85122022,K
0170005,7899814901015,LANT DIANT GOL/PAR/SAV 95/99 CRISTAL MOD CIBIE ACR LE- (0003341.30),31,85122022,K
0183638,7898941543129,LANT DIANT GOL/PAR/SAV 95/99 CRISTAL MOD CIBIE LD- (0142C),29,85122022,K
0183601,7898691382177,LANT DIANT GOL/PAR/SAV 95/99 CRISTAL MOD CIBIE LD- (20092),34,85122022,K
0183501,7898691382160,LANT DIANT GOL/PAR/SAV 95/99 CRISTAL MOD CIBIE LE- (20091),34,85122022,K
0183620,,LANT DIANT GOL/PAR/SAV 95/99 CRISTAL MOD CIBIE PLAST LD- (102642),16,85122022,K
0183520,7894915000810,LANT DIANT GOL/PAR/SAV 95/99 CRISTAL MOD CIBIE PLAST LE- (102742),16,85122022,K
0183546,7898941543082,LANT DIANT GOL/PAR/SAV 95/99 FUME MOD ARTEB LD- (0144A),26,85122022,K
0183545,7898941543099,LANT DIANT GOL/PAR/SAV 95/99 FUME MOD ARTEB LE- (0145A),29,85122022,K
0188482,7898598460220,LANT DIANT GOL/PAR/SAV 95/99 FUME MOD ARTEB PLAST LD- (0144APS),13,85122022,K
0183640,7898941543143,LANT DIANT GOL/PAR/SAV 95/99 FUME MOD CIBIE LD- (0144C),29,85122022,K
0183639,7898941543150,LANT DIANT GOL/PAR/SAV 95/99 FUME MOD CIBIE LE- (0145C),29,85122022,K
0151200,7898941542832,LANT DIANT GOL/VOY/PAR/SAV 82/86 AMBAR ACRILICO LD- (0120),23,85122022,K
0151100,7898941542849,LANT DIANT GOL/VOY/PAR/SAV 82/86 AMBAR ACRILICO LE- (0121),23,85122022,K
0188443,7898941543310,LANT DIANT GOL/VOY/PAR/SAV 82/86 AMBAR PLAST LE- (0121PS),16,85122022,K
0151400,7898941542856,LANT DIANT GOL/VOY/PAR/SAV 82/86 CRISTAL ACRILICO LD- (0122),26,85122022,K
0151300,7898941542863,LANT DIANT GOL/VOY/PAR/SAV 82/86 CRISTAL ACRILICO LE- (0123),26,85122022,K
0151600,7899814900827,LANT DIANT GOL/VOY/PAR/SAV 87/90 AMBAR ARTEB/CIBIE PLAST LD- (0003326.10),21,85122022,K
0151810,7898415280512,LANT DIANT GOL/VOY/PAR/SAV 87/90 AMBAR ARTEB/CIBIE PLAST LD- (1366),23,85122022,K
0151500,7899814900841,LANT DIANT GOL/VOY/PAR/SAV 87/90 AMBAR ARTEB/CIBIE PLAST LE- (0003327.10),21,85122022,K
0151910,7898415280529,LANT DIANT GOL/VOY/PAR/SAV 87/90 AMBAR ARTEB/CIBIE PLAST LE- (1367),23,85122022,K
0151612,7894915000339,LANT DIANT GOL/VOY/PAR/SAV 87/90 AMBAR PLAST LD- (101212),10,85122022,K
0151511,7894915000360,LANT DIANT GOL/VOY/PAR/SAV 87/90 AMBAR PLAST LE- (101312),10,85122022,K
0151800,7899814900834,LANT DIANT GOL/VOY/PAR/SAV 87/90 CRISTAL ARTEB/CIB PLAST LD- (0003326.30),23,85122022,K
0151610,7898415280536,LANT DIANT GOL/VOY/PAR/SAV 87/90 CRISTAL ARTEB/CIB PLAST LD- (1368),23,85122022,K
0151700,7896583206099,LANT DIANT GOL/VOY/PAR/SAV 87/90 CRISTAL ARTEB/CIB PLAST LE- (0003327.30),20,85122022,K
0151710,7898415280543,LANT DIANT GOL/VOY/PAR/SAV 87/90 CRISTAL ARTEB/CIB PLAST LE- (1369),21,85122022,K
0152010,7894915000346,LANT DIANT GOL/VOY/PAR/SAV 87/90 FUME ARTEB/CIBIE PLAST LD- (101232),18,85122022,K
0151911,7894915000377,LANT DIANT GOL/VOY/PAR/SAV 87/90 FUME ARTEB/CIBIE PLAST LE- (101332),18,85122022,K
0188465,7898941543532,LANT DIANT GOL/VOY/PAR/SAV 91/94 AMBAR MOD ARTEB LE- (0083APS),13,85122022,K
0169420,7894915000391,LANT DIANT GOL/VOY/PAR/SAV 91/94 AMBAR MOD CIB/ART PLAST LD- (101412),24,85122022,K
0169321,7894915000421,LANT DIANT GOL/VOY/PAR/SAV 91/94 AMBAR MOD CIB/ART PLAST LE- (101512),24,85122022,K
0188472,7898941543600,LANT DIANT GOL/VOY/PAR/SAV 91/94 AMBAR MOD CIBIE PLAST LD- (0082CPS),26,85122022,K
0188473,7898941543617,LANT DIANT GOL/VOY/PAR/SAV 91/94 AMBAR MOD CIBIE PLAST LE- (0083CPS),26,85122022,K
0181001,7898691382092,LANT DIANT GOL/VOY/PAR/SAV 91/94 AMBAR/AMBAR MOD ARTEB LD- (20084),23,85122022,K
0180901,7898691382085,LANT DIANT GOL/VOY/PAR/SAV 91/94 AMBAR/AMBAR MOD ARTEB LE- (20083),23,85122022,K
0188462,7898941543501,LANT DIANT GOL/VOY/PAR/SAV 91/94 CRIS/AMB MOD ARTEB PLAST LD- (0080APS),24,85122022,K
0188463,7898941543518,LANT DIANT GOL/VOY/PAR/SAV 91/94 CRIS/AMB MOD ARTEB PLAST LE- (0081APS),24,85122022,K
0188471,7898941543594,LANT DIANT GOL/VOY/PAR/SAV 91/94 CRIS/AMB MOD CIBIE PLAST LE- (0081CPS),24,85122022,K
0169316,7898941542573,LANT DIANT GOL/VOY/PAR/SAV 91/94 CRIS/CRIS MOD ARTEB LD- (0086A),15,85122022,K
0169416,7898941542658,LANT DIANT GOL/VOY/PAR/SAV 91/94 CRIS/CRIS MOD CIBIE LD- (0086C),15,85122022,K
1858752,7899814900865,LANT DIANT GOL/VOY/PAR/SAV 91/94 CRISTAL LD- (0003328.30),15,85122022,K
1858788,7899814901374,LANT DIANT GOL/VOY/PAR/SAV 91/94 CRISTAL MOD ARTEB LD- (0003366.30),36,85122022,K
1858789,7899814901381,LANT DIANT GOL/VOY/PAR/SAV 91/94 CRISTAL MOD ARTEB LE- (0003367.30),36,85122022,K
1858786,7899814901350,LANT DIANT GOL/VOY/PAR/SAV 91/94 CRISTAL MOD CIBIE LD- (0003364.30),36,85122022,K
1858787,7899814901367,LANT DIANT GOL/VOY/PAR/SAV 91/94 CRISTAL MOD CIBIE LE- (0003365.30),36,85122022,K
0169310,7898941542511,LANT DIANT GOL/VOY/PAR/SAV 91/94 CRISTAL/AMBAR MOD ARTEB LD- (0080A),15,85122022,K
0169311,7898941542528,LANT DIANT GOL/VOY/PAR/SAV 91/94 CRISTAL/AMBAR MOD ARTEB LE- (0081A),29,85122022,K
0169422,7894915000407,LANT DIANT GOL/VOY/PAR/SAV 91/94 FUME MOD CIB/ART PLAST LD- (101432),26,85122022,K
0169323,7894915000438,LANT DIANT GOL/VOY/PAR/SAV 91/94 FUME MOD CIB/ART PLAST LE- (101532),24,85122022,K
1858762,7899814900964,LANT DIANT GOL/VOY/PAR/SAV 91/94 MOD ARTEB CRISTAL LD- (0003338.30),26,85122022,K
1858763,7899814900971,LANT DIANT GOL/VOY/PAR/SAV 91/94 MOD ARTEB CRISTAL LE- (0003339.30),26,85122022,K
0150810,7894915003064,LANT DIANT KOMBI CLIPPER AMBAR PLAST LD- (103412),24,85122022,K
0175505,7894915007710,LANT DIANT LOGUS 93/96 POINTER CRISTAL PLAST LE- (106342),60,85122022,K
0175410,7894915007697,LANT DIANT LOGUS/POINTER CRISTAL PLAST LD- (106242),56,85122022,K
0167300,7899814900216,LANT DIANT MONZA 88/90 AMBAR ACR LD- (0003102.10),28,85122022,K
0167301,7899814900230,LANT DIANT MONZA 88/90 AMBAR ACR LE- (0003103.10),28,85122022,K
0167400,7899814900223,LANT DIANT MONZA 88/90 CRISTAL ACR LD- (0003102.30),13,85122022,K
0167401,7899814900247,LANT DIANT MONZA 88/90 CRISTAL ACR LE- (0003103.30),13,85122022,K
0182111,7898415280277,LANT DIANT MONZA 91/96 AMBAR LE- (1027),18,85122022,K
0185210,7894915005679,LANT DIANT MONZA 91/96 AMBAR MOD ARTEB PLAST LD- (154612),32,85122022,K
0185307,7894915005693,LANT DIANT MONZA 91/96 AMBAR MOD ARTEB PLAST LE- (154712),32,85122022,K
0182201,7898235761048,LANT DIANT MONZA 91/96 AMBAR MOD CIBIE LD- (40054),32,85122022,K
0182101,7898235761031,LANT DIANT MONZA 91/96 AMBAR MOD CIBIE LE- (40053),45,85122022,K
0182103,7898691381743,LANT DIANT MONZA 91/96 CRISTAL MOD ARTEB ACRILICO LE- (40055),32,85122022,K
0182200,7898691381712,LANT DIANT MONZA 91/96 CRISTAL MOD CIBIE ACRILICO LD- (40052),42,85122022,K
0182100,7898691381705,LANT DIANT MONZA 91/96 CRISTAL MOD CIBIE ACRILICO LE- (40051),42,85122022,K
0185202,7894915005600,LANT DIANT MONZA 91/96 CRISTAL MOD CIBIE PLAST LD- (154442),32,85122022,K
0185305,7894915005624,LANT DIANT MONZA 91/96 CRISTAL MOD CIBIE PLAST LE- (154542),32,85122022,K
0166800,7894915009615,LANT DIANT OPALA/CARAVAN 75/79 CRISTAL PLAST LD- (156442),186,85122022,K
0166700,7894915009622,LANT DIANT OPALA/CARAVAN 75/79 CRISTAL PLAST LE- (156542),186,85122022,K
0153801,7894915006942,LANT DIANT OPALA/CARAVAN 80/87 D20 85/92 AMBAR PLAST LD- (155812),34,85122022,K
0153701,7894915006973,LANT DIANT OPALA/CARAVAN 80/87 D20 85/92 AMBAR PLAST LE- (155912),61,85122022,K
0181500,7898691381644,LANT DIANT OPALA/CARAVAN 87/92 D20 88/92 AMBAR ACR LE- (40045),56,85122022,K
0181800,7898691381637,LANT DIANT OPALA/CARAVAN 87/92 D20 88/92 CRISTAL ACR LD- (40044),50,85122022,K
0181333,7898941543198,LANT DIANT PALIO 96/99 SIENA/WEEK/STR CRISTAL ACR LE- (0153),29,85122022,K
0181334,7898941543228,LANT DIANT PALIO 96/99 SIENA/WEEK/STR FUME ACR LD- (0154),31,85122022,K
0181342,7899814901145,LANT DIANT PALIO/SIENA/WEEK/STR 96/99 AMBAR ACR LD          - (0003510.10),31,85122022,K
0181330,7898941543167,LANT DIANT PALIO/SIENA/WEEK/STR 96/99 AMBAR ACR LD- (0150),16,85122022,K
0181402,7898691382917,LANT DIANT PALIO/SIENA/WEEK/STR 96/99 AMBAR ACR LD- (10056),31,85122022,K
0181343,7899814901169,LANT DIANT PALIO/SIENA/WEEK/STR 96/99 AMBAR ACR LE- (0003511.10),31,85122022,K
0181332,7898941543181,LANT DIANT PALIO/SIENA/WEEK/STR 96/99 CRISTAL ACR LD- (0152),29,85122022,K
0181400,7898691382894,LANT DIANT PALIO/SIENA/WEEK/STR 96/99 CRISTAL ACR LD- (10054),29,85122022,K
0181300,7898691382887,LANT DIANT PALIO/SIENA/WEEK/STR 96/99 CRISTAL ACR LE- (10053),29,85122022,K
0181335,7898941543235,LANT DIANT PALIO/SIENA/WEEK/STR 96/99 FUME ACR LE- (0155),31,85122022,K
0181331,7898941543174,LANT DIANT PALIO/SIENA/WEEK/STRADA 96/99 AMBAR ACR LE- (0151),16,85122022,K
0152200,7898415283582,LANT DIANT PASSAT 79/82 AMBAR LD- (1358),20,85122022,K
0152100,7898415283599,LANT DIANT PASSAT 79/82 AMBAR LE- (1359),20,85122022,K
0183701,7898691383280,LANT DIANT POLO CLASSIC 97/02 CRISTAL ACR LE- (20125),64,85122022,K
0151014,7898415283506,LANT DIANT SANTANA 91/95 AMBAR PLAST LD- (1350),48,85122022,K
0170854,7898691382252,LANT DIANT SANTANA 91/95 CRISTAL ACR MOD ARTEB LD- (20100),40,85122022,K
0170853,7898235761802,LANT DIANT SANTANA 91/95 CRISTAL ACR MOD ARTEB LE- (19111),24,85122022,K
0151011,7898415283537,LANT DIANT SANTANA 91/95 CRISTAL ACRILICO LE- (1353),28,85122022,K
0170800,7898691382290,LANT DIANT SANTANA 96/98 CRISTAL ACR MOD CIBIE LD- (20104),52,85122022,K
0170900,7898691382283,LANT DIANT SANTANA 96/98 CRISTAL ACR MOD CIBIE LE- (20103),48,85122022,K
0151022,7898415283568,LANT DIANT SANTANA 96/98 CRISTAL PLAST LD- (1356),48,85122022,K
0151021,7898415283575,LANT DIANT SANTANA 96/98 CRISTAL PLAST LE- (1357),48,85122022,K
0151031,7898415283292,LANT DIANT SANTANA 99/ CRISTAL PLAST LE- (1329),26,85122022,K
0151030,7898415283308,LANT DIANT SANTANA 99/06 CRISTAL ACR CIBIE LD- (1330),28,85122022,K
0178600,7898691383358,LANT DIANT SANTANA 99/06 CRISTAL ACR CIBIE LD- (20130),63,85122022,K
0178700,7898691383341,LANT DIANT SANTANA 99/06 CRISTAL ACR CIBIE LE- (20129),63,85122022,K
0151000,7894915001053,LANT DIANT SANTANA/QUANTUM 85/90 CRISTAL PLAST LD- (103642),64,85122022,K
0151001,7894915001091,LANT DIANT SANTANA/QUANTUM 85/90 CRISTAL PLAST LE- (103742),64,85122022,K
0189200,7894915002982,LANT DIANT SPAZIO/PANORAMA/OGGI 83/ AMBAR ACRILICO LD- (252212),114,85122022,K
0189300,7894915003019,LANT DIANT SPAZIO/PANORAMA/OGGI 83/ AMBAR ACRILICO LE- (252312),114,85122022,K
0184410,7898691382795,LANT DIANT TEMPRA 91/95 CRISTAL ACR LD- (10050),63,85122022,K
0184411,7898691382788,LANT DIANT TEMPRA 91/95 CRISTAL ACR LE- (10049),56,85122022,K
0157210,7898415871529,LANT DIANT TEMPRA 96/99 CRISTAL ACR LD- (9006),45,85122022,K
0157211,7898415871512,LANT DIANT TEMPRA 96/99 CRISTAL ACR LE- (9005),45,85122022,K
0188400,7898691383259,LANT DIANT TIPO 93/97 CRISTAL ACR LD- (10068),53,85122022,K
0188500,7898691383242,LANT DIANT TIPO 93/97 CRISTAL ACR LE- (10067),56,85122022,K
0170848,,LANT DIANT UNO 91/04 PREMIO/FIORINO/ELBA CRISTAL ARTEB LD- (10044),31,85122022,K
0169810,,LANT DIANT UNO/PREMIO/FIORINO/ELBA 91/04 CRIS CIB ACR LD- (0003508.30),24,85122022,K
0169811,,LANT DIANT UNO/PREMIO/FIORINO/ELBA 91/04 CRIS CIB ACR LE- (0003509.30),24,85122022,K
0188402,7898941542672,LANT DIANT UNO/PREMIO/FIORINO/ELBA 91/04 CRIS M ART ACR LD- (0090A),36,85122022,K
0188501,7898941542689,LANT DIANT UNO/PREMIO/FIORINO/ELBA 91/04 CRIS M ART ACR LE- (0091A),36,85122022,K
0184400,7898691381972,LANT DIANT UNO/PREMIO/FIORINO/ELBA 91/04 CRIS M CIB ACR LD- (10042),34,85122022,K
0169830,7894915002395,LANT DIANT UNO/PREMIO/FIORINO/ELBA 91/04 CRIS M CIB ACR LD- (250042),16,85122022,K
0184300,7898691381965,LANT DIANT UNO/PREMIO/FIORINO/ELBA 91/04 CRIS M CIB ACR LE- (10041),34,85122022,K
0169737,7894915002432,LANT DIANT UNO/PREMIO/FIORINO/ELBA 91/04 CRIS M CIB PLAST LE- (250142),15,85122022,K
0170847,7898235761444,LANT DIANT UNO/PREMIO/FIORINO/ELBA 91/04 CRISTAL LE M ART- (10043),29,85122022,K
0188421,7898941542733,LANT DIANT UNO/PREMIO/FIORINO/ELBA 91/04 FUME CIBIE ACR LD- (0092C),29,85122022,K
0188521,7898941542740,LANT DIANT UNO/PREMIO/FIORINO/ELBA 91/04 FUME CIBIE ACR LE - (0093C),29,85122022,K
0152800,7898415283179,LANT DIANT VARIANT/BRASILIA 72/77 PLAST LD/LE- (1317),32,85122022,K
0182206,7898691381835,LANT DIANT VECTRA 97/ CRISTAL ACR LD- (40068),55,85122022,K
0182207,7898691381828,LANT DIANT VECTRA 97/99 CRISTAL ACR LE- (40067),60,85122022,K
0187851,7898415875022,LANT LAT 206/207/C3 CRISTAL ACR- (1302),16,85122022,K
0190031,7898598580102,LANT RETROREFLETOR CORSA 03/12 VERM ACR LE- (0004),24,85122022,K
0190051,7898598460107,LANT RETROREFLETOR FOX 10/14 RUBI ACR LE- (0211),39,85122022,K
0450087,,LANT TETO FOX/GOLF/JETTA/TIGUAN 09/ CZ CLARO- (5N0947291A),24,85122022,K
0165105,7894915001770,LANT TRAS BELINA 78/84 BICOLOR PLAST LE- (200122),109,85122022,K
0162420,7898841581115,LANT TRAS CELTA 00/05 BICOLOR FUME ACR LD- (1062),112,85122022,K
0162320,7898415284206,LANT TRAS CELTA 00/05 BICOLOR FUME ACR LE- (1061),112,85122022,K
0162300,,LANT TRAS CELTA 00/05 BICOLOR S/RE ACRILO LE- (1059),111,85122022,K
0162400,7898841581092,LANT TRAS CELTA 00/05 TRICOLOR C/RE ACR LD- (1060),104,85122022,K
0170400,7894915009691,LANT TRAS CHEVETTE 83/86 AMBAR LD- (156612),74,85122022,K
0170300,7894915009707,LANT TRAS CHEVETTE 83/86 AMBAR LE- (156712),74,85122022,K
0020252,7898415285104,LANT TRAS CHEVETTE 87/94 TRICOLOR PLAST LD- (1086),63,85122022,K
0177100,7894915001176,LANT TRAS CHEVETTE SEDAN 81/82 PLAST CANTO LE- (150722),80,85122022,K
0188240,7898598580058,LANT TRAS CORSA PICKUP/WAGON 00/02 5P RE FUME ACRILICO LD- (0170),50,85122022,K
0188341,7898598580065,LANT TRAS CORSA PICKUP/WAGON 00/02 5P RE FUME ACRILICO LE- (0171),50,85122022,K
0173010,7898235759670,LANT TRAS CORSA PICKUP/WAGON 00/02 BICOLOR RE FUME LD- (6820752),104,85122022,K
0173111,7898235759663,LANT TRAS CORSA PICKUP/WAGON 00/02 BICOLOR RE FUME LE- (6820751),104,85122022,K
0188216,7898598580010,LANT TRAS CORSA SEDAN 00/03 CLASSIC 03/10 RE FUME ACR LD- (0160),88,85122022,K
0188315,7898598580027,LANT TRAS CORSA SEDAN 00/03 CLASSIC 03/10 RE FUME ACR LE- (0161),88,85122022,K
0185610,7898235759595,LANT TRAS CORSA WIND 96/00 RE FUME ACR LD- (6869762),92,85122022,K
0185510,7898691380432,LANT TRAS CORSA WIND 96/00 RE FUME ACR LE- (6869761),92,85122022,K
0165040,7894915003040,LANT TRAS ELBA 85/ FIORINO 86/03 TRICOLOR PLAST CIBIE LD- (250812),92,85122022,K
0165041,7894915002647,LANT TRAS ELBA 85/ FIORINO 86/03 TRICOLOR PLAST CIBIE LE- (250912),92,85122022,K
0188550,7898598580225,LANT TRAS ELBA/FIORINO 04/13 RUBI/CRISTAL PLAST CARTO LD- (0200A),68,85122022,K
0188551,7898598580232,LANT TRAS ELBA/FIORINO 04/13 RUBI/CRISTAL PLAST CARTO LE- (0201A),68,85122022,K
0157900,7898598580201,LANT TRAS FAFA TRICOLOR S/PARAF PLAST- (0020),32,85122022,K
0160200,7894915003583,LANT TRAS GOL 87/94 FUME PLAST LD- (104232),48,85122022,K
0160000,7894915003569,LANT TRAS GOL 87/94 TRICOLOR PLAST LD- (104212),40,85122022,K
0159900,7894915003606,LANT TRAS GOL 87/94 TRICOLOR PLAST LE- (104312),40,85122022,K
0187611,7894915004153,LANT TRAS GOL BOLA 95/99 RUBI MOD CIB/ART PLAST LE- (103122),36,85122022,K
0187610,7898235762519,LANT TRAS GOL BOLA 95/99 TRICOLOR ACR LD MOD CIBIE/ARTEB- (6559522),76,85122022,K
0187511,7898235762502,LANT TRAS GOL BOLA 95/99 TRICOLOR ACR LE MOD CIBIE/ARTEB- (6559521),76,85122022,K
0161600,7898598580393,LANT TRAS KOMBI CLIPPER TRICOLOR PLAST- (0054),61,85122022,K
0185812,7894915003705,LANT TRAS MONZA 91/98 FUME PLAST LD- (152832),95,85122022,K
0185713,7894915003743,LANT TRAS MONZA 91/98 FUME PLAST LE- (152932),95,85122022,K
0185814,7894915003682,LANT TRAS MONZA 91/98 TRICOLOR PLAST LD- (152812),56,85122022,K
0185711,7894915003729,LANT TRAS MONZA 91/98 TRICOLOR PLAST LE- (152912),96,85122022,K
0187812,7898235762854,LANT TRAS PALIO 96/00 TRICOLOR LD- (69642),45,85122022,K
0187811,7898235762847,LANT TRAS PALIO 96/00 TRICOLOR LE- (69641),45,85122022,K
1859300,7898235759885,LANT TRAS PALIO ECONOMY 04/15 TRICOLOR ACR LE- (6620603),116,85122022,K
0170862,7898235762892,LANT TRAS PALIO G1 96/00 TRICOLOR CARC PTO ACR LD- (6669646),117,85122022,K
0185400,7894915003460,LANT TRAS PALIO WEEKEND 97/00 FUME PLAST LD- (252432),216,85122022,K
0185300,,LANT TRAS PALIO WEEKEND 97/00 FUME PLAST LE- (252532),128,85122022,K
0176650,7898235763189,LANT TRAS PARATI 96/99 BOLA BRONZE ACR LD- (6569544),220,85122022,K
0166212,7898943778536,LANT TRAS PARATI/SAVEIRO 83/99 TRICOLOR ACRILICO LD- (0104),24,85122022,K
0166211,7898943778543,LANT TRAS PARATI/SAVEIRO 83/99 TRICOLOR ACRILICO LE- (0105),24,85122022,K
0159950,7894915004610,LANT TRAS SANTANA 00/06 TRICOLOR PLAST CANTO LD- (104612),221,85122022,K
0178624,7894915006010,LANT TRAS SIENA 97/00 FUME PLAST LD- (254232),96,85122022,K
0178625,7894915006027,LANT TRAS SIENA 97/00 FUME PLAST LE- (254332),96,85122022,K
0178210,7898235763073,LANT TRAS STRADA G1 96/00 TRICOLOR ACR LD- (6689654),120,85122022,K
0178311,7898235763042,LANT TRAS STRADA G1 96/00 TRICOLOR ACR LE- (6689653),117,85122022,K
0178100,7898235759724,LANT TRAS UNO 04/11 BICOLOR LE- (6650581),85,85122022,K
0178504,7894915009837,LANT TRAS UNO 04/11 FIRE RUBI LD- (258622),60,85122022,K
0178505,7894915009844,LANT TRAS UNO 04/11 FIRE RUBI LE- (258722),60,85122022,K
0165006,7898943778291,LANT TRAS UNO 84/03 TRICOLOR PLAST LD- (0040A),66,85122022,K
0165010,7894915004931,LANT TRAS UNO 84/03 TRICOLOR PLAST LD- (253212),98,85122022,K
0165009,7894915004979,LANT TRAS UNO 84/03 TRICOLOR PLAST LE- (253312),98,85122022,K
0165005,7898943778307,LANT TRAS UNO 84/04 TRICOLOR PLAST LE- (0041A),39,85122022,K
0189802,7894915005419,LANT TRAS VOYAGE 91/93 FUME PLAST LD- (105832),96,85122022,K
0189903,7894915005426,LANT TRAS VOYAGE 91/93 FUME PLAST LE,96,85122022,K
0162701,7898415280185,LENTE LANT TRAS CHEVY/MARAJO 83/ TRICOLOR LD- (1018),53,85122022,K
0162700,7898415280192,LENTE LANT TRAS CHEVY/MARAJO 83/ TRICOLOR LE- (1019),53,85122022,K
0164800,7898415282301,LENTE LANT TRAS ELBA 85/ FIORINO 86/03 TRICOL PLAST CARTO LD- (1230),39,85122022,K
0164700,7898415282295,LENTE LANT TRAS ELBA 85/ FIORINO 86/03 TRICOL PLAST CARTO LE- (1229),36,85122022,K
0168200,7898415281106,LENTE LANT TRAS PAMPA 81/88 F1000 75/79 PLAST LD- (1110),15,85122022,K
0168100,7898415281090,LENTE LANT TRAS PAMPA 81/88 F1000 75/79 PLAST LE- (1109),21,85122022,K
0188548,7898598460114,REFLETOR P/CHOQUE TRAS UNO 11/ RUBI LD- (0220),15,85122022,K
0188549,7898598460121,REFLETOR P/CHOQUE TRAS UNO 11/ RUBI LE- (0221),15,85122022,K
1858726,7899814902357,LANT TRAS CELTA 06/15 BICOLOR CRISTAL ACR LD- (0003138.50),84,85122023,K
1858727,7899814902364,LANT TRAS CELTA 06/15 BICOLOR CRISTAL ACR LE- (0003139.50),84,85122023,K
1858709,7899814902159,LANT TRAS CELTA 06/15 BICOLOR FUME ACR LD- (0003138.90),64,85122023,K
1858811,7899814902166,LANT TRAS CELTA 06/15 BICOLOR FUME ACR LE- (0003139.90),64,85122023,K
0162511,7899814900360,LANT TRAS CHEVETTE 83/86 TRICOLOR FUME ACR LD- (0003110.90),98,85122023,K
0162510,7896583203814,LANT TRAS CHEVETTE 83/86 TRICOLOR FUME ACR LE- (0003111.90),98,85122023,K
0162608,7899814900353,LANT TRAS CHEVETTE 87/93 AMBAR LD- (0003110.40),39,85122023,K
0162507,7899814900377,LANT TRAS CHEVETTE 87/93 AMBAR LE- (0003111.40),39,85122023,K
1858699,7899814902128,LANT TRAS CORSA 11/16 CLASSIC TAMPA BICOLOR LE- (0003091.50),64,85122023,K
1858718,7899814900407,LANT TRAS CORSA 94/99 2P FUME ACR LD- (0003114.90),69,85122023,K
0185604,7899814900391,LANT TRAS CORSA 94/99 2P TRICOLOR ACR LD- (0003114.40),74,85122023,K
0185503,7899814900414,LANT TRAS CORSA 94/99 2P TRICOLOR ACR LE- (0003115.40),74,85122023,K
1858703,7899814902135,LANT TRAS CORSA CLASSIC 11/ CANTO BICOLOR LD- (0003092.50),44,85122023,K
1858704,7899814902142,LANT TRAS CORSA CLASSIC 11/ CANTO BICOLOR LE- (0003093.50),44,85122023,K
1858698,7899814902111,LANT TRAS CORSA CLASSIC 11/ TAMPA BICOLOR LD- (0003090.50),61,85122023,K
0173006,7899814900445,LANT TRAS CORSA PICKUP/WAGON 96/99 4P TRICOLOR LD- (0003116.40),68,85122023,K
0173105,7899814900469,LANT TRAS CORSA PICKUP/WAGON 96/99 4P TRICOLOR LE- (0003117.40),68,85122023,K
0188050,7899814901619,LANT TRAS CORSA SEDAN 00/03 CLASSIC 03/10 RE FUME ACR LD- (0003096.90),56,85122023,K
0168000,7896583204224,LANT TRAS DELREY 85/92 TRICOLOR LD- (0003128.40),50,85122023,K
0167900,7899814902340,LANT TRAS DELREY 85/92 TRICOLOR LE- (0003129.40),50,85122023,K
0013510,7899814901022,LANT TRAS FUSCA 79/96 FAFA TRICOLOR LD/LE- (0003501.40),95,85122023,K
0159600,,LANT TRAS GOL 80/86 TRICOLOR FRISO PTO LD- (0003316.40),64,85122023,K
0159500,7899814902463,LANT TRAS GOL 80/86 TRICOLOR FRISO PTO LE- (0003317.40),64,85122023,K
1858744,7899814900780,LANT TRAS GOL 87/94 TRICOLOR ACR LD- (0003320.40),87,85122023,K
1858745,7899814900797,LANT TRAS GOL 87/94 TRICOLOR ACR LE- (0003321.40),87,85122023,K
0188000,7899814900889,LANT TRAS GOL BOLA 95/99 TRICOLOR MOD ARTEB/CIBIE ACR LD- (0003332.40),79,85122023,K
0187500,7899814900902,LANT TRAS GOL BOLA 95/99 TRICOLOR MOD ARTEB/CIBIE ACR LE- (0003333.40),76,85122023,K
1858770,7899814901275,LANT TRAS GOL G3 00/05 BICOLOR CARC PTO LD- (0003344.50),47,85122023,K
1858771,7899814901282,LANT TRAS GOL G3 00/05 BICOLOR CARC PTO LE- (0003345.50),101,85122023,K
1856800,7899814901954,LANT TRAS GOL G4 05/14 BICOLOR CARC VERM LD- (0003378.50),66,85122023,K
1856900,7899814901961,LANT TRAS GOL G4 05/14 BICOLOR CARC VERM LE- (0003379.50),66,85122023,K
1858746,7899814900803,LANT TRAS GOL GTI 87/94 FUME LD- (0003322.90),88,85122023,K
1858747,7899814900810,LANT TRAS GOL GTI 87/94 FUME LE- (0003323.90),88,85122023,K
1858720,7899814900483,LANT TRAS KADETT 89/98 TRICOLOR RE CRISTAL ACR LD- (0003118.40),48,85122023,K
0161901,7899814900506,LANT TRAS KADETT 89/98 TRICOLOR RE CRISTAL ACR LE- (0003119.40),48,85122023,K
1858721,7899814900490,LANT TRAS KADETT 89/98 TRICOLOR RE FUME ACR LD- (0003118.90),48,85122023,K
1858723,7899814900513,LANT TRAS KADETT 89/98 TRICOLOR RE FUME ACR LE- (0003119.90),48,85122023,K
0163600,7899814900315,LANT TRAS MONZA 82/90 TRICOLOR FRISO PTO RE CRISTAL ACR LD- (0003108.40),63,85122023,K
0163500,7899814900339,LANT TRAS MONZA 82/90 TRICOLOR FRISO PTO RE CRISTAL ACR LE- (0003109.40),61,85122023,K
1858705,7899814900322,LANT TRAS MONZA 88/90 BICOLOR FUME FRISO PTO ACR LD- (0003108.90),63,85122023,K
1858706,7899814900346,LANT TRAS MONZA 88/90 BICOLOR FUME FRISO PTO ACR LE- (0003109.90),63,85122023,K
1858600,7899814901732,LANT TRAS PALIO ECONOMY 04/15 BICOLOR RE CRISTAL ACR LD- (0003524.50),96,85122023,K
1858700,7899814901749,LANT TRAS PALIO ECONOMY 04/15 BICOLOR RE CRISTAL ACR LE- (0003525.50),96,85122023,K
0184000,7899814901190,LANT TRAS PALIO G1 96/00 TRICOLOR CARC VERM ACR LD- (0003512.40),95,85122023,K
0184100,7899814901206,LANT TRAS PALIO G1 96/00 TRICOLOR CARC VERM ACR LE- (0003513.40),92,85122023,K
1858758,,LANT TRAS PARATI/SAVEIRO 87/95 ADAPT 83/86 FUME ACR LD- (0003334.90),56,85122023,K
1858759,7899814900957,LANT TRAS PARATI/SAVEIRO 87/95 ADAPT 83/86 FUME ACR LE- (0003335.90),48,85122023,K
1858756,7899814900926,LANT TRAS PARATI/SAVEIRO 87/95 ADAPT 83/86 TRICOLOR ACR LD- (0003334.40),47,85122023,K
1858757,7899814900940,LANT TRAS PARATI/SAVEIRO 87/95 ADAPT 83/86 TRICOLOR ACR LE- (0003335.40),47,85122023,K
1858828,7899814905631,LANT TRAS UNO 04/11 FIRE RUBI LD- (0003520.50),82,85122023,K
0160600,7899814902395,LANT TRAS VOYAGE 81/83 FRISO PTO RE GRANDE PLAST LD- (0003306.40),56,85122023,K
0160500,7899814902401,LANT TRAS VOYAGE 81/83 FRISO PTO RE GRANDE PLAST LE- (0003307.40),56,85122023,K
0161000,7899814902425,LANT TRAS VOYAGE 81/90 FUME LD- (0003308.90),34,85122023,K
0160900,7899814902449,LANT TRAS VOYAGE 81/90 FUME LE- (0003309.90),34,85122023,K
0184223,7898610551929,LANT P/LAMA ASTRA/CLASSIC/ZAFIRA CRISTAL C/SOQUETE ACR- (6500 S),24,85122029,K
0187331,7898610550397,LANT PLACA CELTA- (6002),31,85122029,K
0184108,7898610550489,LANT PLACA GOL G5/VOYAGE 09/16 FOX 10/14 C/SOQUETE- (6007 S),26,85122029,K
0158100,7898943778970,LENTE LANT TRAS FAFA BICOLOR PLAST- (0012),44,85122029,K
0158200,7898943778017,LENTE LANT TRAS FAFA TRICOLOR PLAST- (0010),16,85122029,K
0164740,7898943778901,LENTE LANT TRAS FIORINO 04/13 RUBI/CRISTAL PLAST CARTO LD- (0200),45,85122029,K
0164741,7898943778918,LENTE LANT TRAS FIORINO 04/13 RUBI/CRISTAL PLAST CARTO LE- (0201),45,85122029,K
0161700,7898943778406,LENTE LANT TRAS KOMBI CLIPPER BICOLOR PLAST- (0052),37,85122029,K
0161810,7898943778390,LENTE LANT TRAS KOMBI CLIPPER FUME PLAST- (0051),36,85122029,K
0161800,7898943778383,LENTE LANT TRAS KOMBI CLIPPER TRICOLOR PLAST- (0050),36,85122029,K
0164911,7898943778697,LENTE LANT TRAS UNO 84/03 BICOLOR S/RE PLAST LE- (1041RA),64,85122029,K
0165000,7898943778222,LENTE LANT TRAS UNO 84/03 TRICOLOR PLAST LD- (0040),52,85122029,K
0164900,7898943778239,LENTE LANT TRAS UNO 84/03 TRICOLOR PLAST LE- (0041),52,85122029,K
0031164,0478900311647,SENSOR ESTACIONAMENTO DISPLAY LED PTO C/PLUG 19MM- (52175 PRETO),80,85123000,K
0157104,7892721311731,ARO CROM LANT TRAS FUSCAO- (MAR.119/0),13,85129000,K
0157103,7892721312004,ARO CROM LANT TRAS FUSQUINHA PLAST- (128/0),10,85129000,K
0157106,7892721313476,BOTAO ACION BUZINA VW FUSCA /73- (197/1),64,85129000,K
1020100,7898175242621,BRACO LIMP P/BRISA PALIO/SIENA/STRADA 01/ LD- (783D),120,85129000,K
1020101,7898175239461,BRACO LIMP P/BRISA PALIO/SIENA/STRADA 01/ LE- (783E),120,85129000,K
1020700,7898175274059,BRACO LIMP P/BRISA VERSAILLES/ROYALE LD- (750 D),44,85129000,K
1017556,7897270103516,BRACO LIMP UNO/PREMIO/ELBA/FIORINO 85/94 GANCH DIANT- (1101),71,85129000,K
0499900,,BRUCUTU BRASILIA/FUSCA/VAR PC- (LS146),12,85129000,K
0499911,,BRUCUTU CELTA 01/ PC- (LS158),20,85129000,K
0499925,,BRUCUTU CITROEN/PEUGEOT TODOS PC- (LS171),20,85129000,K
0499904,,BRUCUTU CORSA PC- (LS141),18,85129000,K
0013605,,BRUCUTU GOL G3/G4/G5/G6 99/16 VOY/SAV FOX/POL 03/08 UP 14/21- (8137),13,85129000,K
0499906,,BRUCUTU GOL/VOY/PAR/SAV 87/01 PC- (LS140),15,85129000,K
0499905,,BRUCUTU GOL/VOY/PAR/SAV/PST/CHEV/MARAJO PC- (LS147),12,85129000,K
0499908,,BRUCUTU MB TODOS 2 SAIDAS PC,16,85129000,K
0499912,,BRUCUTU PALIO DIANT PC- (LS159),16,85129000,K
0157107,,CAPA LANT FUSCA 70/96 CROM PLAST DIANT- (135/0),4,85129000,K
1070903,7898175235470,CAPA LIMPADOR PALIO/WEEKEND/SIENA- (799 7),5,85129000,K
1070902,7898175235463,CAPA P/BRACO LIMP FIESTA/ESCORT/VERONA/KA/GOL/PARATI 96/99- (799 6),4,85129000,K
0450094,,CIRCUITO LANT TRAS GOL G7/G8 17/ LD- (1630002),26,85129000,K
0450095,,CIRCUITO LANT TRAS GOL G7/G8 17/ LE- (1640002),26,85129000,K
0031448,0618231209156,CIRCUITO LANT TRAS KADETT 89/98 LD- (5-01-00048),80,85129000,K
0031447,0618231209149,CIRCUITO LANT TRAS KADETT 89/98 LE- (5-01-00047),80,85129000,K
7059932,,CIRCUITO LANT TRAS VOYAGE G6/G7/G8 13/ LD- (5U5945258D),47,85129000,K
7059933,,CIRCUITO LANT TRAS VOYAGE G6/G7/G8 13/ LE- (5U5945257G),47,85129000,K
0150000,,LANT DIANT BRASILIA 78/82 AMBAR- (111/5),16,85129000,K
0150001,7892721311199,LANT DIANT BRASILIA 78/82 CRISTAL- (111/8),16,85129000,K
0152500,7892721312226,LANT DIANT CHEVETTE 74/82 AMBAR- (134/5),16,85129000,K
0150300,7892721312127,LANT DIANT FUSCA 70/96 AMBAR PLAST LD/LE- (MLA.133/5),31,85129000,K
0157109,7892721313278,LANT DIANT GOL/VOY/PAR/SAV 82/86 AMBAR LD- (186/5),16,85129000,K
0157110,7892721313216,LANT DIANT GOL/VOY/PAR/SAV 82/86 AMBAR LE- (185/5),16,85129000,K
0150800,,LANT DIANT KOMBI CLIPPER AMBAR ACR LD- (180/5),24,85129000,K
0150700,,LANT DIANT KOMBI CLIPPER AMBAR ACR LE- (179/5),24,85129000,K
0180004,7898574040521,LANT RETROREFLETOR CORSA 03/12 VERM ACR LD- (7005 D),34,85129000,K
0180005,7898574040538,LANT RETROREFLETOR CORSA 03/12 VERM ACR LE- (7005 E),34,85129000,K
0180006,7898574040699,LANT RETROREFLETOR PALIO 04/15 WEEK/ADV 09/19 VERM ACR LD- (7007 D),18,85129000,K
0180007,7898574040705,LANT RETROREFLETOR PALIO 04/15 WEEK/ADV 09/19 VERM ACR LE- (7007 E),18,85129000,K
0180000,7898574040354,LANT RETROREFLETOR SIENA 01/16 PALIO WEEK 09/19 VERM ACR LD- (7001 D),18,85129000,K
0180001,7898574040361,LANT RETROREFLETOR SIENA 01/16 PALIO WEEK 09/19 VERM ACR LE- (7001 E),16,85129000,K
0158700,7892721312646,LANT TRAS BRASILIA 79/82 BICOLOR PLAST LD/LE- (154/6),52,85129000,K
0158900,,LANT TRAS BRASILIA 79/82 FUME PLAST LD/LE- (154/7),23,85129000,K
0158800,7892721312615,LANT TRAS BRASILIA 79/82 TRICOLOR PLAST LD/LE- (MLA.154/5),55,85129000,K
0158050,7892721312738,LANT TRAS FAFA FUME- (156/7),55,85129000,K
0157920,,LANT TRAS FAFA TRICOLOR PLASTICO LD/LE- (156/5),53,85129000,K
0157116,,LANT TRAS KOMBI CLIPPER C/SOQUETE FUME- (147/7),21,85129000,K
0157117,7892721312462,LANT TRAS KOMBI CLIPPER C/SOQUETE RUBI- (147/6),39,85129000,K
0150100,7892721311441,LENTE LANT DIANT BRASILIA 78/82 AMBAR- (112/5),5,85129000,K
0150200,,LENTE LANT DIANT BRASILIA 78/82 CRISTAL- (112/8),4,85129000,K
0152802,7892721311410,LENTE LANT DIANT BRASILIA/VARIANT 72/77 AMBAR LD/LE- (110/5),8,85129000,K
0152600,7892721311489,LENTE LANT DIANT CHEVETTE 74/82 AMBAR- (113/5),5,85129000,K
0152700,7892721311502,LENTE LANT DIANT CHEVETTE 74/82 CRISTAL- (113/8),5,85129000,K
0155000,7894915004047,LENTE LANT DIANT CORCEL II/BELINA II 78/84 PLAST CRISTAL LD- (203242),10,85129000,K
0154900,7894915004054,LENTE LANT DIANT CORCEL II/BELINA II 78/84 PLAST CRISTAL LE- (203342),10,85129000,K
0150500,7892721312103,LENTE LANT DIANT FUSCA 70/96 CRISTAL PLAST- (MLA.132/8),7,85129000,K
0150501,7892721312097,LENTE LANT DIANT FUSCA 70/96 FUME PLAST- (132/7),5,85129000,K
0150900,,LENTE LANT DIANT KOMBI CLIPPER AMBAR- (106/5),8,85129000,K
0150910,7892721311342,LENTE LANT DIANT KOMBI CLIPPER CRISTAL,8,85129000,K
0152805,,LENTE LANT DIANT VARIANT/BRASILIA 72/77 CRISTAL- (110/8),4,85129000,K
0159110,7894915000308,LENTE LANT LAT TRAS BRASILIA 79/82 AMBAR PLAST LD/LE- (101112),13,85129000,K
0159000,7892721312561,LENTE LANT LAT TRAS BRASILIA 79/82 VERM PLAST LD/LE- (153/6),8,85129000,K
0159100,7892721312554,LENTE LANT P/LAMA TRAS BRASILIA 79/82 AMBAR PLAST LD/LE- (MLA.153/5),8,85129000,K
0152816,7892721311373,LENTE LANT TRAS BRASILIA /77 CANTO PLAST LD/LE- (108/6),15,85129000,K
0152815,7892721311359,LENTE LANT TRAS BRASILIA /77 CENTRAL PLAST LD/LE- (107/6),23,85129000,K
0164730,7894915009516,LENTE LANT TRAS ELBA/FIORINO 85/ BICOLOR MOD PLAST CIBIE LD- (258022),24,85129000,K
0158120,7892721312684,LENTE LANT TRAS FAFA BICOLOR- (155/6),31,85129000,K
0158310,7894915000247,LENTE LANT TRAS FAFA FUME PLAST- (100832),40,85129000,K
0158110,7894915005136,LENTE LANT TRAS FAFA TRICOLOR PLAST- (100812),24,85129000,K
0158220,7892721312677,LENTE LANT TRAS FAFA TRICOLOR PLAST- (155/5),29,85129000,K
0157710,7894915000056,LENTE LANT TRAS FUSCAO BICOLOR PLAST- (100122),31,85129000,K
0157702,7892721311700,LENTE LANT TRAS FUSCAO FUME- (118/7),21,85129000,K
0157711,7894915000049,LENTE LANT TRAS FUSCAO TRICOLOR PLAST- (100112),29,85129000,K
0157701,7892721311656,LENTE LANT TRAS FUSCAO TRICOLOR- (118/5),20,85129000,K
0157101,7892721311939,LENTE LANT TRAS FUSQUINHA BICOLOR- (MLA.127/5),13,85129000,K
0157100,7892721311953,LENTE LANT TRAS FUSQUINHA VERM LD/LE- (MLA.127/6),12,85129000,K
0157124,7892721312301,LENTE LANT TRAS KOMBI CLIPPER FUME- (136/7),20,85129000,K
0161710,7894915000162,LENTE LANT TRAS KOMBI CLIPPER TRICOLOR PLAST LD/LE- (100512),28,85129000,K
0178519,7894915001107,LENTE LANT TRAS OPALA/CARAVAN 70/79 S/RE PLAST RUBI LD- (150022),15,85129000,K
0178520,7894915001114,LENTE LANT TRAS OPALA/CARAVAN 70/79 S/RE PLAST RUBI LE- (150122),15,85129000,K
0165030,7894915004863,LENTE LANT TRAS UNO 84/03 FUME PLAST LD- (253032),60,85129000,K
0164931,7894915004900,LENTE LANT TRAS UNO 84/03 FUME PLAST LE- (253132),56,85129000,K
1677800,7899814900124,LENTE LANT TRAS UNO 84/03 TRICOLOR LD- (0002506.40),48,85129000,K
1677900,7899814900155,LENTE LANT TRAS UNO 84/03 TRICOLOR LE- (0002507.40),48,85129000,K
0164925,7894915004894,LENTE LANT TRAS UNO 84/03 TRICOLOR PLAST LE- (253112),56,85129000,K
0187830,7898235760119,LENTE LANT TRAS UNO TRICOLOR LD- (48792),39,85129000,K
0013512,7899814900100,LENTE TRAS FUSCA FAFA TRICOLOR LD/LE- (0002301.40),61,85129000,K
0013513,7899814900049,LENTE TRAS KOMBI CLIPPER 76/ TRICOLOR LD/LE- (0002174.40),40,85129000,K
0159200,,LENTE TRAS.BRASILIA 79/82 LAT.FUME- (153/7),4,85129000,K
0543316,7899814901336,MOLD LANT TRAS GOL G3 99/05 PTO LD- (0003354.00),16,85129000,K
0157129,7892721313803,MOLD MACANETA INT PT UNO G1 84/14 PTO- (311/1),5,85129000,K
0543317,7899814901329,MOLD TRAS GOL G3 00/05 PTO LE- (0003355.00),23,85129000,K
1091556,7898649260434,PALHETA 20 VIEW CONVENCIONAL FERRO- (31-200),26,85129000,K
0499916,,BRUCUTU PALIO TRAS- (04999.16),5,85131010,K
9902402,7897183020405,"ALTO FALANTE QUADRIAXIAL 6X9"" BBMAX 70W- (1.17.120)",156,85182100,K
7203808,7892069004050,CONDENSADOR VOLKSWAGEN FUSCA/ VARIANT I/II GASOLINA- (22 419),4,85322590,K
7203821,7892069004104,CONDENSADOR VOLKSWAGEN FUSCA/BRASILIA 1300 C/TERM.OLHAL- (22 870),4,85322590,K
7203803,7892069004029,CONDENSADOR VOLKSWAGEN FUSCA/KOMBI GASOLINA- (22 072),4,85322590,K
7203801,7892069004074,CONDENSADOR VW KOMBI/FUSCA/BRASILIA- (22 048),2,85322590,K
7203844,,PLATINADO DODGE 1800/MAVERICK 6 CIL 74/75 (BOSCH 062)- (73/8),4,85322590,K
7059812,,CIRCUITO LANT TRAS KADETT LD- (5-01-00048),55,85340019,K
7059813,,CIRCUITO LANT TRAS KADETT LE- (5-01-00047),55,85340019,K
7080515,,CHAVE SETA ESCAMOTEAVEL C/LIMP.TRAS.C/FUNCAO QUANTUM 98- (V3.V3.608-00),60,85365090,K
7080851,7899705807556,INTERR VIDRO PALIO 04/G SIENA/IDEA/PUNT/LINEA QUADR DIANT LD- (FI1048),39,85365090,K
7080849,7899705807563,INTERR VIDRO PALIO 04/G SIENA/IDEA/PUNTO/LINEA DUPLO DIAN LE- (FI1049),64,85365090,K
7204010,7898938361811,CAME RETORNO CHAVE SETA FUSCA 1300 80/- (1301),10,85366990,K
7204006,7898938361965,CAME RETORNO CHAVE SETA KOMBI 82/98 CAMINHOES VW- (1316),12,85366990,K
7204013,7898938361903,CAME RETORNO CHAVE SETA MONZA/KADETT/VECTRA/ASTRA/CORSA- (1310),15,85366990,K
7204017,7898938361989,CAME RETORNO CHAVE SETA PALIO C/CHAVE KOSTAL(BRASIL)- (1317),20,85366990,K
7204018,,CAME RETORNO CHAVE SETA PALIO C/CHAVE MAG.MARELLI(ARGENT.)- (1318),16,85366990,K
7204003,7898938361880,CAME RETORNO CHAVE SETA PARATI/GOL 85/94 SANTANA 85/- (1308),12,85366990,K
7204015,7898938361934,CAME RETORNO CHAVE SETA PARATI/GOL 95/- (1313),13,85366990,K
7204423,7895479000117,TERM FEMEA ENCAIXE 6 3 FIO 0 75/2 5MM C/TRAVA 100PCS- (ETE7020A),39,85369090,K
0701400,,FAROL UNIV SEALED BEAM 180MM 12V IMPORTADO- (TK7550),87,85391010,K
0031648,,FAROL UNIV SEALED BEAM 180MM 12V- (452634),34,85391010,K
0012409,,LAMP 2825 12V 5W T10 WEDGE LARANJA- (TK0913A),2,85392910,K
0012411,,LAMP 67 12V 10W G18 BA15S LARANJA- (TK2130A),4,85392910,K
8392229,,KIT TRAVA ELETR UNIV 4P- (20044),95,85437099,K
0031715,,TRAVA ELETR PT UNIV 2 FIOS- (52176),15,85437099,K
8392235,,TRAVA ELETR PT UNIV 5 FIOS- (52177),24,85437099,K
7203229,,CABO IGNICAO JG SUPRESSIVO GOL PARATI(AT1000 MI 16V/97 O- (129-S),28,85443000,K
8912468,7898615771896,BOLSA PT UNO/FIORINO /00 PTO C/KIT FIXACAO 2PCS- (EK.0450),63,87081000,K
8912487,7898615773418,CHURRASQUEIRA GOL/PAR/SAV BOLA 95/03 C/GUARNICAO- (EK.0449),40,87081000,K
8912446,,GRADE COLUNA FIXA CHEVETTE- (EK.0153),13,87081000,K
8911075,7898420049388,GRADE P/CHOQUE GOL G3 03/05 FASE 2 PTO C/MILHA LD- (8182),18,87081000,K
8911074,7898420049371,GRADE P/CHOQUE GOL G3 03/05 FASE 2 PTO C/MILHA LE- (8181),18,87081000,K
0528611,,GRADE P/CHOQUE GOL G3 03/05 FASE 2 PTO CENTRAL- (EK.0701),18,87081000,K
0449938,,GRADE P/CHOQUE GOL G3 99/02 FASE 1 PTO CENTRAL- (377807715),12,87081000,K
8912469,7898615770912,GRADE P/CHOQUE GOL G3 99/02 FASE 1 PTO CENTRAL- (EK.0700),20,87081000,K
8912477,7898615771407,GRADE P/CHOQUE GOL/SAV/VOY G5 C/MILHA LE- (EK.0535),20,87081000,K
8912480,7898615771353,GRADE P/CHOQUE GOL/SAV/VOY G5 S/MILHA LD- (EK.0530),20,87081000,K
8912481,7898615771360,GRADE P/CHOQUE GOL/SAV/VOY G5 S/MILHA LE- (EK.0531),20,87081000,K
0528694,7908019401166,GRADE P/CHOQUE GOL/VOY/SAV G5 08/12 C/MILHA PTO LD- (GG694),13,87081000,K
0528695,7908019401173,GRADE P/CHOQUE GOL/VOY/SAV G5 08/12 C/MILHA PTO LE- (GG695),13,87081000,K
0475035,7898615770936,GRADE P/CHOQUE PALIO 04/09 CENTRAL PTO- (EK.0720),18,87081000,K
0475030,7908019400664,GRADE P/CHOQUE PALIO 04/09 S/MILHA LD- (EK.0500),10,87081000,K
0475031,7908019400657,GRADE P/CHOQUE PALIO 04/09 S/MILHA LE- (EK.0501),10,87081000,K
0498102,7908019400664,GRADE P/CHOQUE PALIO 04/10 S/MILHA LD- (GG622),13,87081000,K
0498101,7908019400657,GRADE P/CHOQUE PALIO 04/10 S/MILHA LE- (GG621),8,87081000,K
0011150,7908302806555,GUIA LAT P/CHOQUE CELTA 01/16 TRAS LD- (400814),31,87081000,K
0011151,7908302806548,GUIA LAT P/CHOQUE CELTA 01/16 TRAS LE- (400815),31,87081000,K
0407657,7908004604152,GUIA LAT P/CHOQUE CORSA 94/10 DIANT LE- (AP391),21,87081000,K
0447500,7898653810250,GUIA LAT P/CHOQUE GOL/VOY/PAR/SAV 87/94 TRAS  LD/LE- (3023),7,87081000,K
8911674,7898420048978,MOLD P/LAMA CORSA CLASSIC 94/ PTO TRAS LE- (8229),20,87081000,K
0116548,7898420049753,MOLD P/LAMA CORSA SEDAN 94/02 PRIMER DIANT LD- (8236),23,87081000,K
0116547,7898420049746,MOLD P/LAMA CORSA SEDAN 94/02 PRIMER DIANT LE- (8235),23,87081000,K
8911675,7898420048985,MOLD P/LAMA CORSA SEDAN 94/02 PTO TRAS LD- (8230),36,87081000,K
0441196,7898449120617,MOLD PLACA GOL 87/94 PTO TRAS- (20890),90,87081000,K
0441197,7898449120624,MOLD PLACA VOYAGE 83/90 PTO TRAS- (20892),101,87081000,K
0441198,7898449120631,MOLD PLACA VOYAGE 91/95 PTO TRAS- (20894),140,87081000,K
0473505,,P/CHOQUE DIANT FUSCA 77/86 CROM- (491),252,87081000,K
0472700,,P/CHOQUE DIANT GOL/VOY/PAR/SAV 87/94 PTO TEXT- (5940),109,87081000,K
0473504,7898449122758,P/CHOQUE TRAS FUSCA 77/86 CROM- (492),252,87081000,K
0472910,,P/CHOQUE TRAS GOL 87/94 PTO TEXT- (6320),98,87081000,K
0190100,,PONTEIRA P/CHOQUE BRAS/VARIANT 78/82 PTO TRAS LD- (7009),23,87081000,K
0190200,,PONTEIRA P/CHOQUE BRAS/VARIANT 78/82 PTO TRAS LE- (7008),23,87081000,K
0198400,7898300214332,PONTEIRA P/CHOQUE CHEVETTE 87/ PTO DIANT LD- (J80835),53,87081000,K
0198300,7898300214349,PONTEIRA P/CHOQUE CHEVETTE 87/ PTO DIANT LE- (J80836),53,87081000,K
0198500,7898300214363,PONTEIRA P/CHOQUE CHEVETTE 87/ PTO TRAS LE- (J80838),90,87081000,K
1998000,7898652030260,PONTEIRA P/CHOQUE CHEVETTE/MARAJO 83/86 DIANT LD- (7036),28,87081000,K
1997900,7898652030277,PONTEIRA P/CHOQUE CHEVETTE/MARAJO 83/86 DIANT LE- (7037),24,87081000,K
0190369,7898300214240,PONTEIRA P/CHOQUE CHEVETTE/MARAJO 83/86 DIANT LE- (J80826),21,87081000,K
1998200,7898652030284,PONTEIRA P/CHOQUE CHEVETTE/MARAJO 83/86 TRAS LD- (7038),24,87081000,K
0190365,7898300214257,PONTEIRA P/CHOQUE CHEVETTE/MARAJO 83/86 TRAS LD- (J80827),24,87081000,K
1998100,7898652030291,PONTEIRA P/CHOQUE CHEVETTE/MARAJO 83/86 TRAS LE- (7039),26,87081000,K
0190366,7898300214264,PONTEIRA P/CHOQUE CHEVETTE/MARAJO 83/86 TRAS LE- (J80828),24,87081000,K
1994200,7898652030307,PONTEIRA P/CHOQUE CORCEL II/BELINA II 78/84 LDO DIANT LD- (7040),15,87081000,K
1994100,7898652030314,PONTEIRA P/CHOQUE CORCEL II/BELINA II 78/84 LDO DIANT LE- (7041),15,87081000,K
1993700,7898652030376,PONTEIRA P/CHOQUE CORCEL II/BELINA II 78/84 LUXO DIANT LE- (7047),18,87081000,K
1993900,7898652030581,PONTEIRA P/CHOQUE CORCEL PRETO TRAS LE- (7073),7,87081000,K
1995800,7898652030451,PONTEIRA P/CHOQUE DEL REY/SCALA 85/90 C/FRISO DIANT LD- (7058),15,87081000,K
1995700,7898652030468,PONTEIRA P/CHOQUE DEL REY/SCALA 85/90 C/FRISO DIANT LE- (7059),15,87081000,K
1995000,7898652030383,PONTEIRA P/CHOQUE ESCORT 84/86 GL/GHI/XR3 DIANT LD- (7048),15,87081000,K
0195100,7898300212772,PONTEIRA P/CHOQUE ESCORT GL/GHI/XR3 84/86 PTO TRAS LE- (J40421),37,87081000,K
0190400,7898300210846,PONTEIRA P/CHOQUE GOL 81/83 PTO DIANT LD- (J10101),37,87081000,K
0190300,7898300210839,PONTEIRA P/CHOQUE GOL 81/83 PTO DIANT LE- (J10100),37,87081000,K
1991600,7898652030321,PONTEIRA P/CHOQUE GOL 84/86 PTO TRAS LD- (7042),36,87081000,K
1991500,7898652030338,PONTEIRA P/CHOQUE GOL 84/86 PTO TRAS LE- (7043),36,87081000,K
1991200,7898652030222,PONTEIRA P/CHOQUE GOL/VOY/PAR/SAV 84/86 PTO DIANT LD- (7032),36,87081000,K
1991100,7898652030239,PONTEIRA P/CHOQUE GOL/VOY/PAR/SAV 84/86 PTO DIANT LE- (7033),36,87081000,K
0197400,7898300214318,PONTEIRA P/CHOQUE MONZA 83/90 EXC HATCH PTO TRAS LD- (J80833),58,87081000,K
1997000,7898652030475,PONTEIRA P/CHOQUE MONZA 83/90 PTO DIANT LD- (7060),16,87081000,K
0196900,7898652030482,PONTEIRA P/CHOQUE MONZA 83/90 PTO DIANT LE- (7061),16,87081000,K
0199400,7898652030635,PONTEIRA P/CHOQUE OPALA/CARAVAN 85/90 PTO DIANT LD- (7078),36,87081000,K
1999300,7898652030642,PONTEIRA P/CHOQUE OPALA/CARAVAN 85/90 PTO DIANT LE- (7079),36,87081000,K
0199800,,PONTEIRA P/CHOQUE OPALA/CARAVAN 85/90 PTO TRAS LD- (J80870),50,87081000,K
0199700,7898300214660,PONTEIRA P/CHOQUE OPALA/CARAVAN 85/90 PTO TRAS LE- (J80871),55,87081000,K
0193400,7898300211607,PONTEIRA P/CHOQUE PASSAT 83/85 PTO DIANT LD- (J10202),45,87081000,K
0193300,7898300211614,PONTEIRA P/CHOQUE PASSAT 83/85 PTO DIANT LE- (J10203),48,87081000,K
0193500,7898300211638,PONTEIRA P/CHOQUE PASSAT 83/85 PTO TRAS LE- (J10205),45,87081000,K
0190700,7898300210884,PONTEIRA P/CHOQUE VOYAGE 81/83 PTO TRAS LE- (J-10105),28,87081000,K
0191900,7898300212116,PONTEIRA P/CHOQUE VOYAGE 81/83 PTO TRAS LE- (J10260),29,87081000,K
0192000,,PONTEIRA P/CHOQUE VOYAGE 84/86 PTO TRAS LD- (J10259),45,87081000,K
0504001,7899893633012,CINTO SEG UNIV 3P RETRATIL S/FECHO PTO P/FIVELA EST LD/LE- (CR3P-001),96,87082100,K
0503018,7899893610433,FECHO CINTO SEG CELTA 01/16 CLASSIC 03/16 PRISMA 08/12 LD- (FE1-040),53,87082100,K
0503017,7899893610402,FECHO CINTO SEG CELTA 01/16 CLASSIC 03/16 PRISMA 08/12 LE- (FE1-039),53,87082100,K
0502700,7899893613175,FECHO CINTO SEG ESCORT HASTE FLEXIVEL DUPLO- (FE2-017),47,87082100,K
0502500,7899893610051,FECHO CINTO SEG GOL/VOY/PAR/SAV 80/94 PTO LD/LE MOD ORIG- (FE1-005),29,87082100,K
0503000,7899893610211,FECHO CINTO SEG KADETT/MONZA 91/96 MOD ORIG LD/LE- (FE1-020),36,87082100,K
0502800,7899893613069,FECHO CINTO SEG KOMBI/CAM HASTE FLEXIVEL CABO 430MM LD- (FE2-006),52,87082100,K
0502900,7899893613052,FECHO CINTO SEG KOMBI/CAM HASTE FLEXIVEL CABO 430MM LE- (FE2-005),52,87082100,K
0116549,7899843500289,GRADE  GOL/SAV 85/86 PAR/VOY 81/86 PTO- (8522),44,87082912,K
8912153,7899592601312,GRADE CHEVETTE/MARAJO 83/86 PRETO,80,87082912,K
8911042,7898420047018,GRADE CHEVETTE/MARAJO 87/93 PTO- (8142),50,87082912,K
8911037,7898420047650,GRADE CORSA 00/02 PTO COLMEIA CLASSIC- (8131),26,87082912,K
8912156,7899592601350,GRADE CORSA CLASSIC 00/08 PRETO FILETADA- (12005C),23,87082912,K
8911036,7898420043515,GRADE CORSA CLASSIC 03/08 PRETO FILETADA- (8117),26,87082912,K
0116304,7899843501521,GRADE CORSA CLASSIC 09/10 PTO COMPLETO 3PCS- (8240),64,87082912,K
8912101,7899592600919,GRADE ENTRADA AR INT KOMBI 76/96 PTO- (10037),12,87082912,K
8912102,7899592600926,GRADE ENTRADA AR KOMBI 97/14 DIANT PLAST- (10038),45,87082912,K
0116315,7899843500012,GRADE FOX/SPACEFOX 10/14 PTO BRILHANTE- (8516),92,87082912,K
8911054,7898420047285,GRADE GOL/PAR/SAV BOLA 95/99 PTO S/EMBLEMA- (8118),28,87082912,K
0116570,7899843503549,GRADE GOL/PAR/SAV G3 03/05 FASE 2 PTO- (8525),32,87082912,K
8912080,7899592600629,GRADE GOL/SAV 87/90 PTO MAIOR- (10004),37,87082912,K
8912083,7899592600667,GRADE GOL/VOY/PAR/SAV 91/94 CINZA ESCURO- (10008),15,87082912,K
8911060,7898420046974,GRADE GOL/VOY/PAR/SAV 91/96 CINZA CLARO S/EMBLEMA- (8124),40,87082912,K
8911057,7898420046691,GRADE GOL/VOY/PAR/SAV 91/96 CINZA ESCURO S/EMBLEMA- (8121),37,87082912,K
8912165,7899592601480,GRADE KADETT/IPANEMA 96/98 PRETO- (12018),23,87082912,K
8912168,7899592601527,GRADE MONZA 82/87 PTO- (12023C),66,87082912,K
8912316,7899592604467,GRADE P/CHOQUE PALIO 04/09 CENTRAL PRETO- (13061),13,87082912,K
8912391,7899592605419,GRADE P/CHOQUE PALIO 04/09 CINZA S/MILHA LD- (13088),20,87082912,K
8912098,7899592600872,GRADE PASSAT 83/89 FRISO PTO- (10032),58,87082912,K
8912155,7899592601336,GRADE RAD CORSA 00/03 COLMEIA EXCETO CLASSIC PTO- (12003C),24,87082912,K
8912077,7899592600599,GRADE RAD GOL 80/86 PAR/SAV PTO- (10001C),80,87082912,K
8912078,7899592600605,GRADE RAD GOL 85/86 SAV VOY/PAR PTO S/EMBL- (10002),45,87082912,K
8911085,7898420049555,GRADE RAD GOL 87/90 GTI/GTS VOY/PAR PTO MENOR S/EMBL- (8188),37,87082912,K
8911058,7898420046684,GRADE RAD GOL 91/94 VOY/PAR/SAV PTO S/EMBL- (8122),34,87082912,K
8912085,7899592600698,GRADE RAD GOL 95/99 BOLA PAR 96/99 SAV PTO LISO S/EMBL- (10011C),24,87082912,K
8912169,7899592601534,GRADE RAD MONZA 88/90 S/AR PTO S/EMBL- (12024),72,87082912,K
8911632,7899592600797,GRADE RAD SANTANA 91/94 ABS PTO S/EMBL- (10024),48,87082912,K
8911066,7898420048244,GRADE RAD SANTANA 99/06 QUANTUM PTO S/EMBL- (8151),36,87082912,K
8912228,7899592601923,GRADE RAD SPAZIO 83/86 FIORINO PTO C/EMBL- (13033),122,87082912,K
8911008,7898420046981,GRADE RAD UNO 91/95 PREMIO/ELBA/FIORINO PTO S/FRISO S/EMBL- (8129),47,87082912,K
8912214,7899592601763,GRADE RAD UNO/FIORINO 09/14 PTO- (13015C),47,87082912,K
8911015,7898420047032,GRADE RAD UNO/FIORINO 09/14 PTO- (8144),53,87082912,K
8915124,7899843508452,GRADE SANTANA 95/98 PRETA- (8538),21,87082912,K
8912093,7899592600780,GRADE SANTANA/QUANTUM 85/90 GL/GLS PTO- (10022),56,87082912,K
7732803,7899843500098,GRADE UNO FIRE/FIORINO 02/04 PTO P/EMBLEMA REDONDO- (8108),18,87082912,K
0132307,7899843504850,GRADE UNO/FIORINO FIRE 06/08 PTO- (8115),44,87082912,K
8912203,7899592601626,GRADE UNO/PREMIO/ELBA/FIORINO 84/90 PTO C/FRISO- (13001),40,87082912,K
8912205,7899592601640,GRADE UNO/PREMIO/ELBA/FIORINO 96/99 PTO C/FRISO- (13003),45,87082912,K
0032515,7899843506793,GRADE VERONA 90/92- (8425),23,87082912,K
1448005,7895272204989,LIMITADOR PT SANTANA/QT 84/91P DIANTEIRA LE/LD- (RA-044),24,87082913,K
9960321,7898282141244,TELA AUTO FALANTE 6X9 PLAST- (900124),15,87082914,K
0011320,7898395920996,ACAB PT SUP GOL/VOYAGE/PARATI/SAVEIROL 80/94 PAR- (HS050),295,87082919,K
6012974,7908004603346,ASSENTO VARETA CAPO CELTA/CORSA/KADETT/ASTRA 99/ MONZA 91/- (AP303),7,87082919,K
6012911,7908004600147,BOTAO AR COND CORSA 94/ PTO LED BCO- (AP14),39,87082919,K
6012904,7908004600048,BOTAO AR COND GOL/PAR/SAV G3 CAM VW PTO LED LARANJA- (AP04),47,87082919,K
6012912,7908004600154,BOTAO FAROL CORSA 94/02 ASTRA/VECTRA 94/96 OMEGA C/LUZ- (AP15),15,87082919,K
6012321,7908004602714,BOTAO VENTILACAO PALIO/WEEK/STR/SIENA 96/04 LED VERDE PC- (AP264),96,87082919,K
6060900,7908004603896,BUCHA FIX CHURRASQUEIRA LOGUS/POINTER 6PCS- (AP360/PT),18,87082919,K
6067541,7908004605524,BUCHA FIX FAROL CORSA AUTOPLAST 10PCS- (AP535F/PT),16,87082919,K
1305315,7908004609621,BUCHA PT CORREDICA KOMBI 97/13 SUP/INF- (AP1419),26,87082919,K
0445801,7908004604039,CHURRASQUEIRA CAPO GOL/PAR/SAV BOLA 95/03 C/GUARNICAO- (AP377),24,87082919,K
0313124,7908004611082,COBERT TRILHO BANCO GOL/PAR/SAV G2/G3SANT/QUANT LARGA PTO LD- (AP32),77,87082919,K
0313123,7908004611099,COBERT TRILHO BANCO GOL/PAR/SAV G2/G3SANT/QUANT LARGA PTO LE- (AP33),77,87082919,K
0313121,7908004611013,COBERTURA INT TRILHO BANCO GOL 91/ ESTREITO PTO LE- (AP25),69,87082919,K
0525004,7908004615929,DIFUSOR AR CENTR CLIO 01/15 CZA ESCURO LD- (AP1528),12,87082919,K
0032036,7908302803448,DIFUSOR AR CENTR UNO 84/93 PTO LD/LE- (200625),23,87082919,K
6067087,7908004611570,DIFUSOR AR CENTR/LAT GOL/VOY/PAR/SAV 87/94 LD/LE- (AP894),7,87082919,K
0526526,7908004616322,DIFUSOR AR CENTR/LAT VECTRA 96/05 GFT LD- (AP 1578),36,87082919,K
0494379,7898457736251,DIFUSOR AR GOL 81/87 VOY/PAR/SAV PTO CENTRAL LD/LE- (100602),15,87082919,K
0525000,7908004600123,DIFUSOR AR GOL G3/G4 00/14 PAR/SAV PTO RALINHO SUP CENTRAL- (AP12),8,87082919,K
0526527,7908004616315,DIFUSOR AR LAT VECTRA 96/05 GFT LE- (AP 1577),36,87082919,K
0340410,7898437705338,FRISO LAT KADETT GL 96/ PRETO- (300.22),40,87082919,K
6069301,7908004611365,GRAMPO FIX.DESC.BRA/GRA.VID.TR/PUX.PORTA DIA.PC/10 SAN/SAV84- (AP570/PT),24,87082919,K
6012973,7908004601755,GRAMPO FRISO TETO CORSA 94/ CELTA/PRMA/ATRA 94/95- (AP161),8,87082919,K
6012972,7908004601731,GRAMPO FRISO TETO KADETT/IPANEMA- (AP162),10,87082919,K
0442200,7908004601298,GUIA TAMPA PT LUVAS ASTRA PTO LD- (AP130),28,87082919,K
0442100,7908004601281,GUIA TAMPA PT LUVAS ASTRA PTO LE- (AP129),28,87082919,K
6830031,7898241140936,HELICE REFRIG. P/GOL GIII 99/- (1932.91),29,87082919,K
6013003,7908004602103,LENTE BOTAO PISCA ALERTA FST/KA/ESCORT /03 COURIER /13 VERM- (AP199),26,87082919,K
7202791,7908004603322,MOLD BOTAO VIDRO GOL/VOU/PAR/SAV/87/94/SANT/QUNT 85/91 DUPL- (AP301),32,87082919,K
7202790,7908004603339,MOLD BOTAO VIDRO GOL/VOY/PAR/SAV/85/94/SANT/QUNT 85/91 SIMP- (AP302),21,87082919,K
6067109,7908004608891,MOLD BOTOES COMANDO GOL/PAR/SAV 95/99 PTO VIDRO/TRAVA ELETR- (AP924),13,87082919,K
0031155,,PARA SOL LATERAL 2PCS- (31155),13,87082919,K
6060200,7908004601465,PORCA PARAF ESTEPE CORSA/CELTA/ASTRA/ONIX/PRISMA/COBALT/SPIN- (AP149),12,87082919,K
6012917,7908004600512,PORCA PRESILHA FRISO CONTORNO P/LAMA CORSA 10PCS- (AP51/PT),2,87082919,K
0440950,7898498771990,PROTETOR PT OLHO GATO OVAL DUPLO C/BASE PTA CRISTAL- (16.007),12,87082919,K
1116514,7898937190658,PROTETOR PT OVAL DUPLO CRISTAL C/BASE CROM OLHO DE GATO- (05.007),8,87082919,K
1116519,7898937190719,PROTETOR PT OVAL DUPLO CRISTAL C/BASE PTO OLHO DE GATO- (05.013),8,87082919,K
1116516,7898937190689,PROTETOR PT OVAL DUPLO CRISTAL/VERM C/BASE CROM OLHO DE GATO- (05.010),12,87082919,K
1116522,7898937190740,PROTETOR PT OVAL DUPLO CRISTAL/VERM C/BASE PTO OLHO DE GATO- (05.016),10,87082919,K
6067123,7908004609256,PUXADOR PT GOL/VOY G5 08/12 C/FURO VIDRO ELET CZA TRAS LD- (AP978),26,87082919,K
0010700,7898437700579,SPOILER DIANT GOL/VOY/PAR/SAV 87/94 PTO- (100.500),32,87082919,K
0525950,7908004603933,SUPORTE DIFUSOR AR CENTRAL GOL/VOY/PAR/SAV 87/94 DUPLO S/M- (AP364),221,87082919,K
0449830,7908004602295,SUPORTE DIFUSOR AR LAT GOL/VOY/PAR/SAV 87/94 S/DEF/MEC- (AP225),92,87082919,K
6067249,7908004612157,TAMPA ACAB ALAV FREIO MAO FOX/SPACE/CROSS 04/14 GFT- (AP1027),13,87082919,K
6067148,7908004608983,TAMPA BRACO LIMP P/BRISA GOL/VOY/PAR/SAV/AMA/POL/JET/FOX 05/- (AP934),15,87082919,K
6067149,7908004608990,TAMPA BRACO LIMP P/BRISA SANT 84/06 QUANT 84/01 DIANT/TRAS- (AP935),16,87082919,K
6012976,7908004600796,TAMPA MACAN P/LUVAS GOL G3 99/05 GRAFITE- (AP79),5,87082919,K
0441851,7898420043485,TAMPA P/LUVAS CORSA 94/ HATCH/SEDAN/SW/PICKUP/CLASSIC- (5138),140,87082919,K
6067255,7908004612447,TAMPAO CHICOTE COLUNA A CELTA 01/ CORSA DIANT LD/LE- (AP1052),26,87082919,K
0526531,7908004615936,TAMPAO DIF AR SUP CENTR PALIO/SIENA/STR 96/04 PTO- (AP 1531),16,87082919,K
0526534,7908004615967,TAMPAO DIF AR SUP LAT PALIO/SIENA/STR 96/04 PTO LD- (AP 1536),24,87082919,K
6012921,7908004600482,TAMPAO INTERR PAINEL GOL/VOY/PAR/SAV /94 PTO BOTAO FALSO- (AP48),18,87082919,K
0526814,,TOMADA AR CORSA HATCH/SEDAN/WAGON/PICKUP 95/06- (AP1207),64,87082919,K
0061405,7899902200662,PARALAMA UNO MILLE FIRE 04/13 DIANT LE- (061405),136,87082991,K
0140801,7898300214486,GRADE CHEVETTE 78/82 PRATA LD- (J80850),21,87082992,K
0140802,,GRADE CHEVETTE 78/82 PRATA LE- (J80851),21,87082992,K
0132100,,GRADE CHEVETTE/MARAJO 87/93 PTO- (J80844),44,87082992,K
0133800,,GRADE CHEVY PTO- (J80843),74,87082992,K
0134100,7898300212963,GRADE DELREY 85/90 PAMPA 85/97 PTO- (J40440),26,87082992,K
0130310,7898300211409,GRADE GOL GTI/GTS/VOY/PAR 87/90 PTO MENOR- (J10180),63,87082992,K
0137915,,GRADE GOL/PAR/SAV G3 03/05 FASE 2 PTO- (J10336),29,87082992,K
0137910,7898300212307,GRADE GOL/PAR/SAV G3 99/02 FASE 1 PTO- (J-10287),44,87082992,K
0132410,7898300217784,GRADE GOL/VOY/PAR/SAV 91/94 PERSONALIZADO TUNING S/EMBLEMA- (J10187T),77,87082992,K
0190316,7898300211645,GRADE GOL/VOY/PAR/SAV 91/96 CINZA ESCURO- (J10206),32,87082992,K
0190317,7898300211454,GRADE GOL/VOY/PAR/SAV 91/96 PTO- (J10187),31,87082992,K
0142902,7898300215612,GRADE KADETT/IPANEMA 96/98 PTO- (J80901),48,87082992,K
0131900,7898300214530,GRADE MONZA 88/90 S/AR PTO- (J-80855),71,87082992,K
0131901,7898300214431,GRADE MONZA SLE 91/96 PTO- (J80845),32,87082992,K
0190218,7898300212215,GRADE SANTANA/QUANTUM 95/98 PTO- (J10224),48,87082992,K
0133700,7898300215537,GRADE SPAZIO/PANORAMA/FIORINO 83/86 PTO C/FRISO- (J60621),63,87082992,K
0132304,7898300218095,GRADE UNO FIRE/FIORINO 02/04 PTO S/EMBLEMA REDONDO- (J60660),39,87082992,K
0132303,7898300218071,GRADE UNO SMART/FIORINO 00/01 PTO- (J60654),36,87082992,K
0132200,7898300215520,GRADE UNO/PREMIO/ELBA/FIORINO 84/90 PTO C/FRISO- (J60617),74,87082992,K
0132301,,GRADE UNO/PREMIO/ELBA/FIORINO 96/99 PTO C/FRISO- (J60647),61,87082992,K
1448000,7895272206228,LIMITADOR PT FUSCA- (20622),85,87082993,K
1365400,7895272407083,MACANETA INT PT CELTA 00/06 2/4P PTO DIANT/TRAS LD- (40708),29,87082993,K
1365500,7895272407090,MACANETA INT PT CELTA 00/06 2/4P PTO DIANT/TRAS LE- (40709),29,87082993,K
8655209,,ACAB EXT PT PALIO/WEEK/SIENA FASE 2 95/15 PTO TRAS LD- (735363654),63,87082999,K
8655210,,ACAB EXT PT PALIO/WEEK/SIENA FASE 2 95/15 PTO TRAS LE- (735363657),42,87082999,K
0349992,7908004600833,ACAB INF MOLD LANT TRAS GOL G3 00/05 PRIMER LD- (AP83),29,87082999,K
0349991,7908004611235,ACAB INF MOLD LANT TRAS GOL G3 00/05 PRIMER LE- (AP84),29,87082999,K
6033600,7898604071235,ALCA TETO CELTA/CORSA/PRISMA/VECTRA DIANT/TRAS LD/LE GELO- (B030),32,87082999,K
0535540,7898937190917,APLIQUE CROM RETROV PALIO/SIENA/STRADA 04/ LD- (06.012),39,87082999,K
0535541,7898937190924,APLIQUE CROM RETROV PALIO/STRADA/SIENA 04/ LE- (06.013),20,87082999,K
0496430,7898359800555,APOIA BRACO CHEVETTE/OPALA/MONZA PEQ S/FRISO- (1652),48,87082999,K
0050500,7898653810083,APOIA BRACO FUSCA/BRASILIA 78/82- (3017),15,87082999,K
0050600,7898604071167,APOIA BRACO FUSCA/GOL/VOY/PAR 83/86 1000 PLASTICO- (B173),24,87082999,K
0496433,7898359800593,APOIA BRACO GOL/PAR/SAV 85/94 CZA LD/LE- (1655CZ),74,87082999,K
0496436,7898359800586,APOIA BRACO GOL/VOY/PAR/SAV 85/94  PRETO LD/LE- (1655),80,87082999,K
0110600,7898300210792,ARO FAROL BRASILIA/VARIANT 73/82 PRATA LD,63,87082999,K
0110500,7898300210808,ARO FAROL BRASILIA/VARIANT 73/82 PRATA LE,63,87082999,K
0112000,7898300213182,ARO FAROL CORCEL II/BELINA II 78/80 PTO LD- (J40464),53,87082999,K
0111900,7898300213199,ARO FAROL CORCEL II/BELINA II 81/84  PTO LE- (J40465),58,87082999,K
0112600,7898300212970,ARO FAROL DELREY/BELINA 85/91 PAMPA /97 PTO PLAST LD- (J40441),50,87082999,K
0112500,7898300212987,ARO FAROL DELREY/BELINA 85/91 PAMPA /97 PTO PLAST LE- (J40442),50,87082999,K
0110000,7898282143477,ARO FAROL FUSCA 63/72 KOMBI /75 MB 1113 CROM LD/LE- (347),160,87082999,K
0157130,7892721313698,ARO FAROL FUSCA 76/96 KOMBI CLIPP 76/14 CROM 1 FURO LD/LE- (348),23,87082999,K
0111200,7898300211003,ARO FAROL PASSAT 79/88 PTO LD- (J10117),71,87082999,K
0111100,7898300211010,ARO FAROL PASSAT 79/88 PTO LE- (J10118),74,87082999,K
6060800,7908004603858,ASSENTO VARETA CAPO OMEGA/SUPREMA- (AP356),7,87082999,K
0265000,7908227700969,BAGAGITO FUSCA 59/96 COURVIM MOD ORIG- (1901-O),68,87082999,K
0278130,,BAGAGITO UNO 84/14 PTO TEXT PLAST- (29),88,87082999,K
6030302,,BATENTE CAPO UNO/PREMIO GRANDE 10PCS- (RD-7046),34,87082999,K
1425713,7899016307479,BATENTE PT FIORINO 80/16 SUP/INF TRAS- (7488),15,87082999,K
1421702,7908283702167,BATENTE TAMPA TRAS SAVEIRO BOLA/G3 97/05 LD- (442),31,87082999,K
1421701,7908283702150,BATENTE TAMPA TRAS SAVEIRO BOLA/G3 97/05 LE- (441),31,87082999,K
0498882,7908019404587,BOLA CAMBIO PVC MOD ORIG 206 LENTE PRATA- (GBC033),18,87082999,K
0528606,7908019404754,BOLA CAMBIO PVC MOD ORIG C4 PICASSO/XSARA/C3 LENTE PRATA- (GBC050),18,87082999,K
0528604,7908019404730,BOLA CAMBIO PVC MOD ORIG FOX/CROSSFOX/SPACEFOX CROM- (GBC048),23,87082999,K
1204500,,BORBOLETA MAQ VIDRO VW SEDAN- (60517),4,87082999,K
6005900,,BORR GRAMPO PAPELAO PT/LAT FUSCA 100PCS- (D.14),23,87082999,K
0515300,7898156370190,BOTAO BUZINA KOMBI- (AP019),13,87082999,K
6030801,7898932072454,BUCHA FAROL CELTA/CORSA/S10/VECTRA BRANCO- (P80B),52,87082999,K
6003502,7899822003657,BUCHA FECHADURA FOX/GOL/SAV PRETO- (P309),2,87082999,K
1001015,7899822001899,BUCHA FORRO PT PALIO 08/ DOBLO 10/ TIPO 93/97 STILO /11 PTO- (P276),64,87082999,K
6023400,7898932072775,BUCHA MOLD P/LAMA BERLINGO 01/ C4 08/ C4 PICASSO XSARA- (P104),61,87082999,K
6032002,7899822000489,BUCHA P/LAMA /P/CHOQUE AGI/AST/CELT/CORS/KADET/MONT/PRIS/SIL- (P166),2,87082999,K
1305320,7908283700804,BUCHA TRILHO PT LAT KOMBI 97/13- (103),7,87082999,K
0272101,7893707001240,CAIXA PT LUVAS FUSCA PLAST- (RD-1163),98,87082999,K
2991029,,CALHA CHUVA ACO INOX VW PAR- (020L),64,87082999,K
0380100,7898282143033,CALHA CHUVA BRASILIA PLAST- (303),34,87082999,K
0392410,7896880711760,CALHA CHUVA DUCATO 97/15 ADAPT JUMPER/BOXER 01/ 2P- (24.019),79,87082999,K
0390900,,CALHA CHUVA FOX/CROSS 03/ SPACEFOX 06/ 4P- (22.009),143,87082999,K
0386800,7896880705110,CALHA CHUVA GOL/VOY/PAR/SAV 88/94 2P- (22.001),151,87082999,K
0388700,7896880708845,CALHA CHUVA IDEA 05/15 4P- (24.012),189,87082999,K
0391300,7896880710534,CALHA CHUVA KOMBI 07/13 2P- (22.012),120,87082999,K
0380900,7898282143095,CALHA CHUVA KOMBI CLIPPER 2P PLAST- (309),34,87082999,K
0381400,7898282143118,CALHA CHUVA MONZA 2P PLAST- (311),74,87082999,K
2991047,,CALHA CHUVA VW FUSCA C/LOGO INOX- (020VW),64,87082999,K
0229917,7898334716765,CALOTA CENTRO RODA CORSA WIND PTA- (6277),20,87082999,K
0012693,,CAPA BANCO BAIXO LINHA UNIV CZA S/ESPUMA- (1700CSE-O),140,87082999,K
0012695,7908227706473,CAPA BANCO BAIXO LINHA UNIV PTO S/ESPUMA- (1701PSE-O),140,87082999,K
0190310,,CAPA RETROV CORSA 94/16 TEXT LD- (J85005),28,87082999,K
0116612,,CAPA RETROV FIESTA 03/ KA 08/13 PTO LD- (6370),10,87082999,K
0116611,,CAPA RETROV FIESTA 03/ KA 08/13 PTO LE- (6369),10,87082999,K
8911097,,CAPA RETROV GOL/PAR/SAV BOLA 95/99 PINTADO LD- (6304),20,87082999,K
8911868,,CAPA RETROV GOL/PAR/SAV BOLA 95/99 PINTADO LE- (6303),24,87082999,K
0116602,,CAPA RETROV PALIO 04/10 PTO LD- (6340),28,87082999,K
0116601,,CAPA RETROV PALIO 04/10 PTO LE- (6339),28,87082999,K
0447600,7898166520479,CATA VENTO FUSCA CAPO- (3024),13,87082999,K
0039000,7898325940469,CHAPINHA FIXACAO DESC BRACO FUSCA- (EPW-046),12,87082999,K
0445902,,COBERTURA CAIXA VENTILACAO GOL/PAR/SAV G2 95/- (HS125),58,87082999,K
0446500,7898395920132,COLETOR INT AGUA TAMPA MOTOR FUSCA MORCEGAO- (HS030),79,87082999,K
0020288,,CONSOLE CENTRAL STRADA FS 3/4 08/20 PALIO FS2 04/17 CZA- (100169064),80,87082999,K
0011300,7898395920965,CONSOLE PASSAT/POINTER 85/89 ABERTO PTO- (HS028F),255,87082999,K
0450100,7898395920064,CONSOLETE BRASILIA 78/82 C/COIFA- (HS012),93,87082999,K
0450400,7898395920118,CONSOLETE CHEVETTE/MARAJO 82/87 PTO S/COIFA- (HS-017),77,87082999,K
0450500,7898395920101,CONSOLETE FIAT 147 77/85 PRETO C/COIFA- (HS-016),28,87082999,K
0450000,7898395920040,CONSOLETE FUSCA 71/96 C/COIFA,74,87082999,K
0011318,7898395920910,CONSOLETE GOL/VOY/PAR/SAV 87/94 ALTO PTO- (HS026),175,87082999,K
8911680,0339289116806,DIFUSOR AR LAT/CENTRAL PALIO 04/17 FASE 2- (100213127),16,87082999,K
1319800,,DOBRADICA TAMPA MOTOR KOMBI /97- (LC105),13,87082999,K
2625384,7899622605402,EMBLEMA BOTTON CAL LOGO ANTIGO RENAULT 48MM PTO 4PCS RESINAD- (25140),13,87082999,K
2625340,7899622606201,EMBLEMA BOTTON CAL LOGO FIAT 48MM VERM BORDA CROM 4PCS RESIN- (25418),28,87082999,K
2625341,7899622606355,EMBLEMA BOTTON CAL LOGO FIAT 48MM VERM BORDA PTO 4PCS RESINA- (25518),29,87082999,K
2625346,7899622604603,"EMBLEMA BOTTON CAL LOGO FORD 44,5MM AZUL OVAL 4PCS RESINADO- (25008)",12,87082999,K
2625361,7899622604795,EMBLEMA BOTTON CAL LOGO GM 51MM PTA 4PCS RESINADO- (25027),18,87082999,K
2625368,7899622606287,EMBLEMA BOTTON CAL LOGO GM 68MM BORDA PTO 4PCS RESINADO- (25507),26,87082999,K
2625370,7899622605044,EMBLEMA BOTTON CAL LOGO HONDA 48MM PTO 4PCS RESINADAS- (25064),12,87082999,K
2625398,7899622606096,EMBLEMA BOTTON CAL LOGO VW 58MM BORDA CROM 4PCS RESINADO- (25401),32,87082999,K
2625405,7899622604979,EMBLEMA BOTTON CAL LOGO VW 90MM PTO 4PCS S/RESINA- (25053),36,87082999,K
2769300,7898472280449,EMBLEMA LOGO CAPO FIAT PALIO 95/00 CROM FUNDO AZUL- (00558A),28,87082999,K
2777911,7898472285598,EMBLEMA LOGO GRADE FIAT DOB/IDE/PAL/PUNT MALA WKND/SIENA 08- (13024),48,87082999,K
2778030,7898472280951,EMBLEMA LOGO GRADE FIAT PALIO 04/ UNO/FIO 05/ IDEA MALA AZUL- (13003),36,87082999,K
2777912,7898472285604,EMBLEMA LOGO GRADE FIAT UNO/PALIO /08 STR MALA IDEA/PUNTO- (13025),42,87082999,K
2737323,7898472285321,EMBLEMA LOGO GRADE GM GRAVATA CELTA /06 C/DOURADO- (08241D),55,87082999,K
2737330,7898472285383,EMBLEMA LOGO GRADE GM GRAVATA CELTA 00/03 C/DOURADO- (08035D),34,87082999,K
2737311,7898472276534,EMBLEMA LOGO GRADE GM GRAVATA CELTA 00/03 CROM- (08035),28,87082999,K
2737600,7898472288155,EMBLEMA LOGO GRADE GM GRAVATA CELTA 06/12 PRISMA- (08604),36,87082999,K
2808061,7898472287288,EMBLEMA LOGO GRADE GM GRAVATA CLASSIC/VECTRA 09/ C/PINO- (08600),37,87082999,K
2710200,7898472274219,EMBLEMA LOGO GRADE GM GRAVATA CORSA /96 ACR PTO/CZA- (00616),40,87082999,K
2737388,7898472285376,EMBLEMA LOGO GRADE GM GRAVATA CORSA 96/99 CELTA 99/01- (08260),15,87082999,K
2743129,7898472276732,EMBLEMA LOGO GRADE GM GRAVATA CORSA/MONTANA 02/ CROM- (08211),45,87082999,K
2702400,7898472273434,EMBLEMA LOGO GRADE GM GRAVATA MONZA 82/90 BORDA PTO,13,87082999,K
2708300,7898472274028,EMBLEMA LOGO GRADE GM GRAVATA MONZA/KADETT MALA VECT /96 ACR- (00607),32,87082999,K
2737300,7898472276411,EMBLEMA LOGO GRADE GM GRAVATA VECTRA/KADETT/IPAN 96/01 CROM- (08023),21,87082999,K
2777900,7898472280722,"EMBLEMA LOGO GRADE PALIO/BRAVA/MAREA/UNO 01/03 6,3CM- (00580)",37,87082999,K
2605800,7898472270594,EMBLEMA LOGO GRADE VW 91/95 CROM- (00400),8,87082999,K
2610600,7898472271096,EMBLEMA LOGO GRADE VW 96/- (00441),10,87082999,K
2636530,7898472272956,EMBLEMA LOGO GRADE VW G3 CROM- (09620),31,87082999,K
2636599,7898472287271,EMBLEMA LOGO GRADE VW GOL G5 08/12 VOY KOMBI 09/14- (09648),50,87082999,K
2603300,7898472270341,EMBLEMA LOGO GRADE VW GOL/VOY/BRAS/PASSAT 84/90 CROM- (00330C),7,87082999,K
2741242,,EMBLEMA LOGO GRADE VW GOL/VOY/SAV G6/7/8 POLO 12/15 CROM- (09682),36,87082999,K
2636900,7898472273069,EMBLEMA LOGO GRADE VW GOLF SERIE 4 99/- (09631),48,87082999,K
2605000,7898472270518,EMBLEMA LOGO GRADE VW SANTANA /90 CROM- (00342),23,87082999,K
2778038,7898472280982,EMBLEMA LOGO GRADE/MALA FIAT UNO FIRE 01/04- (13006),31,87082999,K
2337365,7898472287622,EMBLEMA LOGO MALA GM CORSA CLASSIC/MERIVA 09/- (08602),50,87082999,K
2743136,7898472276657,EMBLEMA LOGO MALA GM GRAVATA ASTRA 02/03 CROM- (08203),28,87082999,K
2737379,7898472285130,EMBLEMA LOGO MALA GM GRAVATA CEL /06 GRADE VECT/KAD 97/01 DR- (08251),20,87082999,K
2737318,7898472285215,EMBLEMA LOGO MALA GM GRAVATA CELTA /06 C/DOURADO- (08214D),45,87082999,K
2737350,7898472285093,EMBLEMA LOGO MALA GM GRAVATA CELTA/PRISMA 07/13 CROM/DOURADO- (08236),48,87082999,K
2737700,7898472276459,EMBLEMA LOGO MALA GM GRAVATA CORSA SEDAN 96/01 CROM- (08027),36,87082999,K
2735100,7898472276190,EMBLEMA LOGO MALA GM GRAVATA KADETT/IPANEMA 96/- (08001),28,87082999,K
2602100,7898472270228,EMBLEMA LOGO MALA VW /91 STAR BRILHANTE- (00319),10,87082999,K
2636546,7898472273175,EMBLEMA LOGO MALA VW CROM GOL/VOY G5 POLO 12/15- (09643),40,87082999,K
2630000,7898472272093,EMBLEMA LOGO MALA VW CROM- (09000),31,87082999,K
2610400,7898472271072,EMBLEMA LOGO MALA VW GOL 95/99 BOLA- (00440),23,87082999,K
2636531,7898472272994,EMBLEMA LOGO MALA VW GOL G3/G4 SAVEIRO G4 CROM- (09624),28,87082999,K
2611100,7898472271140,EMBLEMA LOGO MALA VW KOMBI 97/- (00444),36,87082999,K
2611300,7898472271164,EMBLEMA LOGO MALA VW PARATI 97/- (00445),24,87082999,K
2608900,7898472270914,EMBLEMA LOGO MALA VW SANTANA/GOLF 91/96 CROM- (00428),24,87082999,K
2610900,7898472271126,EMBLEMA LOGO PAINEL VW KOMBI 97/ P/MALAS SAV 97/ CROM- (00443),52,87082999,K
2600700,7898472270082,EMBLEMA LOGO PORTA-MALAS VW GOL 83/90 SANTANA PEQUENO- (00307),8,87082999,K
2991009,7898969577090,ESPELHO MACANETA INT.PORTA VW FUSCA 70/86 CROM (PAR)- (037),28,87082999,K
2991026,,ESTRIBINHO (ALUMINIO) INT.PORTA VW FUSCA 1600 (PAR)- (006-1600),80,87082999,K
2991024,7898969577175,ESTRIBINHO (ALUMINIO)INT.PORTA VW FUSCA 1500(PAR)- (006VW1500),80,87082999,K
2991022,,ESTRIBINHO INT PORTA VW FUSCA 1300(ALUMINIO)(PAR)- (006-1300),82,87082999,K
0465700,7899902202819,ESTRIBO FUSCA CROM INOX S/FRISO LE- (001961),218,87082999,K
0465800,,ESTRIBO FUSCA CROMADO INOX S/FRISO LD- (001962),178,87082999,K
0465200,7899902202598,ESTRIBO FUSCA PTO C/FRISO ALUMINIO LD- (001996),303,87082999,K
0465100,7899902202581,ESTRIBO FUSCA PTO C/FRISO ALUMINIO LE- (001995),303,87082999,K
0465600,7899902202611,ESTRIBO FUSCA PTO S/FRISO LD- (001924),128,87082999,K
0465500,7899902202604,ESTRIBO FUSCA PTO S/FRISO LE- (001923),128,87082999,K
1274905,7908283701450,FECHADURA TAMPA TRAS FIORINO 80/16 FERROLHO SUP LE INF LD/LE- (301),31,87082999,K
1274906,7908283701443,FECHADURA TAMPA TRAS FIORINO BAU 80/16 FERROLHO SUP LD- (300),32,87082999,K
0313800,7898652030611,FRISO FAROL SANTANA/QUANTUM 92/ LD- (7076),12,87082999,K
0313700,7898652030628,FRISO FAROL SANTANA/QUANTUM 92/ LE- (7077),12,87082999,K
0314000,7898652030437,FRISO GRADE GOL/VOY/PAR/SAV 87/90 INF LD- (7056),12,87082999,K
0313900,7898652030444,FRISO GRADE GOL/VOY/PAR/SAV 87/90 INF LE- (7057),12,87082999,K
0314200,7898652030413,FRISO GRADE GOL/VOY/PAR/SAV 87/90 SUP LD- (7054),12,87082999,K
0314100,7898652030420,FRISO GRADE GOL/VOY/PAR/SAV 87/90 SUP LE- (7055),12,87082999,K
0349951,7898652030123,FRISO GRADE UNO/PREMIO/ELBA/FIORINO 91/95 KIT 5 PCS CURTO- (7020),24,87082999,K
2991032,,GRADINHA OVAL BUZINA VW FUSCA /70 ALUMINIO (PAR)- (022),31,87082999,K
6023801,7898932071624,GRAMPO CALHA PT PALIO 96/17 STRADA 98/16 SIENA 98/16 CLIO- (P34CT),47,87082999,K
1001039,7899822007808,GRAMPO CAPO CIVIC 94/19 FIT 04/19 RAV4 01/05- (P448),314,87082999,K
6050107,7899822008188,GRAMPO CARPETE CELTA/CORSA/MONTANA/ONIX CZA- (P460),172,87082999,K
1001042,7899822007525,GRAMPO CARPETE GOL/SAV/VOY- (P424),111,87082999,K
6000072,7899822002261,GRAMPO COLUNA INT FOX/GOL/SAV- (P282),4,87082999,K
6000067,7899822001912,GRAMPO COLUNA INT GM/RENAULT PRETO C/METAL- (P278),4,87082999,K
6000400,7899822000175,GRAMPO FORRO PT FOX/GOL/SAV/CAMINHAO VW- (P136),2,87082999,K
6000009,7898932071334,GRAMPO FORRO PT LINHA VW 86/98 DAILY/STRALIS/ACTROS NYLON- (P19ACT),2,87082999,K
6000401,7898932071358,GRAMPO FORRO PT LINHA VW 86/98 DAILY/STRALIS/ACTROS PEAD- (P19BCT),2,87082999,K
1001093,7899822003725,GRAMPO FORRO/CARPETE FOX 03/17 POLO 03/15 JETTA 05/10- (P316),21,87082999,K
6040500,,GRAMPO FRISO LAT DEL REY/BELINA/PAMPA INF- (0019),2,87082999,K
6040400,,GRAMPO FRISO LAT DEL REY/BELINA/PAMPA SUP- (0011),2,87082999,K
6002700,7898932071037,GRAMPO FRISO LAT FUSCA/VARIANT/GOLF/JETTA- (P03CT),2,87082999,K
6050023,7898932072683,GRAMPO FRISO LAT HYUNDAI/KIA BRANCO- (P97),95,87082999,K
6040220,7898932072973,GRAMPO GRELHA CHURRASQ/P/CHOQUE COROLLA/ETIOS/HILUX- (P119),141,87082999,K
1001128,7899822007075,GRAMPO MOLD P/LAMA MONTANA 11/17 S10 12/17- (P394),26,87082999,K
1322602,7895272605052,GRAMPO P/ MANIVELAS- (60505),2,87082999,K
6015952,7899822009987,GRAMPO P/BARRO GM/AUDI/MB/VW/XC60- (P46CT),31,87082999,K
1001144,7899822007129,"GRAMPO P/BARRO HILUX C 16,7MM B 13,5MM A 6,8MM- (P399)",23,87082999,K
6040210,7898932072898,GRAMPO P/CHOQUE ACCORD/CITY/CIVIC/CRV/FIT/LEGEND- (P111),96,87082999,K
6040223,7899822000038,GRAMPO P/CHOQUE CAPTIVA/ CIVIC/BMW/MINI- (P124),95,87082999,K
6050042,7899822000427,GRAMPO PARABARRO COROLLA/CAMRY/4RUNNER/HILUX- (P160),144,87082999,K
6050142,7899822008942,GRAMPO PONTA VARETA CAPO CROSSFOX/FOX/SPACEFOX- (P503-),5,87082999,K
6000398,7898932070450,GRAMPO TESOURINHA PT FUSCA/KOMBI/VW LEVE- (T17),2,87082999,K
6031100,7898932071761,GRAMPO TETO CELTA 01/18 CORSA 02/12 CLASSIC 94/18 CZA- (P43),2,87082999,K
6010000,7898932071099,GRAMPO TRILHO BANCO GOL/SAV/VOY MODERNO CAVEIRINHA- (P07),2,87082999,K
6050127,7899822008416,GRAMPO VARETA CAPO CELTA/CORSA/PRISMA/VECTRA- (P483),5,87082999,K
1001196,7899822007044,GRAMPO VARETA CAPO CIVIC 93/17 FIT 03/08 CRV 00/01 CRX 93/95- (P391),4,87082999,K
0447400,7898653810144,GUIA LAT P/CHOQUE GOL/VOY/PAR/SAV 87/94 DIANT LD/LE- (3022),7,87082999,K
1480814,7895272204200,GUIA VIDRO PT SEDAN- (20420),15,87082999,K
0502306,,HASTE FECH PT UNO/MILLE 85/13 ELBA 85/04 C/PINO LD- (50003052),15,87082999,K
1001204,7899822007419,KIT FIX CABO VELA GM MOTOR 1.8 3PCS (1 VIA+2 VIAS+3 VIAS)- (K39),13,87082999,K
2769000,7898472280388,LETREIRO (1.0 MPI) FIAT CROM FUNDO AZUL- (00555A),16,87082999,K
2743200,7898472285024,LETREIRO (1.4) CELTA/CORSA/PRISMA 07/ CROM- (08231),13,87082999,K
2769100,7898472280401,LETREIRO (1.5 MPI) FIAT 95/00 FUNDO AZUL/CROM- (00556A),15,87082999,K
2653200,7898472277500,LETREIRO (1.6) FORD MODERNO 83/94 CROM- (00217B),4,87082999,K
2636511,7898472272871,LETREIRO (1.6) GOL G3 CROM- (09612),16,87082999,K
2608700,7898472270891,LETREIRO (1.6) VW /96- (00426),7,87082999,K
2702900,7898472273489,LETREIRO (1.6/S) CHEVETTE 82/95- (00116),7,87082999,K
2707300,7898472273939,LETREIRO (1.8) KADETT/MONZA/IPANEMA 91/96 CZA- (00603),5,87082999,K
2778028,7898472280906,LETREIRO (1.8) PALIO/SIENA/STRADA G2/G3- (00598),12,87082999,K
2736200,7898472276305,LETREIRO (2.0) VECTRA/KADETT 96/01 CROM- (08012),16,87082999,K
2636509,7898472272857,LETREIRO (2.0) VW G3 CROM- (09610),15,87082999,K
2607600,7898472270785,LETREIRO (BRASILIA) 91/96- (00415),8,87082999,K
2608800,7898472270907,LETREIRO (CATALISADOR) VW 91/96- (00427),12,87082999,K
2741411,7898472276879,LETREIRO (CELTA) 06/ CROM- (08227),29,87082999,K
2741400,7898472276497,LETREIRO (CELTA) 2000 CROM- (08031),16,87082999,K
2702500,7898472273441,LETREIRO (CHEVETTE) MANUSCRITO- (00113),4,87082999,K
2703700,7898472273564,LETREIRO (CHEVROLET) 74/80 MANUSCRITO CZA- (00120),8,87082999,K
2701400,7898472273335,LETREIRO (CHEVROLET) OPALA/MONZA 82/90 CROMADO- (00107B),12,87082999,K
2701300,7898472273328,LETREIRO (CHEVROLET) OPALA/MONZA 82/90 CZA- (00107),8,87082999,K
2706800,7898472273885,LETREIRO (CHEVROLET) OPALA/MONZA/KADETT 91/96 CROM- (00601B),10,87082999,K
2606700,7898472270693,LETREIRO (CL) GOL/VOY/PAR 91/96- (00407),7,87082999,K
2743179,7898472276855,LETREIRO (CLASSIC) CORSA /04 PEQUENO CROM- (08223),8,87082999,K
2743202,7898472285062,LETREIRO (CORSA) 07/ CROM- (08233),28,87082999,K
2735600,7898472276244,LETREIRO (CORSA) 96/01 CROM- (08006),20,87082999,K
2800301,7898472289480,LETREIRO (ECONOMY) FIAT /11 CROM- (13044),29,87082999,K
2625447,,LETREIRO (ECOTEC 6 SPEED)- (08657),15,87082999,K
2778005,7898472280753,LETREIRO (ELX) PALIO/SIENA G2/G3 CROM- (00583),13,87082999,K
2778008,7898472280784,LETREIRO (FIRE) PALIO/SIENA G2/G3 CROM- (00586),15,87082999,K
2600091,7899622600681,LETREIRO (FOX) 12/ CROM- (09659),26,87082999,K
2636540,7898472273144,LETREIRO (FOX) G3 /11 CROM- (09639),23,87082999,K
2600200,7898472270037,LETREIRO (FUSCA) 84/90 CURVO AUTO RELEVO- (00303),8,87082999,K
2607500,7898472270778,LETREIRO (FUSCA) 91/96 CURVO CROM- (00414),7,87082999,K
2735900,7898472276275,LETREIRO (GLS) GM 96/01 CROM- (08009),15,87082999,K
2632800,7898472272376,LETREIRO (GOL) /97 ESCOVADA- (09501),8,87082999,K
2636504,7898472272796,LETREIRO (GOL) G3 CROM- (09604),20,87082999,K
2634511,7898472272703,LETREIRO (GOLF) 96/97 ESCOVADO- (09518),5,87082999,K
2636502,7898472272772,LETREIRO (GOLF) G3 CROM- (09602),20,87082999,K
2633300,7898472272475,LETREIRO (I) VW 97/ INJECAO ELETRONICA VERM ESCOVADA- (09506),7,87082999,K
2709300,7898472274127,LETREIRO (KADETT) 91/96 CZA- (00612),10,87082999,K
2633200,7898472272451,LETREIRO (M) VW /97 ESCOVADA- (09505),7,87082999,K
2763700,7898472279764,LETREIRO (MILLE) ALVORADA 93/95 CROM FUNDO AZUL- (00524A),12,87082999,K
2743150,7898472276794,LETREIRO (MONTANA) 03/06 CROM- (08217),15,87082999,K
2600083,7899622600384,LETREIRO (ONIX) CROM- (08635),29,87082999,K
2768800,7898472280340,LETREIRO (PALIO EDX) 95/00 CROM FUNDO AZUL- (00553A),18,87082999,K
2778016,7898472280647,LETREIRO (PALIO ELX) 95/00 CROM FUNDO AZUL- (00572A),15,87082999,K
2778001,7898472280746,LETREIRO (PALIO) G2/G3 2000 CROM- (00582),26,87082999,K
2632700,7898472272352,LETREIRO (PARATI) 97 ESCOVADA- (09500),7,87082999,K
2636535,7898472273106,LETREIRO (POLO) G3 /16 CROM- (09635),10,87082999,K
2652400,7898472277425,LETREIRO (REY) MODERNO CINZA- (00213),4,87082999,K
2607200,7898472270747,LETREIRO (SANTANA) 91/96- (00411),8,87082999,K
2634400,7898472272659,LETREIRO (SAVEIRO) 97/ ESCOVADA- (09514),4,87082999,K
2762400,7898472279627,LETREIRO (UNO MILLE) 84/95 FUNDO AZUL- (00517A),12,87082999,K
2761000,7898472279481,LETREIRO (UNO-CS) 84/95 FUNDO AZUL- (00508A),8,87082999,K
2762300,7898472279610,LETREIRO (UNO-MILLE) 84/95- (00517),8,87082999,K
2761200,7898472279504,LETREIRO (UNO-SX) 84/95 FUNDO AZUL- (00509A),8,87082999,K
2777923,7898472287967,LETREIRO (UNO) 11/ CROM- (13033),34,87082999,K
2743148,7898472276718,LETREIRO (VECTRA) 02/03 CROM- (08209),29,87082999,K
2736500,7898472276336,LETREIRO (VECTRA) 96/01 CROM- (08015),21,87082999,K
2743140,7898472276770,LETREIRO (VHC) CELTA 02/ CROM- (08215),21,87082999,K
2743195,7898472288131,LETREIRO (VHCE) CELTA CROM E VERDE- (08629),21,87082999,K
2632500,7898472272345,LETREIRO (VOLKSWAGEN) FUSCA 58/69 MANUSCRITO CROM- (09025),26,87082999,K
2606200,7898472270648,LETREIRO (VOYAGE) 90/95- (00402),10,87082999,K
2778010,7898472280814,LETREIRO (WEEKEND) PALIO G2/G3 CROM- (00589),15,87082999,K
2740969,,LETREIRO VINIL (4X4) L200 OUTDOOR HPE/GLS 08/12 RESINADO- (06966),12,87082999,K
2741355,7898472287349,LETREIRO VINIL (ECONO.FLEX) VERDE- (01074),16,87082999,K
2778040,7898472281262,LETREIRO VINIL (FLEX) FIAT 04/09 RESINADO- (07175),8,87082999,K
2740970,,LETREIRO VINIL (GLS) L200 08/12 OUTDOOR RESINADO- (06967),10,87082999,K
2621800,7898472271454,LETREIRO VINIL (GOL 1000) 95 LARANJA ORIG- (04019),10,87082999,K
2740966,,LETREIRO VINIL (L200) OUTDOOR GLS 08/12 RESINADO- (06963),20,87082999,K
2741358,7898472287691,LETREIRO VINIL (LIFE) 07/ GM RESINADO- (06732),7,87082999,K
2741360,7898472287714,LETREIRO VINIL (SPIRIT) 07/ GM RESINADO- (06734),8,87082999,K
2743164,7898472275780,LETREIRO VINIL (SPORT) MONTANA VERM RESINADO- (07165),10,87082999,K
1448271,,LIMITADOR PT CLIO 99/17 DIANT LD/LE- (MR-1722),84,87082999,K
1448004,,LIMITADOR PT GOL BOLA 2 FUROS DIANT LD/LE- (MR-3516),64,87082999,K
1448002,,LIMITADOR PT GOL G3/G4 TRAS LD/LE- (MR-1507),80,87082999,K
1448203,,LIMITADOR PT PALIO/WEEKEND G1 FASE 1 01/07 DIANT LD/LE- (MR-5005),61,87082999,K
0012391,7898594482066,MACANETA INT PT CELTA 00/06 2/4P PTO DIANT/TRAS LD- (10711),29,87082999,K
0012392,7898594482073,MACANETA INT PT CELTA 00/06 2/4P PTO DIANT/TRAS LE- (10712),29,87082999,K
1371207,7898594480758,MACANETA INT PT PALIO/SIENA/STRADA 04/18 GFT DIANT LD- (11617),36,87082999,K
1371206,7898594480741,MACANETA INT PT PALIO/SIENA/STRADA 04/18 GFT DIANT LE- (11618),36,87082999,K
1300900,,MANIVELA VIDRO VARIANT I/TL/MB 1113 CROM- (LC013),12,87082999,K
6003817,7898932071907,MANOPLA BANCO ASTRA/CORSA/KADETT/OMEGA/VEC/ZAFIRA PTO- (P55P),4,87082999,K
0530007,7898932072256,MANOPLA BANCO CELTA 01/14 PRISMA 07/12 PTO C/TAMPA- (P67P),5,87082999,K
6016455,7898932072768,MANOPLA BANCO GOL/VOY/PAR/SAV 06/19 FOX/AMAROK 10/17 PTO- (P103P),5,87082999,K
0530002,7898932070962,MANOPLA BANCO KADETT 94/98 MONZA 94/96 OMEGA 93/98 GFT C/TAM- (K01GR),5,87082999,K
0530001,7899577802093,MANOPLA BANCO KADETT 94/98 MONZA 94/96 OMEGA 93/98 PTO C/TAM- (K01P),7,87082999,K
1240200,7898236751086,MAQ VIDRO CHEVETTE/HATCH/MARAJO /82 2P MANUAL LD- (R-3112D),29,87082999,K
1241600,7898236751109,MAQ VIDRO CHEVETTE/HATCH/MARAJO 83/ 2P MANUAL LD- (R-3112D 83),39,87082999,K
1241500,7898236751116,MAQ VIDRO CHEVETTE/HATCH/MARAJO 83/ 2P MANUAL LE- (R-3112E 83),39,87082999,K
1200400,7898236751796,MAQ VIDRO FUSCA 71/ MANUAL LD- (R-4108D),50,87082999,K
1200300,7898236751802,MAQ VIDRO FUSCA 71/ MANUAL LE- (R-4108E),50,87082999,K
1200700,7898236751642,MAQ VIDRO KOMBI CLIPPER 75/07 PARAFUSO MANUAL LE- (R-4171E),68,87082999,K
1205300,7898236751895,MAQ VIDRO VOYAGE 88/95 4P PINO LONGO MANUAL DIANT LE- (R-4103E 4D),50,87082999,K
7080684,7898280520492,MOLA TRAVA CAPO INF CHEVETTE/MONZA/KADETT/VECTRA- (3002),15,87082999,K
0449996,,MOLD DIFUSOR AR GOL BOLA 95/99 PTO LE- (377857043999),32,87082999,K
0111400,7898300216213,MOLD FAROL PASSAT 83/88 PTO CENTRO/CROM PISCA EMBUTIDO LD- (J10334),82,87082999,K
0111500,7898300216206,MOLD FAROL PASSAT 83/88 PTO PISCA EMBUTIDO LE- (J10333),76,87082999,K
0531700,,MOLD GATILHO INT PT OPALA/CHEVETTE PTO- (0029),5,87082999,K
0531614,7898604071297,MOLD INT PT VIDRO CORSA 4P TRAS LD- (B103),23,87082999,K
0531613,7898604071280,MOLD INT PT VIDRO CORSA 4P TRAS LE- (B102),21,87082999,K
0018000,,MOLD P/LAMA CORSA 94/01 PTO TEXT DIANT LD- (163PDD),32,87082999,K
0018001,,MOLD P/LAMA CORSA 94/01 PTO TEXT DIANT LE- (163PDE),32,87082999,K
0018002,,MOLD P/LAMA CORSA HATCH 94/02 PTO TEXT TRAS LD- (163PTD),34,87082999,K
0141402,7908004604466,MOLD PISCA KOMBI CLIPPER 97/ LD- (AP424),7,87082999,K
0141401,7908004604473,MOLD PISCA KOMBI CLIPPER 97/ LE- (AP425),7,87082999,K
2991041,,MOLD PLACA DIANT VW FUSCA 70/ LUXO- (181D),159,87082999,K
7800821,7898559048986,MOLD RETROV UNO 2P EXTERNO LD- (2004),8,87082999,K
7800822,7898559048993,MOLD RETROV UNO 2P EXTERNO LE- (2005),8,87082999,K
7800819,7898559048962,MOLD RETROV UNO 2P INTERNO LD- (2002),8,87082999,K
7800820,7898559048979,MOLD RETROV UNO 2P INTERNO LE- (2003),8,87082999,K
7800825,7898559049020,MOLD RETROV UNO 4P EXTERNO LD- (2008),8,87082999,K
7800826,7898559049037,MOLD RETROV UNO 4P EXTERNO LE- (2009),8,87082999,K
7800823,7898559049006,MOLD RETROV UNO 4P INTERNO LD- (2006),8,87082999,K
7800824,7898559049013,MOLD RETROV UNO 4P INTERNO LE- (2007),8,87082999,K
1060000,7898395922457,PALHETA 10 DIANT FUSCA PARAF/BAIONETA/GANCHO- (GS001),18,87082999,K
6006770,7898932072195,PARAFUSO MOLD P/LAMA CORSA/MONTANA/SPORT/OMEGA/S10- (P65),103,87082999,K
2991045,7898969577748,PESTANA FAROL INOX VW FUSCA  C/LOGO- (019VW),40,87082999,K
2991044,,PESTANA FAROL INOX VW FUSCA LISA- (019L),40,87082999,K
2991014,7898969577144,POLAINA P/LAMA DIANT VW FUSCA ALUMINIO PAR- (002),32,87082999,K
2991017,7898969577151,POLAINA P/LAMA TRAS VW FUSCA ALUMINIO PAR- (005),32,87082999,K
6015940,,PORCA BORBOLETA BANCO KOMBI 10PCS- (900162),34,87082999,K
0446800,7898653810229,PORTINHOLA TANQUE CHEVETTE LD- (3027),28,87082999,K
0033300,,PROTETOR CARTER LOGUS 93/ S/AR- (BT-80),10,87082999,K
2991007,,PROTETOR INT PE COLUNA VW FUSCA INOX PAR- (024),44,87082999,K
0231600,7908227701393,QUEBRA SOL BRASILIA 78/82 PTO/BRANCO LD- (1026-O),69,87082999,K
0231500,7908227701164,QUEBRA SOL BRASILIA 78/82 PTO/BRANCO LE- (1025-O),69,87082999,K
0234200,,QUEBRA SOL CHEVETTE 81/82 PTO/BRANCO LD- (2028-O),60,87082999,K
0234100,,QUEBRA SOL CHEVETTE 81/82 PTO/BRANCO LE- (2027-O),60,87082999,K
0233205,7908227700440,QUEBRA SOL CORCEL II/BELINA II/PAMPA 78/84 PTO/GELO LE- (3017-O),55,87082999,K
0230400,,QUEBRA SOL FUSCA 75/77 PRETO/BRANCO LD- (1006-O),26,87082999,K
0230300,,QUEBRA SOL FUSCA 75/77 PRETO/BRANCO LE- (1005-O),26,87082999,K
0230600,7908227700082,QUEBRA SOL FUSCA 78/86 CZA LD- (1014-O),69,87082999,K
0230500,7908227700075,QUEBRA SOL FUSCA 78/86 CZA LE- (1013-O),69,87082999,K
0230800,7908227700068,QUEBRA SOL FUSCA 78/86 PTO/BRANCO LD- (1010-O),64,87082999,K
0230700,7908227701102,QUEBRA SOL FUSCA 78/86 PTO/BRANCO LE- (1009-O),64,87082999,K
0236612,7908227701218,QUEBRA SOL GOL TAXI/CL/MI SAVEIRO 87/94 PTO/CZA LD/LE- (1058-O),48,87082999,K
0232400,7908227700792,QUEBRA SOL GOL/VOY/PAR/SAV 80/94 CZA C/ESPELHO LD- (1052-O),71,87082999,K
0232300,7908227700174,QUEBRA SOL GOL/VOY/PAR/SAV 80/94 CZA LE- (1049-O),63,87082999,K
0232800,7908227701195,QUEBRA SOL GOL/VOY/PAR/SAV 80/94 SALPICADO C/ESPELHO LD- (1056-O),96,87082999,K
0232700,7908227700013,QUEBRA SOL GOL/VOY/PAR/SAV 80/94 SALPICADO LE- (1053-O),88,87082999,K
0234400,7908227700228,QUEBRA SOL OPALA/CARAVAN 72/92 PTO/BRANCO LD- (2006-O),76,87082999,K
0234300,7908227701829,QUEBRA SOL OPALA/CARAVAN 72/92 PTO/BRANCO LE- (2005-O),76,87082999,K
0235800,7908227700525,QUEBRA SOL UNO STANDARD 84/02 GELO LD/E- (4013-O),50,87082999,K
0235900,7908227700501,QUEBRA SOL UNO STANDARD 84/02 PTO LD/E- (4011-O),53,87082999,K
2991000,7898969577137,REFORCO P/LAMA TRAS VW FUSCA BORBOLETA CROM PAR- (001),28,87082999,K
6030200,,RETENTOR LAT P/CHOQUE CORSA 94/00 4P DIANT LD- (8549),28,87082999,K
6030100,,RETENTOR LAT P/CHOQUE CORSA 94/00 4P DIANT LE- (8548),28,87082999,K
6035800,,RETENTOR LAT P/CHOQUE CORSA TRAS LE- (8551),13,87082999,K
7800697,7898259140423,RETROV FUSCA 75/78 RAQUETE CROMO/INOX ORIG LD D4042- (0001.0073),223,87082999,K
7800696,7898259140416,RETROV FUSCA 75/78 RAQUETE CROMO/INOX ORIG LE E4041- (0001.0074),223,87082999,K
7800699,7898259141079,RETROV FUSCA 79/86 RAQUETE C/PE FERRO ORIG LE E4107- (0001.0677),128,87082999,K
7800698,7898259141062,RETROV FUSCA 79/86 RAQUETE PTO C/PE FERRO ORIG LD- (0001.0678),154,87082999,K
0252600,7908227700907,REVESTIMENTO DIANT KOMBI CARAT 98/13 PTO OCULOS LD/LE,85,87082999,K
0252510,7908227700921,REVESTIMENTO DIANT KOMBI CLIPPER 76/97 PTO OCULOS 2FURO LD/E- (1158-O),74,87082999,K
0009902,,REVESTIMENTO PAINEL FUSCA /74 S/PERFIL/ESPUMA- (HS001),68,87082999,K
0009903,,REVESTIMENTO PAINEL FUSCA 75/81 S/PERFIL/ESPUMA- (HS002),76,87082999,K
0009904,,REVESTIMENTO PAINEL FUSCA 82/94 S/PERFIL/ESPUMA- (HS003),64,87082999,K
0254110,,REVESTIMENTO PT DIANT 147 PTO PAR LD/LE- (4101-O),96,87082999,K
0251510,,REVESTIMENTO PT DIANT BRASILIA 78/ PTO (PAR) LD/LE- (1148-O),108,87082999,K
0253710,7908227700976,REVESTIMENTO PT DIANT CHEVETTE 73/94 PTO PAR LD/LE- (2121-O),92,87082999,K
0250110,7908227700853,REVESTIMENTO PT DIANT FUSCA 59/77 PTO (PAR) LD/LE- (1120-O),112,87082999,K
0250510,7908227700877,REVESTIMENTO PT DIANT FUSCA 78/96 PTO (PAR)LD/LE- (1132-O),122,87082999,K
0258410,7908227700952,REVESTIMENTO PT DIANT GOL 87/94 CZA PAR LD/LE VINIL- (1176-O),148,87082999,K
0254710,7908227700945,REVESTIMENTO PT DIANT GOL 87/94 PTO PAR LD/LE VINIL- (1175-O),112,87082999,K
0252910,,REVESTIMENTO PT DIANT GOL/PAR/SAV/VOY 80/83 PTO PAR LD/LE- (1167-O),77,87082999,K
0252130,7908227700891,REVESTIMENTO PT DIANT KOMBI CARAT 98/14 PTO PAR LD/LE- (1151),146,87082999,K
0252110,7908227700914,REVESTIMENTO PT DIANT KOMBI CLIPPER 76/97 PTO C/FURO LD/LE- (1157-O),146,87082999,K
0250310,7908227700860,REVESTIMENTO PT TRAS FUSCA 59/77 PTO (PAR) LD/LE- (1123-O),80,87082999,K
0250710,,REVESTIMENTO PT TRAS FUSCA 78/96 PTO (PAR) LD/LE- (1133-O),80,87082999,K
0012200,,REVESTIMENTO SUP PT GOL/VOY/PAR/SAV 80/94 PTO OMBRE LD- (HS052),32,87082999,K
0012100,,REVESTIMENTO SUP PT GOL/VOY/PAR/SAV 80/94 PTO OMBRE LE- (HS053),32,87082999,K
0250910,,RODAPE FUSCA PTO (PAR)- (1101-O),36,87082999,K
0010900,7898395920149,SPOILER SAIA DIANT GOL/PAR/SAV/VOY 80/86 PTO- (HS-031),68,87082999,K
6049103,7899822010938,SUP Q/SOL MOBI/FIOR/UNO NOVO/PALIO/SIENA/STRADA GELO- (P587),5,87082999,K
1001301,7899822007853,SUPORTE DESCANSO HASTE CAPO GOL/VOY/PAR/SAV/SANT/QT- (P453),63,87082999,K
6050081,7899822001035,SUPORTE DESCANSO VARETA CAPO CORSA 02/12 MERIVA/MONT 04/18- (P214),5,87082999,K
1001302,7899822008447,SUPORTE DESCANSO VARETA CAPO FIORINO/UNO/PALIO/STR/DUCATO- (P486),5,87082999,K
7465800,,SUPORTE P/CHOQUE FUSCA 1200 DIANT LD/LE- (102),13,87082999,K
7460900,,SUPORTE P/CHOQUE FUSCA 79/ DIANT/TRAS FAFA LD/LE- (47),28,87082999,K
7465400,,SUPORTE P/CHOQUE FUSCA FECHADO DIANT LD- (94),28,87082999,K
7465500,,SUPORTE P/CHOQUE FUSCA FECHADO DIANT LE- (93),28,87082999,K
7465600,,SUPORTE P/CHOQUE FUSCA FECHADO TRAS LD- (98),28,87082999,K
7465700,,SUPORTE P/CHOQUE FUSCA FECHADO TRAS LE- (97),28,87082999,K
2991002,,SUPORTE PLACA DIANT VW /69- (150),36,87082999,K
2991003,,SUPORTE PLACA DIANT VW FUSCA 70/- (151),80,87082999,K
6049110,7899822013045,SUPORTE Q/SOL COBALT 16/ ONIX/ON PLUS 13/20 PRISMA 13/ GELO- (P665),5,87082999,K
6049052,7899822014523,SUPORTE Q/SOL PALIO 96/17 STRADA 96/24 WEEK 01/20 CZA 2PCS- (KPA0220001),7,87082999,K
6049053,7899822014530,SUPORTE Q/SOL PALIO 96/17 STRADA 96/24 WEEK 01/20 GELO 2PCS- (KPA0220002),7,87082999,K
1480000,,SUPORTE VIDRO FUSCA 59/96- (0100),7,87082999,K
0809665,7898672682395,TAMP RESER LIMP P/BRISA ONIX/PRIS/SPIN/CRU/COBAL/SONI/TRAC13- (E-0612),24,87082999,K
0445804,7908004605388,TAMPA BATERIA GOL/PAR/SAV G3/G4 COMPLEMENTO CHURRASQUEIRA- (AP521),84,87082999,K
0449903,,TAMPA RESERV OLEO FREIO GOL G5/G6 08/16 SAVEIRO/VOYAGE- (32669438),39,87082999,K
0526500,,TAMPAO DIF AR SUP CENTR PALIO/SIENA/STRADA 96/04 PTO- (VBM-31),13,87082999,K
0526503,,TAMPAO DIF AR SUP LAT PALIO/SIENA/STRADA 96/04 PTO LE- (VBM-35),8,87082999,K
0491500,7898325940070,TRAVA Q/VENTO MINI UNIV PEGA LADRAO- (Q-907),53,87082999,K
0039100,7898325940285,TRAVESSA FIXACAO CHAPINHA DESC BRACO FUSCA- (EPW-028),24,87082999,K
1305512,7895272201308,TRINCO JANELA BASCULANTE FUSCA 1300/1500 /73 PTO LD- (20130),79,87082999,K
1305513,7895272201315,TRINCO JANELA BASCULANTE FUSCA 1300/1500 /73 PTO LE- (20131),79,87082999,K
1305200,7908283700453,TRINCO Q/VENTO GOL/VOY/SANT /90 C/FIXADOR LD- (064),56,87082999,K
1305100,7908283700446,TRINCO Q/VENTO GOL/VOY/SANT /90 C/FIXADOR LE- (063),56,87082999,K
1303000,,TRINCO VIDRO CORREDICO KOMBI 1500 LD- (20104),28,87082999,K
1911011,,AMORTECEDOR PORTA MALAS FIESTA HATCH 03/12- (YN-AMFD011),60,87085099,K
1938000,,AMORTECEDOR PORTA MALAS KA 97/01 KOMBI 97/- (1938000),60,87085099,K
1938001,,AMORTECEDOR PORTA-MALAS ELBA 84/96- (YN-AMFT009),60,87085099,K
1955000,7899562600710,AMORTECEDOR PORTA-MALAS PALIO WEEKEND 97/08- (YN-AMFT007),60,87085099,K
0032451,7898575617111,ARO CROM COIFA GOL/VOY/PAR/SAV 87/99 BASE LONGA- (119900),10,87087090,K
0221238,7898277980421,CALOTA 13 GOL/PAR/SAV/VOY 91 UNIV PRATA 519AR-PTA-U- (519AR-PTA-U),21,87087090,K
0214954,7898433993043,CALOTA CENTRO RODA 51MM GM PTO BOTTON DOURADO- (10151 14),63,87087090,K
0214910,7898433990332,CALOTA CENTRO RODA 55MM ASTRA CD 04/07 PTA ARO 14/15 S/BOTON- (30316 0),28,87087090,K
0040320,7898433993555,CALOTA CENTRO RODA CHEVETTE/CELTA/CORSA PTO P/RODA FERRO- (30340 2),26,87087090,K
0225200,7898653810175,CALOTA CENTRO RODA FUSCA/BRASILIA CROM INT 79MM EXT 83MM- (1103),20,87087090,K
0220100,,CALOTA CENTRO RODA FUSCAO/KOMBI BAIXA BRANCA METAL- (CV-3P-10625),80,87087090,K
0220000,,CALOTA CENTRO RODA FUSCAO/KOMBI BAIXA CROM METAL- (CV-3-10625),93,87087090,K
0214953,7898433993784,CALOTA CENTRO RODA GOL G5 08/12 S/RELEVO INT 52MM EXT 55MM- (10151 12),42,87087090,K
0220016,,CALOTA CENTRO RODA GOL/PARATI/SAVEIRO PTO- (5123),18,87087090,K
0220200,,CALOTA CENTRO RODA KOMBI/FUSQUINHA ABALOADA CROM METAL- (CV-1-10625),93,87087090,K
0214906,7898433991445,CALOTA CENTRO RODA ORBITAL- (30100 0),21,87087090,K
0220015,7898420040651,CALOTA CENTRO RODA SEDAN/BRASILIA/VARIANT 4 FUROS CROM- (5125),39,87087090,K
0220014,,CALOTA CENTRO RODA SEDAN/BRASILIA/VARIANT 4 FUROS PTO- (5120),16,87087090,K
0040389,7898433995054,CALOTA CENTRO RODA STRADA 00/ PTO P/RODA FERRO- (30405 2),44,87087090,K
1340606,,CALOTA CENTRO RODA UNO/STR/FIO/DOB 04/13 RODA FER- (100176558),15,87087090,K
1343205,7898937191457,PESTANA FAROL FUSCA 73/ CROM 2PCS- (11.005),50,87087090,K
1917042,6097963210151,AMORTECEDOR PORTA-MALAS ELBA 84/96- (DBAMT018),60,87088000,K
1917005,6097963210205,AMORTECEDOR PORTA-MALAS GOL BOLA 95/99- (DBAMT033),60,87088000,K
1917059,6097963210571,AMORTECEDOR PORTA-MALAS KOMBI 97/14- (DBAMT074),60,87088000,K
1911064,7898522904356,AMORTECEDOR PORTA-MALAS PALIO WEEKEND 97/08- (APX0435),60,87088000,K
1911077,7898522904295,AMORTECEDOR PORTA-MALAS UNO G1 84/14- (APX0429),60,87088000,K
0270500,,ANTI RUIDO MOTOR FUSCA FUNDO/LATERAIS- (211),44,87089100,K
0271500,,ANTI RUIDO RADIADOR GOL/VOY/PAR/SAV 88/94 COMPLETO- (204),24,87089100,K
0272100,,CAIXA PT LUVAS FUSCA- (301),20,87089100,K
0272200,,CAIXA PT LUVAS KOMBI CLIPPER- (302),36,87089100,K
0100101,,CARCACA FAROL GOL 91/ C/KIT FIXACAO LE MOD ARTEB- (6003),15,87089100,K
0100000,,CARCACA FAROL GOL 91/ MOD CIBIE S/LADO- (6004),37,87089100,K
0272000,,PAPELAO P/MALAS BRASILIA- (208),45,87089100,K
0271900,,PAPELAO P/MALAS FUSCA (ALCOOL)- (207A),21,87089100,K
0271700,,PAPELAO P/MALAS FUSCA /74- (206),44,87089100,K
0271800,,PAPELAO P/MALAS FUSCA 75/96- (207),42,87089100,K
0508100,7898675263959,BUCHA VOLANTE GOL G3 00/05 ADPT GOL G1 C/CIRCUITO- (BC1700),68,87089411,K
0509378,,TAMPA VOLANTE SIENA 04/09 OVAL- (TPS 8010),16,87089411,K
0952010,7898675264697,TAMPA VOLANTE GOL BOLA/G3/G4 FOX/KOMBI/SANTANA C/CIRCUITO- (TB1152),69,87089490,K
0449700,7898575614325,ABRACADEIRA FIXACAO BANCO UNO/PREMIO/ELBA/FIORINO 2P- (0240011),15,87089990,K
0448700,7898575610020,ACAB CHAVE SETA GOL/PAR/SAV BOLA 95/00- (CS002),18,87089990,K
0448500,7898575610037,ACAB CHAVE SETA GOL/VOY/PAR/SAV CL 87/94 MAIOR- (CS003),24,87089990,K
0550150,7898575613151,ACAB DESC BRACO GOL/PAR/SAV G3 00/05 CZA FLANEL DIANT LD- (0020052),13,87089990,K
0550151,7898575613144,ACAB DESC BRACO GOL/PAR/SAV G3 00/05 CZA FLANEL DIANT LE- (0200051),13,87089990,K
0045000,,ALAVANCA CAMBIO FUSCA CURTA PINTADA- (11),8,87089990,K
0349939,,ALAVANCA INT CAPO UNO/FIORINO 85/13 ELBA/PREMIO 85/04- (50017651),21,87089990,K
0050204,7908047206405,ALCA PAINEL FUSCA 60/86 PQP BEGE METAL ACAB PVC TERM CROM- (001002BEC),61,87089990,K
0050200,7898575614134,ALCA PAINEL FUSCA 60/86 PQP PTO METAL ACAB PVC- (0010002),52,87089990,K
0050400,7898471181181,APOIA BRACO FUSCA /77- (G-119),34,87089990,K
0051300,7908017800022,APOIA BRACO GOL/VOY/PAR/SAV 85/ PTO- (2301),45,87089990,K
0053801,7898575612963,APOIA BRACO UNO/PREMIO/ELBA 85/ GDE C/FURO VIDRO LD- (20028),29,87089990,K
0053701,7898575612970,APOIA BRACO UNO/PREMIO/ELBA 85/ GDE C/FURO VIDRO LE- (20029),29,87089990,K
0053800,7898575612987,APOIA BRACO UNO/PREMIO/ELBA 85/ GDE S/FURO VIDRO LD- (0020030),31,87089990,K
0053700,7898575612994,APOIA BRACO UNO/PREMIO/ELBA 85/ GDE S/FURO VIDRO LE- (0020031),31,87089990,K
0113000,7898471183185,ARO FAROL OPALA/CARAVAN 75/79 PRATA LD/LE- (G-840),42,87089990,K
0038400,,ARRUELA CALCO CALOTA FERRO UNIV 20PCS- (MV-211),20,87089990,K
0493524,7898457734615,BOLA CAMBIO 206/207 TAMPA CROM C/BUCHA- (700502),21,87089990,K
0496403,7898359803334,BOLA CAMBIO 206/207 TAMPA PTO C/BUCHA- (3603),28,87089990,K
0493517,7898457732369,BOLA CAMBIO 206/207 TAMPA PTO C/BUCHA- (700500),26,87089990,K
0493487,7898457735155,BOLA CAMBIO AGILE/MONTANA 11/ TAMPA PRATA- (400526),50,87089990,K
0446413,7908047202223,BOLA CAMBIO ARGO ADAP UNO/PUNTO/PALIO ANEL AZUL- (65515),42,87089990,K
0493732,7898457732246,BOLA CAMBIO CHEVETTE/OPALA 81/84 5M BXO RELEVO PTO- (400509),13,87089990,K
0493514,7898457731867,BOLA CAMBIO CORSA 5M RESINA PTO- (400504),28,87089990,K
0493519,7898457734530,BOLA CAMBIO CORSA CLASSIC/CELTA /PRISMA 11/ 5M TAMPA PTA- (400520),40,87089990,K
0493485,7898457735131,BOLA CAMBIO CORSA/VECTRA 98/ 5M LENTE PTA- (400524),29,87089990,K
0493736,7898457732277,BOLA CAMBIO D20 5M S/RESINA BXO RELEBO PTO- (400512),18,87089990,K
0493720,7898457734394,BOLA CAMBIO DOBLO 02/ PTO BXO RELEVO- (200511),32,87089990,K
0495700,7898151591422,BOLA CAMBIO GOL COPA- (2015),8,87089990,K
0493712,7898457731799,BOLA CAMBIO GOL/PAR/SAV G3 00/05 RESINA PRATA- (100505),21,87089990,K
0493288,7898457731744,BOLA CAMBIO GOL/SANTANA 95/98 5M S/RESINA- (100500),8,87089990,K
0493715,7898457733182,BOLA CAMBIO GOL/SANTANA RE P/TRAS ARO CROM PTO- (100517),28,87089990,K
0496302,7898575614660,BOLA CAMBIO GOL/SANTANA RE P/TRAS ARO CROM PTO- (60001),21,87089990,K
0493502,7898457731805,BOLA CAMBIO GOL/VOY/PAR/SAV 87/94 5M BAIXO RELEVO PTO- (100506),21,87089990,K
0493296,7898457732116,BOLA CAMBIO GOL/VOY/SAV G5 FOX 5M RE P/F ACR PTO ARO CROM- (100514),40,87089990,K
0493424,7898457734974,BOLA CAMBIO GOL/VOY/SAV G5/G6 FOX 5M RE P/F ACR PTO ARO CROM- (100522),44,87089990,K
0497036,7898457736220,BOLA CAMBIO HB20 1.0 12/ PTO C/TAMPA CZA- (900502),52,87089990,K
0497038,7898457736244,BOLA CAMBIO HB20 1.6 12/ PTO C/LENTE PTO ARO CROM- (900504),53,87089990,K
0493512,7898457731959,BOLA CAMBIO KA/FIESTA/COURIER 96/06 PTO RESINA PTO- (300504),13,87089990,K
0496414,7898359802979,BOLA CAMBIO LOGAN/DUSTER/MEGANE 06/ TAMPA CROM C/BUCHA- (3701),34,87089990,K
0493523,7898457734912,BOLA CAMBIO LOGAN/SANDERO/DUSTER/FLUE 06/ TAMPA CROM C/BUCHA- (600505),52,87089990,K
0493473,7898457731836,BOLA CAMBIO MONZA/KADETT 5M S/RESINA BXO RELEVO- (400501),21,87089990,K
0493733,7898457731904,BOLA CAMBIO OMEGA/SUPREMA GLS PTO BXO RELEVO- (400508),28,87089990,K
0497043,7898457736145,BOLA CAMBIO ONIX/COB/SONIC 12/ PTO ARO CROM LENTE PTO PARAF- (400532),58,87089990,K
0497047,7898457736121,BOLA CAMBIO ONIX/PRISM/COB 12/ ARO CROM LENTE PTO PRESSAO- (400530),58,87089990,K
0496418,7898359803143,BOLA CAMBIO ONIX/PRISM/COB/SPIN ARO CROM LENTE PTO PRESSAO- (3017),18,87089990,K
0495200,,BOLA CAMBIO OPALA 4M- (2014),13,87089990,K
0493735,7898457732260,BOLA CAMBIO OPALA/CARAVAN 85/91 5M PTO BXO RELEVO- (400511),24,87089990,K
0493507,7898457732031,BOLA CAMBIO PALIO EDX/SIENA 99/ PTO 5M BXO RELEVO- (200504),28,87089990,K
0493505,7898457731997,BOLA CAMBIO PALIO EL 96/00 5M PTO  BXO RELEVO- (200500),13,87089990,K
0493506,7898457732017,BOLA CAMBIO PALIO/SIENA/STR FIRE 02/ PTO 5M BXO RELEVO- (200502),21,87089990,K
0493522,7898457734905,BOLA CAMBIO SANDERO 07/20 LOGAN C/BUCHA TAMPA PTO- (600504),48,87089990,K
0496309,7908047202056,BOLA CAMBIO SINUCA NUM 8 UNIV PTO 54MM C/BUCHAS- (BC008),39,87089990,K
0497049,7898457736176,BOLA CAMBIO SPRINTER/CDI 311/313 03/11 CZA 5M- (500015),29,87089990,K
0493428,7898457731560,BOLA CAMBIO TEMPRA 92/ 5M PTO BXO RELEVO- (200506),20,87089990,K
0493489,7898457731720,BOLA CAMBIO UNIV MOD CACHIMBO PTO- (500003),28,87089990,K
0493718,7898457731737,BOLA CAMBIO UNIV MOD GOLF PTO BXO RELEVO- (500004),28,87089990,K
6012899,7898688370354,BOTAO FAROL CORSA 94/02 ASTRA/VECTRA 94/96 OMEGA C/LUZ- (39),10,87089990,K
6012800,7898471180849,BOTAO FAROL FUSCA/BRASILIA/KOMBI/TL/VARIANT- (G-085),10,87089990,K
1380303,7898594481717,BOTAO MAC EXT PT FUSCA 59/77 CROM C/CH- (15831),56,87089990,K
1371801,,BOTAO VIDRO ELET GOLF 13/16 /POLO 17/ VIRTUS 18/- (5G0959855P),40,87089990,K
1371806,,BOTAO VIDRO ELET GOLF/JETTA/TIGUAN/TOUAREG/PASSAT 14/17- (5G0959855N),32,87089990,K
0450658,,BRUCUTU PALIO/STRADA 04/20 UNO 11/21 MOBI 17/ IDEA 06/16- (735277664),16,87089990,K
6880100,7892968008999,BUCHA AMORTECEDOR GOL/VOYAGE 85/ SUP/INF TRAS- (161.011.0541),8,87089990,K
7213017,,BUCHA PONTA BRACO ASTRA/CORSA/VECTRA/OMEGA DIANT/TRAS LD/LE- (5125),159,87089990,K
1258800,7898549952774,CABO ABERT PT CELTA 01/06 2P LD- (31708),12,87089990,K
1258700,7898549952767,CABO ABERT PT CELTA 01/06 2P LE- (31707),13,87089990,K
0012984,,CABO ABERT PT CELTA 01/06 DIANT 4P LD- (31756),12,87089990,K
0012985,,CABO ABERT PT CELTA 01/06 DIANT 4P LE- (31757),12,87089990,K
0012986,,CABO ABERT PT CELTA 01/06 TRAS 4P LD- (31758),12,87089990,K
0012987,,CABO ABERT PT CELTA 01/06 TRAS 4P LE- (31759),12,87089990,K
4700115,7898549952750,CABO ABERT PT CELTA 07/ 2P LD- (31706),13,87089990,K
4700116,7898549952743,CABO ABERT PT CELTA 07/ 2P LE- (31705),13,87089990,K
4700117,7898549952699,CABO ABERT PT CELTA/PRISMA 07/ 4P DIANT LD- (31700),12,87089990,K
4700118,7898549952705,CABO ABERT PT CELTA/PRISMA 07/ 4P DIANT LE- (31701),12,87089990,K
4700119,7898549952712,CABO ABERT PT CELTA/PRISMA 07/ 4P TRAS LD- (31702),12,87089990,K
4700120,7898549952736,CABO ABERT PT CELTA/PRISMA 07/ 4P TRAS LE- (31703),12,87089990,K
0013762,,CAPA CORREIA STRADA 01/07 DOBLO 10/21 IDEA 06/16 1.4 INF- (55195387),44,87089990,K
0444635,7898575614608,CAPA FREIO MAO GOL G3 VINIL S/MANOPLA- (116000),13,87089990,K
0130501,7898575614295,CAPA VOLANTE UNIV INJETADA PTO 37CM- (0130500),37,87089990,K
8912460,7898615772268,COBERTURA AIR BAG GOL/PAR/SAV G3 00/05 CZA FLANEL- (EK.0261),28,87089990,K
0445805,7898575615636,COBERTURA CAIXA VENTILACAO GOL BOLA- (90004),31,87089990,K
0445800,7898575614745,COBERTURA CAIXA VENTILACAO GOL/VOY/PAR/SAV 87/94- (90003),12,87089990,K
0448300,7898575613700,COBERTURA PAINEL INSTR UNO 84/94 CONCHA- (0080015),31,87089990,K
8912466,7898615772282,COBERTURA PAINEL UNO/PREM/ELBA 84/94 SALSICH INJ PLAST TEXT- (EK.0399),31,87089990,K
0444700,7898575614592,COIFA CAMBIO CELTA 00/15 PRISMA 06/11 NAPA PTO C/BASE- (110023),26,87089990,K
0444661,7898575614431,COIFA CAMBIO CORSA 94/01 CLASSIC 02/10 PTO S/BOLA- (011.0012),24,87089990,K
0444726,7898457731171,COIFA CAMBIO CORSA 94/01 CLASSIC 02/10 PTO S/BOLA- (400450),44,87089990,K
0498184,7908019405928,COIFA CAMBIO CORSA 94/01 CLASSIC 02/10 PTO S/BOLA- (GC3018),23,87089990,K
0494261,7898457732604,COIFA CAMBIO FREIO MAO GOL BOLA PTO- (100190),24,87089990,K
0032450,7898575617562,COIFA CAMBIO FUS/BRA/VAR/TL NAPA-BOLA/LENTE/ PTO ARO CROM- (0119009),42,87089990,K
0494271,7898457732857,COIFA CAMBIO GOL/PAR/SAV G3 00/05 NAPA PTO ARO PTO- (100159A),26,87089990,K
0444678,7898575615131,COIFA CAMBIO GOL/PAR/SAV G3 BOLA PTO TAMPA CROM BASE CROM- (115509),58,87089990,K
0444617,7898575614752,COIFA CAMBIO GOL/PAR/SAV G3 NAPA/BOLA PTO BASE CROM- (0115009),48,87089990,K
0053573,7898575617128,COIFA CAMBIO GOL/PAR/SAV G4 05/14 C/BASE NAPA PTO- (0110182),20,87089990,K
0494276,7898457732758,COIFA CAMBIO GOL/PAR/SAV G4 05/14 C/BASE NAPA PTO- (100187A),44,87089990,K
0445100,7898575613816,COIFA CAMBIO GOL/VOY/SAV 87/94 SANT/QT 85/90 BASE LONGA SANF- (0110005),18,87089990,K
0494282,7898457732994,COIFA CAMBIO GOL/VOY/SAV 87/94 SANT/QT 85/90 BASE LONGA SANF- (100188),23,87089990,K
0053577,7898575618590,COIFA CAMBIO GOL/VOY/SAV G5/G6 08/16 NAPA PTO ARO PTO- (CC013),39,87089990,K
0444663,7898575614974,COIFA CAMBIO OMEGA/SUPREMA 93/97 NAPA PTO- (110013),26,87089990,K
0020391,,COIFA CAMBIO PALIO/SIENA 04/17 STRADA 04/20 IDEA 11/16 PTO- (735360756),53,87089990,K
0444724,7898457731058,COIFA CAMBIO PALIO/WEEK/SIENA/STR 96/10 C/BASE S/BOLA PTO- (200250),40,87089990,K
0494212,7898575613786,COIFA CAMBIO UNO/FIORINO 85/10 5M SANFONADA BOLA PTO- (110097),32,87089990,K
0526631,7898575618743,DIFUSOR AR CENTR CLIO 01/15 CZA ESCURO LE- (DF507),20,87089990,K
0526800,7898575613649,DIFUSOR AR CENTR PALIO/SIENA 96/04 STR 04/12 PTO LD- (DF408),18,87089990,K
0053706,7908047200311,DIFUSOR AR CENTR PALIO/SIENA/STRADA 01/11 PTO LD- (DF457),13,87089990,K
0526600,7898575613601,DIFUSOR AR CENTR UNO 94/13 FIORINO 95/13 PTO LD/LE- (DF427),15,87089990,K
0053503,7898575617890,DIFUSOR AR CENTR UNO VIVACE 10/14 FIORINO 14/20 PTO- (DF482),24,87089990,K
8911614,7898575615049,DIFUSOR AR CENTR/LAT CELTA 00/06 CINZA CLARO C/SUP- (DF607),15,87089990,K
8911616,7898575613793,DIFUSOR AR CENTR/LAT CELTA 01/06 GRAFITE C/SUP- (DF606),15,87089990,K
8911620,7898575613755,DIFUSOR AR CENTR/LAT CELTA/PRISMA 07/12 PRETO C/SUP- (DF616),13,87089990,K
0053505,7898575617913,DIFUSOR AR CENTR/LAT CORSA WIND/CLASSIC 94/13 PTO- (DF630),39,87089990,K
0525900,7898575610280,DIFUSOR AR CENTR/LAT GOL/VOY/PAR/SAV 87/94 PTO LD/LE- (DF001),8,87089990,K
0526000,7898575610297,DIFUSOR AR GOL G3 95/04 BOLA PAR/SAV PTO CENTRAL LD/LE- (DF002),10,87089990,K
0015608,7898575618200,DIFUSOR AR GOL G5/G6 08/16 VOY C/BORDA/MIOLO PTA CENTRAL- (DF101),29,87089990,K
0053623,7898575615520,DIFUSOR AR LAT PALIO/SIENA /04 GRAFITE C/ALETA LE- (DF431),16,87089990,K
0526820,7898575613625,DIFUSOR AR LAT UNO 95/14 PTO C/ALETA LD- (DF416),15,87089990,K
0526920,7898575613694,DIFUSOR AR LAT UNO 95/14 PTO C/ALETA LE- (DF415),15,87089990,K
0053502,7898575617586,DIFUSOR AR LAT UNO VIVACE 10/14 FIORINO 14/20 CZA- (DF481),32,87089990,K
0136400,7898471182775,GRADE FIAT 147 79/81 INFERIOR- (G-635),13,87089990,K
0531500,7898471182522,GRADINHA LAT FIAT 147 LE- (G-616),8,87089990,K
0531600,,GRADINHA LAT.FIAT 147 LD- (G-617),8,87089990,K
6003200,,GRAMPO FRISO LAT/CAPO FUSCA /70 20PCS- (MV-104),18,87089990,K
1305311,7908283700774,GUIA INF PT MEIO KOMBI 97/13 INF- (100),80,87089990,K
6012898,7898688370194,INTERR AR COND GOL BOLA S/LUZ- (26),8,87089990,K
6014050,7898688370460,KIT CALCO MACAN EXT GOL/VOY/PAR/SAV /94 KIT- (52),7,87089990,K
6015903,,KIT GRAMPO P/CALOTA DE CHAPA  VW 1200/1300/KOMBI 1500- (MV-132),13,87089990,K
0186223,,LANT RETROREFLETOR FIESTA HATCH 13/19 VERM ACR LD- (LS472-LDVM),29,87089990,K
0186237,,LANT RETROREFLETOR SIENA 01/16 PALIO WEEK 09/19 VERM ACR LD- (LS458-LDVM),15,87089990,K
0186238,,LANT RETROREFLETOR SIENA 01/16 PALIO WEEK 09/19 VERM ACR LE- (LS459-LEVM),15,87089990,K
1385201,7898594480314,MACANETA EXT PT GOL/PAR/SAV G3/4 2P PTO C/CH KEY DIANT LD/LE- (17330),114,87089990,K
1385401,7898594480352,MACANETA EXT PT GOL/PAR/SAV G3/4 4P PTO C/CH KEY DIANT LD/LE- (17337),104,87089990,K
1383100,7898928099847,MACANETA EXT PT GOL/VOY/PAR/SAV 87/94 2P PTO F/PR C/C LE- (15870),79,87089990,K
1342412,7898280147002,MACANETA INT PT GOL G4 05/14 FOX 03/09 GFT DIANT/TRAS LD- (15508),13,87089990,K
1342512,7898280147019,MACANETA INT PT GOL G4 05/14 FOX 03/09 GFT DIANT/TRAS LE- (15509),15,87089990,K
0011184,7908302807422,MANOPLA FUSCA/KOMBI/BRAS 55/86 VERM 4M P/ ALAV 12MM DIAM- (100531),32,87089990,K
8912486,7898615770530,MOLD 1DIN PALIO/WEEK/SIENA/STRADA 01/11 CZA- (EK.0242),20,87089990,K
8912454,7898615772206,MOLD CENTRAL PAINEL GOL/PAR/SAV G3 00/05 CZA FLANEL- (EK.0255),28,87089990,K
9997205,,MOLD INTERR VIDRO SANTANA 91/ 2P 2 BOTOES- (39.000.11),2,87089990,K
0449803,7898575613717,MOLD PAINEL CENTRAL/RADIO GOL/PAR/SAV BOLA 95/99 S/DIFUSOR- (0080020),26,87089990,K
8912457,7898615772237,MOLD PAINEL GOL/PAR/SAV G3 00/05 CZA FLANEL LD- (EK.0258),28,87089990,K
8912451,7898615772176,MOLD PAINEL GOL/PAR/SAV G3 00/05 CZA FLANEL LE- (EK.0252),28,87089990,K
0449800,7898575613724,MOLD PAINEL INSTRUM GOL/PAR/SAV/VOY 88/94 MOD CL PTO- (80005),18,87089990,K
1900125,,PEDAL ESPORTIVO SHUTTLE ESCOVADA C/ANEL DOURADO- (PSS1),16,87089990,K
0494385,7898457730259,PINHAO VELOCIMETRO LINHA MOTOR CHT- (300310),5,87089990,K
0277705,7898575619153,PINO ARTICULADOR BAGAGITO GOL BOLA PAR- (0320012),16,87089990,K
0032027,7908047201479,PINO TRAVA BANCO TRAS GOL G2/G3/G4 PTO- (GR050),16,87089990,K
0526545,,PINO TRAVA BANCO TRAS GOL/VOY G5/G6/G7 09/18 GFT- (5U0885683),16,87089990,K
1342000,7898549951890,PINO TRAVA PT GOL/PAR 94/ C/CAPA ELASTICA VALEO LD- (11705),13,87089990,K
1341900,7898549940344,PINO TRAVA PT GOL/PAR 94/ C/CAPA ELASTICA VALEO LE- (11704),13,87089990,K
0500776,7898575612673,PUXADOR PT GOL G5 08/12 P/VIDRO/TRAVA ELET GFT DIANT LD- (DB102),24,87089990,K
0500775,7898575612666,PUXADOR PT GOL G5 08/12 P/VIDRO/TRAVA ELET GFT DIANT LE- (DB101),24,87089990,K
1902058,7898590391119,QUEBRA SOL CORSA 99/06 CELTA 02/07 C/ESPELHO LE- (1902058),88,87089990,K
1902006,7898590390174,QUEBRA SOL PALIO 04/ CZA CLARO C/CAIXA ESPELHO LE- (1902006),47,87089990,K
0541256,,RESERV AGUA RADIADOR GOL/SAV/VOY G5 17/23 FOX 15/22- (5U0121407B),104,87089990,K
6975033,0339269750334,RESERV RADIADOR UNO/PALIO/FIO/MOBI/GRAND SIENA 12/16- (52170903),88,87089990,K
0053678,7898575615155,REVESTIMENTO PT DIANT GOL/VOY/PAR CL/1000 80/94 PTO OMBRE LD- (190004),13,87089990,K
0053679,7898575615162,REVESTIMENTO PT DIANT GOL/VOY/PAR CL/1000 80/94 PTO OMBRE LE- (190005),13,87089990,K
0053876,7908047202568,ROSETA PINO GUIA TRAVA PT GOL/PAR/SAV/VOY 87/94- (OR-1023),2,87089990,K
0450019,,SUPORTE DIFUSOR AR LAT GOL/VOY/PAR/SAV 87/94 SIMPL S/DEF/MEC- (0450019),40,87089990,K
1301704,7898688370309,SUPORTE Q/SOL GOL/PAR/SAV G2/G3/G4 PACOTE C/ 10PCS- (34),5,87089990,K
6039800,,SUPORTE QUEBRA SOL CORSA/VECTRA /02 GELO 10PCS- (81),12,87089990,K
6039801,,SUPORTE QUEBRA SOL CORSA/VECTRA/CELTA 03/ GELO 10PCS- (82),16,87089990,K
6023602,7898688370514,SUPORTE QUEBRA SOL PALIO 96/19 GELO 20PCS- (55B),64,87089990,K
0100185,79080472129638,TAMPA BORR FAROL FIAT/RENAULT/CITROEN/PEUGEOT/GM/CHERRY- (AF007),24,87089990,K
0805504,0339208055049,TAMPA COMB ONIX/PRIS 13/21 COBAL 15/19 SPIN 15/18 TRAC 14/20- (95292262),32,87089990,K
0441810,7898575613427,TAMPA P/LUVAS GOL/PAR/SAV BOLA 95/99 GFT- (200002),103,87089990,K
0053878,7908047202643,TAMPA PARAFUSO CHURRASQ GOL/PAR/SAV BOLA 95/99 LOGUS/POINTER- (OR-1031),5,87089990,K
6067256,,TAMPA RESERV DIRECAO HIDRAULICA LINHA FIAT- (7086569),21,87089990,K
0013292,,TAMPA RESERV LIMP P/BRISAS SAND/LOGAN/CLIO/KWID/DUST /24 AMA- (FC0003A),13,87089990,K
0515013,7898615770516,TAPA BURACO RADIO/CD LISO PTO ENCAIXE- (EK.0240),5,87089990,K
6011612,,TAPA FURO MANIVELA VIDRO UNIV PTO 2PCS- (F-100PK),239,87089990,K
6011611,,TAPA FURO MANIVELA VIDRO UNIVERSAL GRAFITE 2PCS- (F-100GK),2,87089990,K
0526070,7898575613007,TELA DIFUSOR AR GOL/PAR/SAV G3 00/05 CZA FLANEL- (160010),12,87089990,K
0450066,7899705809994,TRAVA VOLANTE/PEDAL UNIVERSAL C/CHAVE TETRA C/ALGEMA- (APX0999),103,87089990,K
0032107,7898575614578,VARETA CAPO CORSA 94/16 CLASSIC/PICK-UP- (210011),34,87089990,K
0032100,7898575614981,VARETA CAPO GOL/VOY/PAR/SAV 87/94- (0210002),48,87089990,K
6832014,,ACOPLAM.TRAS.BARRA SELETORA CAMBIO KOMBI- (102),5,87149990,K
7205461,7898916089270,BOIA COMB FUSCA 1300/1300L/1500/1600 77/- (P2370),26,90261029,K
7205409,,BOIA COMB. ALC/GAS CHEVY 500/MARAJO 90/- (P0790),10,90261029,K
7205411,,BOIA COMB.ALC. C/RETORNO OPALA OUT/90 EM DIANTE- (P0830),16,90261029,K
7205508,,BOIA COMB.ALC/CHEVY/CHEVETTE 88/89- (P7240),15,90261029,K
7205454,,BOIA COMB.ALC/GAS IPAN/MAR/CHEVY 81/89- (P2190),15,90261029,K
7205471,,BOIA COMB.ALC/GAS MARAJO/CHEVY 52L 81/85- (P2520B),18,90261029,K
7205463,,BOIA COMB.C-60/A-60/70 104L 82/- (P2400),18,90261029,K
7205460,,BOIA COMB.GAS OPALA/CARAVAN 65L SET/87...- (P2340),16,90261029,K
7205413,,BOIA COMB.GAS. C/RETORNO OPALA 89/OUT 90- (P0870),16,90261029,K
7205410,,BOIA COMB.GAS. OPALA OUT/90 EMDIANTE- (P0810),16,90261029,K
7205426,,BOIA COMB.OPALA/CARAVAN TQ.PLASTICO GAS C/PESCADOR 90/- (P1010),20,90261029,K
7205541,7898917046418,INDICADOR COMB FUSCA ITAMAR 82/- (P2130),44,91040000,K
8392217,,FITA LED DUAL COLOR DRL 30CM 6000K+3000K 8W BCO/AMARELO- (20050),50,94054900,K
VW0227B,7894425172335,MANG RET GAS NYLON  8 X 6 MM (ROLO 25 MT),5,39172290,L
VW0227A,7894425172328,MANG RET GAS NYLON 6 X 4 MM (ROLO 25 MT),4,39172290,L
VW0748,7894425020438,MANG DEPOSITO GAS VOLKS,2,39172900,L
GM0134,7894425007705,MANG RET GAS TECALON OPALA CARAVAN,13,39172900,L
VW0227,7894425014246,MANG RET GAS TECALON PASSAT 6MM,10,39172900,L
VW1160A,7894425025716,MANG AVANCO VOLKS CRISTAL 1 8 X 2 (FINA),5,39173229,L
VW1962,7894425061646,MANG CRISTAL RESPIRO OLEO KOMBI 3 4 X 2,7,39173229,L
VW1160,7894425025709,"MANG GAS CRISTAL 5 ,0 X 2,3",7,39173229,L
VW1813,7894425051647,"MANG MOLA ESPIRAL LEITOSA 13 X 1,0MM",7,39173229,L
VW0629,7894425018893,"MANG RESPIRO OLEO VOLKS CRISTAL 1 2 X 2,0",7,39173229,L
VW0963,7894425022913,"MANG RESPIRO TANQUE GAS VOLKS TVE BR 5 8 X 2,0",8,39173229,L
VW2006,7894425063398,ADAP MANG INJ ELET 5 16 X 5 16,12,39173900,L
FD2561,7894425185212,ADAPTADOR ENT AGUA CABEC KA 1.0 12V 3CC FLEX 14 20,23,39174090,L
VW3141,7894425121074,CONEXAO RAP SUP RAD FOX 1.0 1.6 03 04,50,39174090,L
VW3144,7894425121234,TUBO REFRIG KOMBI T2 1.4L TOTAL FLEX 06    1.4 FLE,47,39174090,L
FD1546,7894425100482,COR EM-V VERSAILLES ROYALE C  DH AP 1.8 2.0 95 96,28,40103200,L
VW0806,7894425021107,BORRACHA  FIXACAO HASTE CAPO PST GOL VOYAGE,7,40169300,L
FT2617,7894425163562,"BUCHA BORRACHA RESERVATORIO LINHA FIAT (7,2 MM)",7,40169300,L
VW1429,7894425033421,GUARNICAO BOCAL CARB 2E SOLEX DUPLO TDS,23,40169300,L
VW1092,7894425024610,SELO COMANDO VOLKS MODERNO BORRACHA,12,40169300,L
FT2616,7894425163555,TAMPA RES GAS SIENA 11  IDEA 07  MOBI FIRE FLEX 16  UNO 11,21,40169300,L
FD2447,7894425174360,TAMPAO RAD AGUA MOTOR FIESTA 1.0 SUPERCHARGER 1.6,10,40169300,L
GM3223,7894425167119,VED COL ADM MONTANA CORSA 1.4 8V 07,69,40169300,L
GM2332,7894425107382,FLEXIVEL FREIO DIANT CHEVETTE 73 86 TRAS A C D-10 390MM,28,59090000,L
FD0667,7894425043994,FLEXIVEL FREIO DIANT CORCEL II DEL REY 355 MM,26,59090000,L
VW1640,7894425043925,FLEXIVEL FREIO DIANT KOMBI DISCO 83   375MM,26,59090000,L
GM0959,7894425044359,FLEXIVEL FREIO DIANT MONZA KADETT 88   360MM,39,59090000,L
VW1642,7894425043949,FLEXIVEL FREIO DIANT PASSAT GOL SANTANA TDS 350MM,24,59090000,L
VW1634,7894425043864,FLEXIVEL FREIO DIANT SEDAN TL TC 480 MM,28,59090000,L
VW1635,7894425043871,FLEXIVEL FREIO DIANT SEDAN TL TC VTE 355V MM,26,59090000,L
FT0724,7894425044557,FLEXIVEL FREIO DIANT UNO S CS FIORINO 380 MM,26,59090000,L
VW1636,7894425043888,FLEXIVEL FREIO TRAS SEDAN KOMBI BR 265 MM,16,59090000,L
GM0175,7894425008269,MANG AQUEC OPALA 9MM ALC METROS,7,59090000,L
VW0717,7894425020056,MANG BORRACHA INJECAO ELETRONICA 7 MM   (PRETA),12,59090000,L
VW0204,7894425013898,MANG DIST AO CARB VTE TL TC,4,59090000,L
VW0229,7894425014260,MANG GAS CARB PASSAT TDS LONADA 5MM,4,59090000,L
VW0222,7894425014185,MANG RESERV AO RAD PASSAT LONADA 7 MM,5,59090000,L
VW0399,7894425016295,BUJAO CAMBIO C  IMA TODOS,12,73181500,L
FD0565A,7894425123542,CONJ PARAF  PORCA SEXT BARRA ESTAB ESCORT VERONA L,18,73181500,L
VW0691,7894425019746,PARAF ACOPLAMENTO,5,73181500,L
VW0766,7894425020636,PARAF BANCO CENTRAL KOMBI 10X50,10,73181500,L
FD0565,7894425037092,PARAF BARRA ESTAB ESCORT VERONA LOGUS POINTER 93,13,73181500,L
VW0797,7894425020988,PARAF DOBRADICA PORTA 8X18,4,73181500,L
VW1118,7894425025068,PARAF FIX ALTERNADOR PST GOL 8 X125-ALLEM ANT,8,73181500,L
VW1118A,7894425025075,PARAF FIX ALTERNADOR PST GOL 8X100-ALLEM MOD,8,73181500,L
VW1230,7894425026669,PARAF FREIO DISCO PASSAT GOL VOYAGE,2,73181500,L
VW0177,7894425013546,PARAF POLIA MOTOR,21,73181500,L
VW2076,7894425072338,PARAF RODA CROM BR KOMBI- CHAVE 19 MM,7,73181500,L
GM1488,7894425072420,PARAF RODA CROM CORSA MONZA KADETT94 -CHAVE17MM,7,73181500,L
FT1086,7894425072604,PARAF RODA CROM PALIO -CHAVE 19 MM,7,73181500,L
FT1084,7894425072581,PARAF RODA CROM TIPO -CHAVE 19 MM,7,73181500,L
FT0358,7894425007002,PARAF RODA DIAN TRAS TIPO TDS,5,73181500,L
FT0162A,7894425157776,PARAF RODA SEXTAVADO PALIO UNO SIENA TEMPRA  147,5,73181500,L
FT0162,7894425004698,PARAF RODA UNO ELBA FIORINO PUNTO MAREA BRAVA,4,73181500,L
FT0168,7894425004759,PINO BOMBA GASOLINA FIAT (TODOS),7,73181500,L
FT0159,7894425004667,PINO GUIA RODA TLINHA FIAT TODOS,7,73181500,L
GM3227,7894425167638,PRISIONEIRO RODA D T ONIX PRISMA CRUZE -LONGO,8,73181500,L
IP2216,7894425133541,PORCA  RODA CROM FRONTIER PATHFINDER - CHAVE 21MM,13,73181600,L
VW0415,7894425016509,PORCA CEGA PRETA LIMPADOR,4,73181600,L
VW0168,7894425013416,PORCA REGULAGEM VALVULA (GASOLINA) CHAVE 13MM,2,73181600,L
GM1487,7894425072413,PORCA RODA CROM OPALA 81 92-CHAVE 19 MM,5,73181600,L
VW1057,7894425023989,PORCA RODA KOMBI 1600 81   SEXTAVADO CHAVE 19MM,5,73181600,L
VW0496,7894425017384,PORCA SEMI-EIXO PASSAT ANTIGO,15,73181600,L
VW0496A,7894425017391,PORCA SEMI-EIXO PASSAT MODERNO,20,73181600,L
FD2541,7894425183188,TUCHO VELA CONICO FIESTA ZETEC ROCAM M14 CHAVE17,21,73181900,L
IP4073,7894425183157,TUCHO VELA PARALELO CLIO 2061.0 16V M12 CHAVE 5X8,24,73181900,L
VW0161,7894425013331,ARRUELA PINHAO DISTRIBUIDOR FINA 1300,4,73182100,L
VW0494,7894425017360,ARRUELA CALCO PARAF SUPORTE MOTOR GOL SAVEIRO,7,73182200,L
VW0983,7894425023118,ARRUELA ENCOSTO POLIA DINAMO,20,73182200,L
VW0334,7894425015519,CHAVETA EIXO PILOTO,12,73182400,L
VW0110,7894425012693,CHAVETA POLIA MOTOR VOLKS TODOS,5,73182400,L
VW0110A,7894425012709,CHAVETA POLIA VIRABRIQUIM PARATI GOL SANTANA,7,73182400,L
VW0739,7894425020292,ALAV TRAMB GOL PARATI SAVEIRO 5 M TDS GER III,26,73182900,L
VW0181,7894425013584,PINO BOMBA GASOLINA 1300 1500,7,73182900,L
VW0465,7894425017056,TRAVA CABO ACELERADOR AO CARBURADOR SANTANA SOLEX,5,73182900,L
GM0159B,7894425008078,TRAVA CABO EMBREAGEM MONZA TODOS,4,73182900,L
GM0103,7894425007347,TRAVA CABO EMBREAGEM OPALA GRANDE,2,73182900,L
GM0118,7894425007514,TRAVA CABO EMBREAGEM OPALA PEQ,2,73182900,L
VW0523,7894425017681,TRAVA CAIXA SATELITE,8,73182900,L
VW0604,7894425018565,TRAVA FLEXIVEL FREIO,10,73182900,L
VW1079,7894425024306,TRAVA ROLAMENTO EIXO DIANT PASSAT GOL,13,73182900,L
VW2841,7894425105265,TRAVA ROLAMENTO RODA DIANT GOL 94  MONZA,10,73182900,L
FT2131,7894425131448,FEIXE MOLA UNO MILLE GNV ATE 13 - 4 LAMINAS,351,73201000,L
VW0259,7894425014611,MOLA RETORNO ACELERADOR VARIANT BRASILIA,4,73202090,L
VW0206C,7894425013942,"ANEL COMPENSACAO CABECOTE FERRO 1300 1,0",8,73269090,L
VW0608,7894425018602,DISTRIBUIDOR FREIO,53,74122000,L
GM0188,7894425008672,DISTRIBUIDOR FREIO LINHA GM 8 MM,79,74122000,L
IP4074,7894425183164,TUCHO VELA CONICO CLIO 206 1.0 16V M12 CHAVE 5X8,15,74153900,L
FD2540,7894425183171,TUCHO VELA PARALELO FIESTA ZETEC ROCAM M14 CHAVE17,28,74153900,L
VW2231,7894425087844,CARCACA BOMBA AGUA GOL CHT ESCORT C VALV 1 SAIDA,96,76169900,L
VW2073,7894425066139,PEDAL ACEL GOL VOYAGE PARATI MOTOR REF AR C GARFO,50,83023000,L
VW2074,7894425066146,PEDAL ACEL GOL VOYAGE SAV MOTOR REF AGUA C GARFO C,55,83023000,L
FD2580,7894425187735,REP ALAV CAMBIO KA 18  FIESTA 18,31,83023000,L
FT2630,7894425165047,SUP COXIM MOTOR UNO NOVO 04 13,109,83023000,L
GM1888,7894425080425,TAMPA VALV CORSA ATE 99,48,84099112,L
VW0207A,7894425014017,COLETOR ADMISSAO BR CARB SIMPLES DIR,76,84099115,L
VW0207,7894425014000,COLETOR ADMISSAO BR CARB SIMPLES ESQ,76,84099115,L
FD0441A,7894425032707,CAMARA VALV TERM C  RETORNO ESCORT 83 95 GOL 1.0 1.6 AE 89 96,44,84099190,L
FD0441,7894425029264,CAMARA VALV TERM ESCORT 1.6 CHT 89  GOL 1.6 CHT 92 96,50,84099190,L
VW1370,7894425031021,CAP DESAF GOL VOYAGE 1.8 ALC GAS,130,84099190,L
VW3209,7894425124624,CAPA PROT COR GOL 1.6 1.8 2.0 8V 87,34,84099190,L
VW2405,7894425088148,CONEXAO BLOCO MOTOR VOLKS TDS C MOTOR AP(1X8MM 1X1,13,84099190,L
GM2640,7894425124686,CONEXAO COLETOR ADMISSAO CORSA MERIVA MONTANA 06,10,84099190,L
VW0167B,7894425057786,PARAF REG VALV SOB MEDIDA 8X1X31,5,84099190,L
GM2641,7894425124570,REP CAPA PROT COR DENT CORSA 8V  94 02 CELTA 8,52,84099190,L
VW3707,7894425155369,REP CAPA PROT COR DENT GOL AP 1.6 1.8 2.0 (PLAST),149,84099190,L
FT2568,7894425160905,SUP CAPA COR DENT PALIO FIRE 1.3 1.4 8V 03 12,48,84099190,L
GM2001,7894425087882,TAMPA COMANDO VALV CORSA 8V MPF VHC 99  CELTA 8V V,50,84099190,L
IP2661,7894425145162,TAMPA OLEO LOGAN SANDERO 1.0 1.6 08  KANGOO 1.0 1.6 97,63,84099190,L
VW0265,7894425014727,TAMPA PENEIRA CARTER 1300 COMPLETA,18,84099190,L
VW0826A,7894425031229,TAMPA VALV MOTOR AP GOL 90,88,84099190,L
FT2474,7894425154898,TAMPA VALV TERM UNO 1.0 1.3 1.5 85   EXCT FIRE,15,84099190,L
FT0158,7894425004650,TRAVA CABO ACELERADOR FIAT,15,84099190,L
VW0804,7894425021060,TRAVA CABO ACELERADOR GOL SANTANA PARATI MOTOR 1.8,20,84099190,L
VW0800,7894425021015,TRAVA CABO ACELERADOR SANTANA PASSAT,20,84099190,L
VW3468,7894425139604,TUBO FLUXO AGUA KOMBI T2 1.4 FLEX 06,12,84099190,L
VW0370,7894425015830,TUBO GUIA VARETA OLEO MOTOR AP,71,84099190,L
VW0414,7894425016493,FLANGE GUIA COLAR EMBREAGEM,58,84099999,L
VW0201,7894425013850,TUBO EXAUSTOR OLEO 1300 1500 (RESPIRO)-CHAPA,61,84099999,L
VW0254A,7894425014567,TUBO EXAUSTOR OLEO BRASILIA PARALELO,52,84099999,L
FT2437,7894425152122,CONEXAO 2 VIAS COL ADM ELBA 90 96 FIORINO 90 94,36,84133090,L
VW3115,7894425120817,FLANGE ENT AGUA CABEC GOL PARATI AP 2.0 16V GAS 98,24,84133090,L
VW3114,7894425120800,FLANGE ENTR AGUA CABEC MOTOR AP 8V 1.6 1.8 2.0 EFI,29,84133090,L
GM3087,7894425159701,REP CARC VALV TERM ASTRA 1.8L 2.0 MPFI 8V 99 04  KADETT 1.8 2.0 EFI MPFI 91,192,84133090,L
FT2027,7894425124679,FLANGE BOMBA COMB PALIO SIST BOSCH PALIO FIRE TDS,50,84139190,L
VW1449,7894425034060,FILTRO AR BR KOMBI 1500 1600 DUPLA 74 78,16,84219999,L
VW1734,7894425047459,BOCAL ENCHIMENTO OLEO NOVA KOMBI,26,84814000,L
GM1348,7894425059056,ROL EMBR CHEVETTE (L 2946) (RDC 1012),133,84821090,L
GM1343,7894425059049,ROL EMBR OPALA COMODORO CARAVAN DIPLOMATA(L 2842)(,152,84821090,L
FT1054,7894425066153,ROL COL DIR MILLE TEMPRA FIORINO PALIO 95,72,84824000,L
VW0517,7894425017612,ROL COL DIR SEDAN ANTIGO,58,84828000,L
VW2845,7894425105067,ROL COL DIR SEDAN BRASILIA VARIANT II 77,61,84828000,L
VW2848,7894425105135,ROL COL DIR SUP SANTANA GOL VOYAGE CAMINHOES,95,84828000,L
VW2846,7894425105074,ROL COL DIR VOYAGE GOL CTRAVA DIRECAO,63,84828000,L
GM2734T,7894425155444,MANCAL TRAMB CELTA  CORSA VECTRA ASTRA (ALUMINIO),52,84833090,L
VW3063,7894425117831,ENG VIRABREQUIM GOL SANTANA PST MOTOR 1.8 2,95,84834090,L
FD0491,7894425032738,REP DIST COMP CORCEL,156,84834090,L
VW1191A,7894425026218,POLIA BOMBA AGUA VOYAGE PARATI S AC 85,55,84835010,L
VW1797,7894425051869,Polia do Virabrequim Gol Saveiro Parati motor AT 1.0 16V ate Ago-01 16V Turbo 00 - 6 Canais,85,84835010,L
VW0193A,7894425013751,"POLIA MOTOR FUSCA BRASILIA STD 49,9MM",135,84835010,L
VW0264,7894425014680,"POLIA MOTOR KOMBI FUSCA BRASILIA 50,4MM (+1",140,84835010,L
VW0264C,7894425014710,"POLIA MOTOR KOMBI FUSCA BRASILIA 50,9MM (+2)",135,84835010,L
VW1796,7894425051852,POLIA VIRAB GOL SAV PARATI 1.0 AT 8V 97   6 CANAIS,133,84835010,L
VW1054,7894425023958,REP VEDADOR RODA TRAS KOMBI1500 BR SEDAN VTE,21,84842000,L
FD0353,7894425003141,HELICE RAD CORCEL DEL REY 4 FUROS,42,87082919,L
GM0429,7894425011511,HELICE RAD CORSA WIND WAGON PICK UP 95 95,61,87082919,L
GM0416,7894425011375,HELICE RAD OPALA 77 92,64,87082919,L
FT2497,7894425156281,TUBO ADAP SAIDA AGUA MANG RAD INF PALIO  3 4X1 2,45,87082919,L
VW3728,7894425156328,TUBO ADAP SAIDA AGUA UNIVERSAL 3 4,31,87082919,L
VW3727,7894425156311,TUBO ADAP SAIDA AGUA UNIVERSAL 3 4 X 1 2,23,87082919,L
VW3726,7894425156304,TUBO ADAP SAIDA AGUA UNIVERSAL 3 4 X 5 8,24,87082919,L
VW3915,7894425167935,TUBO ADAP SAIDA AGUA UNIVERSAL U 3 4,28,87082919,L
IP1784,7894425120770,TUBO REFRIG CIVIC EX LX SEDAN 1.6 16V GAS 97 00,101,87082919,L
GM2820,7894425140075,TUBO REFRIG CORSA SEDAN MONTANA MERIVA 1.0 1.8 06,124,87082919,L
VW4405,7894425192586,CHAPA DEFLETOR KOMBI 1300 1700 97 05,125,87082999,L
VW0326,7894425015410,CHAPA FIX TANQUE GASOLINA,7,87082999,L
VW0467,7894425017070,CHAPA PROT POLIA SEDAN KOMBI ATE 82 FURO PQ MEDIO,66,87082999,L
VW3659,7894425152818,COIFA ALAV CAMBIO C  BASE LONGA GOL VOYAGE PRETA,24,87082999,L
VW1042A,7894425023835,FLANGE BOMBA COMB SANTANA GOL GT,7,87082999,L
VW0304,7894425015199,PORCA AMORT PASSAT GOL ATE GERACAO IV,16,87082999,L
VW0122,7894425012822,PORCA FIXACAO RESPIRO,16,87082999,L
VW0720,7894425020087,PORTINHOLA TAMPA GASOLINA SEDAN,106,87082999,L
FD0621,7894425040450,PROT CARTER PAMPA 1.6 1.8 AP DELREY BELINA 90,143,87082999,L
VW0615,7894425018688,RES FREIO DUPLO BRASILIA VARIANT,39,87082999,L
IP2530,7894425143144,"TAMPA RES AGUA RAD C3 1.4 1.6 02  SANDERO KANGOO 08   - 1,50BAR",29,87082999,L
VW0121,7894425012815,TAMPA RESPIRO OLEO FUSCA ATE 96 KOMBI 57 05 GOL 80 87,15,87082999,L
VW0194A,7894425137884,VENTUINHA ALTERNADOR,240,87082999,L
IP0188,7894425043048,PAST FREIO DIANT  ORIGINAL TOPIC TDS,66,87083019,L
IP1827,7894425122125,PAST FREIO DIANT ACCORD EX EXN6 LX 08,84,87083019,L
IP0373,7894425060106,PAST FREIO DIANT AKEBONO ACCENT EXCELL 93,90,87083019,L
IP1821,7894425122064,PAST FREIO DIANT AKEBONO CIVIC CRX 16V ESI 93 00,56,87083019,L
IP0163,7894425042799,PAST FREIO DIANT AKEBONO COROLLA 99,68,87083019,L
IP1819,7894425122040,PAST FREIO DIANT AKEBONO FIT 1.4I LX MT AT 03 09,69,87083019,L
IP2807,7894425149009,PAST FREIO DIANT AKEBONO HB20 1.6 HB20 S 12,77,87083019,L
IP1850,7894425122354,PAST FREIO DIANT AKEBONO PAJERO L-200 2.5 HPE 02,61,87083019,L
IP0361,7894425059681,PAST FREIO DIANT BENDIX GIRL XSARA 97  KANGOO 1.0,74,87083019,L
VW1937,7894425060779,PAST FREIO DIANT BENDIX LOGUS 93 97 POINTER 95 96,40,87083019,L
IP0401,7894425060410,PAST FREIO DIANT BENDIX PEUGEOT 206 1.0 98,42,87083019,L
VW3607,7894425148705,PAST FREIO DIANT BOSCH FOX 1.0 ARO 13 02  1.6 10,80,87083019,L
IP1810,7894425121951,PAST FREIO DIANT BOSCH PEUG 206 207 01,63,87083019,L
FD1850,7894425123207,PAST FREIO DIANT BOSCH RANGER EXPLORER 95,50,87083019,L
FT1974,7894425121654,PAST FREIO DIANT BOSCH STILO 1.8 8V 03,48,87083019,L
IP2803,7894425148934,PAST FREIO DIANT C3 1.5  NOVO PALIO 12,47,87083019,L
IP1861,7894425122460,PAST FREIO DIANT C3 C2 1.1 1.4 8V 02,55,87083019,L
GM2927,7894425148545,PAST FREIO DIANT CELTA 1.0 09  AGILE 1.4,42,87083019,L
IP1831,7894425122163,PAST FREIO DIANT CITY 1.5 16V NEW FIT 1.4,80,87083019,L
IP1847,7894425122323,PAST FREIO DIANT COROLLA 1.8 08,85,87083019,L
GM0928,7894425042515,PAST FREIO DIANT CORSA 1.0 1.4 1.6 94  CELTA,39,87083019,L
FD0658,7894425042348,PAST FREIO DIANT FIESTA 95 02 KA 96 09,39,87083019,L
FD1841,7894425121609,PAST FREIO DIANT FOMOCO FUSION SEL 2.3 16V 06,56,87083019,L
IP1854,7894425122392,PAST FREIO DIANT GIRL BERLINGO 1.6 16V 1.8I 1.9 2.,52,87083019,L
MB0113,7894425042744,PAST FREIO DIANT GIRL CLASSE A,64,87083019,L
IP0176,7894425042928,PAST FREIO DIANT GIRL CLIO 98  MEGANE 96  LOGAN SA,44,87083019,L
VW1932,7894425060724,PAST FREIO DIANT GIRL GOLF GLX 95  POLLO AUDI CAB,69,87083019,L
IP1807,7894425121920,PAST FREIO DIANT GIRLING CLIO MEGANE LOGAN SANDERO,52,87083019,L
VW1609,7894425042126,PAST FREIO DIANT GOL 1.8 84 00 SOLIDO,40,87083019,L
VW1612,7894425042157,PAST FREIO DIANT GOL 2.0 93 94 VENTILADO,42,87083019,L
VW1610,7894425042133,PAST FREIO DIANT GOL 95  GIII 1.0 16V CORSA,36,87083019,L
VW3609,7894425148712,PAST FREIO DIANT IMP AMAROK 10  TRANSIT 09,71,87083019,L
IP2973,7894425153792,PAST FREIO DIANT IMP ETIOS 1.3 1.5 12  SEDAN CROSS,87,87083019,L
IP2809,7894425149023,PAST FREIO DIANT IMP HB20 1.0 12,71,87083019,L
IP2798,7894425148880,PAST FREIO DIANT IMP HR 2.5 TCI HD 4X2 8V 05,87,87083019,L
IP2800,7894425148903,PAST FREIO DIANT IMP IX 35 SONATA 2.4 16V 10,100,87083019,L
IP2805,7894425148989,PAST FREIO DIANT IMP LIVINA TIIDA 10,84,87083019,L
IP2810,7894425149047,PAST FREIO DIANT IMP MARCH 1.0 1.6 16V 12,87,87083019,L
GM3228,7894425167706,PAST FREIO DIANT IMP NOVO SPIN 17 NOVO COBALT 17,74,87083019,L
FD2155,7894425149030,PAST FREIO DIANT LUCCAS NEW FIESTA 12  KA 13,76,87083019,L
IP2806,7894425148996,PAST FREIO DIANT MANDO DUSTER 2.0 16V 11,112,87083019,L
IP1890,7894425122750,PAST FREIO DIANT MANDO KIA SOUL 1.6 16V 09  SPORTA,84,87083019,L
IP0386,7894425060267,PAST FREIO DIANT PAJERO IO,87,87083019,L
FT0704,7894425042669,PAST FREIO DIANT PALIO 1.0 8 16V 98 09,36,87083019,L
FT0703,7894425042652,PAST FREIO DIANT PALIO SIENA 1.6 16V 01,37,87083019,L
IP3746,7894425174438,PAST FREIO DIANT RENAULT KWID 2017,72,87083019,L
IP0162,7894425042768,PAST FREIO DIANT SUMITOMO CIVIC,79,87083019,L
IP0370,7894425060076,PAST FREIO DIANT SUMITOMO CIVIC 1.6 16V 92,71,87083019,L
IP0389,7894425060298,PAST FREIO DIANT SUMITOMO NISSAN FRONTIER TDS 98,66,87083019,L
IP0182,7894425042980,PAST FREIO DIANT TEVES ALFA  BRAVO 2.0 MAREA 98,114,87083019,L
VW1938,7894425060786,PAST FREIO DIANT TEVES APOLLO 90 92 KIA SEPHIA 93,32,87083019,L
GM0926,7894425042492,PAST FREIO DIANT TEVES ASTRA ARO 14,117,87083019,L
GM1366,7894425059551,PAST FREIO DIANT TEVES ASTRA ARO 15 VECTRA ZAFIRA,95,87083019,L
FT2409,7894425148811,PAST FREIO DIANT TEVES BRAVO 1.4 TJET 10,95,87083019,L
GM2933,7894425148606,PAST FREIO DIANT TEVES COBALT 1.4 1.8 C ABS 13,80,87083019,L
GM2931,7894425148583,PAST FREIO DIANT TEVES COBALT 1.4 1.8 S ABS 12,58,87083019,L
IP0178,7894425042942,PAST FREIO DIANT TEVES CORDOBA 1.4 1.6 1.8 93,74,87083019,L
FD2154,7894425148965,PAST FREIO DIANT TEVES COURRIER 09,47,87083019,L
GM2932,7894425148590,PAST FREIO DIANT TEVES CRUZE S  ALARME 10,92,87083019,L
FT0986,7894425059926,PAST FREIO DIANT TEVES DOBLO 02,61,87083019,L
FD2156,7894425149054,PAST FREIO DIANT TEVES ECOSPORT 2.0 AUTOM 09,101,87083019,L
FD0659,7894425042355,PAST FREIO DIANT TEVES FIESTA 1.4 ATE 96  KA 1.6 0,32,87083019,L
FD1842,7894425121616,PAST FREIO DIANT TEVES FIESTA 1.6 C ABS 02,80,87083019,L
FT2459,7894425153891,PAST FREIO DIANT TEVES FIORINO 1.4 MPI 8V 14,80,87083019,L
FT2407,7894425148798,PAST FREIO DIANT TEVES FIORINO 10   C PISTAO ACO,48,87083019,L
VW3606,7894425148699,PAST FREIO DIANT TEVES FOX 1.6 03  GOLF 02,80,87083019,L
VW1613,7894425042164,PAST FREIO DIANT TEVES GOL 1.3 1.6 80 VOYAGE 1.6,28,87083019,L
VW3610,7894425148729,PAST FREIO DIANT TEVES GOL GV 1.6 VOYAGE 11,72,87083019,L
VW1614,7894425042171,PAST FREIO DIANT TEVES GOL PARATI 2.0 94   VERSALL,40,87083019,L
IP2801,7894425148910,PAST FREIO DIANT TEVES HILUX 10,76,87083019,L
FT2406,7894425148781,PAST FREIO DIANT TEVES IDEA 1.4 DOBLO 09,32,87083019,L
FD2152,7894425148941,PAST FREIO DIANT TEVES KA 1.0 09,47,87083019,L
VW1616,7894425042195,PAST FREIO DIANT TEVES KOMBI 82,39,87083019,L
IP2891,7894425151323,PAST FREIO DIANT TEVES LOGAN SANDERO 14,93,87083019,L
GM2577,7894425121746,PAST FREIO DIANT TEVES MERIVA 1.8 8V ARO 14,84,87083019,L
GM0931,7894425042546,PAST FREIO DIANT TEVES OPALA CARAVAN 79 92,29,87083019,L
VW1617,7894425042201,PAST FREIO DIANT TEVES PARATI 1.6 1.8 95,37,87083019,L
FT0710,7894425042720,PAST FREIO DIANT TEVES UNO MILLE 85 95,42,87083019,L
VW3909,7894425167713,PAST FREIO DIANT TEVES UP 14   DISCO 239 MM,88,87083019,L
GM0935,7894425042584,PAST FREIO DIANT TEVES VECTRA GL GLS 97,60,87083019,L
IP1852,7894425122378,PAST FREIO DIANT TOKICO L-200 TRITON TDS PAJERO DA,79,87083019,L
IP1839,7894425122248,PAST FREIO DIANT TRW COROLLA 1.6 1.8 2.0 16V 02,47,87083019,L
GM1367,7894425059568,PAST FREIO DIANT TRW CORSA 02,44,87083019,L
FT0705,7894425042676,PAST FREIO DIANT UNO WAY ECONOMY 09 10,37,87083019,L
IP2808,7894425149016,PAST FREIO DIANT VARGA DUSTER 1.6 11,71,87083019,L
VW1615,7894425042188,PAST FREIO DIANT VARGA GOL PARATI 94 VERSALLES ROY,53,87083019,L
GM0929,7894425042522,PAST FREIO DIANT VARGA MONZA 1.6 1.8 82 96 DELREY,44,87083019,L
GM0933,7894425042560,PAST FREIO DIANT VARGA S-10 4X2 95,66,87083019,L
IP2821,7894425148484,PAST FREIO TRAS AKEBONO ACCORD VII 2.2I 99 03,72,87083019,L
IP1825,7894425122101,PAST FREIO TRAS AKEBONO CIVIC 1.6I 16V VTEC 90 92,88,87083019,L
FT1976,7894425121678,PAST FREIO TRAS BOSCH LINEA TJET MULTIJET 1.3 1.4,58,87083019,L
IP1849,7894425122347,PAST FREIO TRAS COROLLA 1.8 08,69,87083019,L
FD1839,7894425121586,PAST FREIO TRAS FOMOCO FUSION 2.3 SEL 06,58,87083019,L
VW1931,7894425060717,PAST FREIO TRAS GIRL BORA 98  GOLF 99  PST VTE 95,50,87083019,L
GM1363,7894425059896,PAST FREIO TRAS TEVES ASTRA 92 95 VECTRA 97,37,87083019,L
IP2817,7894425148446,PAST FREIO TRAS VARGA TRW COROLLA 1.6 1.8 16V 02,37,87083019,L
IP1894,7894425122798,PASTILHA FREIO DIANTEIRA I30 09  (AKEBONO),80,87083019,L
IP2044,7894425128578,REG FREIO AUT 1 RODA TRAS DIR 206 SANDERO TIPO1.6,141,87083019,L
IP2045,7894425128585,REG FREIO AUT 1 RODA TRAS ESQ 206 SANDERO TIPO1.6,141,87083019,L
GM2374,7894425109560,REP SAPATA 1 RODA TRAS ESQ DIR CELTA 1.0 1.4 00  PRISMA 1.4 07 12,23,87083019,L
FT0852,7894425053955,REP SAPATA 2 RODAS TRAS PALIO TDS,26,87083019,L
FD0289A,7894425002366,VALV REG FREIO ESQ ESCORT 83 92 HOBBY 93 96 VERONA 89 92,64,87083019,L
VW2883,7894425109591,VALV REG FREIO FOX 1.0 1.6,32,87083019,L
GM0211A,7894425009129,VALV REG FREIO KADETT 89 98 MONZA 88 96 FOCUS 1.8 2.0 00 09,68,87083019,L
GM0211,7894425009112,VALV REG FREIO MONZA 1.6 1.8 2.0 82 96 OPALA 1.8 2.0 91 96,64,87083019,L
GM2962,7894425151248,VALV REG FREIO OPALA CARAVAN 4 6CC DISCO TRAS91 93,61,87083019,L
FT0830,7894425053498,VALV REG FREIO PALIO 1.0 1.5 8V 1.6 8 16V 96 02 C ABS,64,87083019,L
VW1807,7894425053566,VALV REG FREIO PARATI 82 94 DUPLA,133,87083019,L
VW1804,7894425053474,VALV REG FREIO POINTER LOGUS 92 96 VERONA ESCORT XR3 93 96,64,87083019,L
VW1318,7894425028489,ALAV FREIO MAO COMP MAO SEDAN BRASILIA,77,87083090,L
GM1504,7894425072208,ALAV FREIO MAO COMP OPALA CARAVAN,196,87083090,L
FD2549,7894425184062,CABO DESTRAV FREIO PAMPA TODOS OUT-84   - 252MM,31,87083090,L
VW2141,7894425069055,CABO FREIO APOLLO DIANT ESCORT 83 91- 160 MM,10,87083090,L
VW2142,7894425069062,CABO FREIO APOLLO TRAS DIR TDS ESCORT 83 89 - 1368,47,87083090,L
VW2143,7894425069079,CABO FREIO APOLLO TRAS ESQ TDS ESCORT 83 89 - 1573,55,87083090,L
VW2132,7894425068966,CABO FREIO BR ATE 81 VTI I TL TDS -1680 MM,40,87083090,L
GM1580,7894425077630,CABO FREIO CHEVETTE 73 86 - 2500 MM,37,87083090,L
GM1581,7894425077647,CABO FREIO CHEVETTE 87  -2490 MM,45,87083090,L
FD1045,7894425070136,CABO FREIO CORCEL I BELINA DIANT 72 78,37,87083090,L
FD1044,7894425070129,CABO FREIO CORCEL II BELINA II TRAS 82  DEL REY 81,18,87083090,L
FD2272,7894425158377,CABO FREIO DIANT FIESTA ECOSPORT 02 06 - 335MM,39,87083090,L
FT1141,7894425076008,CABO FREIO FIAT 147 SPAZIO OGGI PICK-UP 76   -2300,79,87083090,L
FT1157,7894425076169,CABO FREIO FIORINO 94   -3311 MM,74,87083090,L
VW2147,7894425069116,CABO FREIO GOL 1.0 1.6 1.8 2.0 94   -2950 MM,79,87083090,L
VW2139,7894425069031,CABO FREIO GOL SAVEIRO 1.3 1.6 AR GOL 1.6 AGUA ATE,79,87083090,L
VW2140,7894425069048,CABO FREIO GOL SAVEIRO VOYAGE MOTOR 1.8 98  -2600,111,87083090,L
GM1582,7894425077654,CABO FREIO KADETT IPANEMA TRAS ESQ A TAMBOR 89  -8,32,87083090,L
GM1592,7894425077753,CABO FREIO KADETT TRAS DIR A TAMBOR 89  -1947 MM,128,87083090,L
VW2135,7894425068997,CABO FREIO KOMBI 1500 ATE 75 - 3390 MM,31,87083090,L
VW2137,7894425069017,CABO FREIO KOMBI CLIPPER 82  - 3553 MM,53,87083090,L
VW2136,7894425069000,CABO FREIO KOMBI CLIPPER C CRUZETA 76  77 -3440 MM,31,87083090,L
VW3338,7894425129148,CABO FREIO KOMBI T2 MOTOR A AGUA FLEX 06   - 2980,60,87083090,L
VW2144,7894425069086,CABO FREIO LOGUS POINTER DIANT TDS ESCORT 92   - 1,8,87083090,L
GM1824,7894425079894,CABO FREIO MERIVA C FREIO DISCO FLEX 03  - 1288 MM,149,87083090,L
GM1588,7894425077715,CABO FREIO MONZA TRAS DIR 84 91 - 2064 MM,98,87083090,L
GM1589,7894425077722,CABO FREIO MONZA TRAS DIR A TAMBOR 92   -2080 MM,135,87083090,L
GM1575,7894425077586,CABO FREIO MONZA TRAS ESQ ATE 91 TAMBOR 92  - 880,29,87083090,L
GM1576,7894425077593,CABO FREIO OPALA CARAVAN TRAS A DISCO 71 78- 3346,64,87083090,L
VW2134,7894425068980,CABO FREIO PST TDS - 2230 MM,52,87083090,L
VW2138,7894425069024,CABO FREIO SANTANA  QUANTUM 84  VERSALLES 91   - 2,56,87083090,L
VW2150,7894425069147,CABO FREIO SAVEIRO 1.6 1.8 2.0 97  - 3160 MM,124,87083090,L
VW2131,7894425068942,CABO FREIO SEDAN 1200 1300 KARMANN GHIA ATE 81- 16,44,87083090,L
VW2284,7894425068959,CABO FREIO SEDAN 1300 1500 1600 BR 81   -1710 MM,44,87083090,L
FD2550,7894425184055,CABO FREIO TRAS ESQ ESCORT FEV-89   - 1573MM,68,87083090,L
VW3087,7894425119613,CABO FREIO TRAS LOGUS POINTER 94 96 ALC GAS - 3240,101,87083090,L
FT2097,7894425129612,CABO FREIO UNO MILLE FIRE 1.0 MPI 8V DIR FLEX 08,63,87083090,L
FT1142,7894425076015,CABO FREIO UNO PREMIO ELBA  FIORINO ATE 91- 2830 M,88,87083090,L
FT1487,7894425088377,CABO FREIO UNO PREMIO ELBA FIORINO ATE 91 -3843 MM,64,87083090,L
GM1820,7894425079856,CABO FREIO VECTRA INTERM GAS 97  ASTRA FLEX 00  -3,47,87083090,L
FD0807,7894425049880,"CANO CIL MESTRE ESCORT VERONA APOLLO COMP 3,760",60,87083090,L
VW1823,7894425049866,"CANO CIL MESTRE GOL PARATI SAVEIRO COMP 3,700",61,87083090,L
GM1186,7894425049927,"CANO CIL MESTRE MONZA 82 90 COMP 4,335",64,87083090,L
FT0851,7894425049859,"CANO CIL MESTRE PALIO TDS COMP 3,439",53,87083090,L
VW3747,7894425157714,CANO FREIO UNIVERSAL 1500 MM CONEXAO 3 8 (FEMEA),37,87083090,L
VW3748,7894425157721,CANO FREIO UNIVERSAL 1500 MM CONEXAO M 10,26,87083090,L
VW2382,7894425080418,CIL RODA DIANT DIR INF KOMBI 66 81,96,87083090,L
VW2380,7894425080395,CIL RODA DIANT DIR SUP KOMBI 66 81 (9216),96,87083090,L
VW2381,7894425080401,CIL RODA DIANT ESQ INF KOMBI 66 81,96,87083090,L
VW2379,7894425080388,CIL RODA DIANT ESQ SUP KOMBI 66 81,96,87083090,L
FD0700,7894425046995,CIL RODA TRAS DIR CORCEL 69 77,42,87083090,L
VW1724,7894425046629,CIL RODA TRAS E D KOMBI CLIPPER 75 80,56,87083090,L
VW1713,7894425046513,CIL RODA TRAS E D SEDAN 1200 1300,47,87083090,L
FT0757,7894425047275,CIL RODA TRAS E D TIPO 1.6 TODOS (9239),63,87083090,L
VW1399,7894425032073,DISCO FREIO 1500 1600 VTE BR DIANT SOL,172,87083090,L
FD0477,7894425032158,DISCO FREIO CORCEL DELREY 69   DIANT SOL,50,87083090,L
GM1901,7894425083136,DISCO FREIO CORSA SEDAN SW 1.0 02  DIANT VENT,66,87083090,L
GM0621,7894425012419,DISCO FREIO CORSA WIND 1.4 94   DIANT SOL,58,87083090,L
FD0479,7894425032172,DISCO FREIO FIESTA KA COURIER 96   DIANT SOL,48,87083090,L
FD1284,7894425083037,DISCO FREIO FOCUS 2000  ECO SPORT 1.6 DIANT VENT,80,87083090,L
VW2383,7894425075995,DISCO FREIO GOL GTI 16V SANTANA PARATI 16 V DIANT,106,87083090,L
VW1403,7894425032110,DISCO FREIO GOL GTS GTI SANTANA PARATI 89  DIANT V,50,87083090,L
VW1400,7894425032080,DISCO FREIO KOMBI DIANT SOL 82,109,87083090,L
VW1402,7894425032103,DISCO FREIO LOGUS PST ESCORT FIESTA 92  DIANT VENT,53,87083090,L
GM0617,7894425012372,DISCO FREIO MONZA KADETT CORSA 1.6 82   DIANT VENT,40,87083090,L
FT2182,7894425133121,DISCO FREIO NOVO UNO 1.0 1.4 10  NOVO PALIO 1.4 12,101,87083090,L
GM3035,7894425156700,DISCO FREIO ONIX 1.0 1.4 13  COBALT 1.4 1.8 12,58,87083090,L
GM0620,7894425012402,DISCO FREIO OPALA CARAVAN 81   DIANT VENT,162,87083090,L
FT0483,7894425032233,DISCO FREIO PALIO 16V SIENA 1.6 DIANT VENT,66,87083090,L
VW1404,7894425032127,DISCO FREIO PST GOL VOYAGE PARATI SANTANA 74  DIAN,26,87083090,L
FT0478,7894425032189,DISCO FREIO TEMPRA 92   DIANT VENT,68,87083090,L
FT0485,7894425032257,DISCO FREIO UNO ELBA PALIO1.0 1.6 84   DIANT SOL,36,87083090,L
FT0455,7894425031199,HASTE FREIO MAO UNO,26,87083090,L
IP1818,7894425122033,PAST FREIO DIANT AKEBONO ACCORD AERODECK 2.0 ARO 1,69,87083090,L
VW2085,7894425072215,REP ALAV FREIO MAO KOMBI TODAS,173,87083090,L
GM3341,7894425175992,REP PINCA DIANT ASTRA 99  ZAFIRA 02   SIST ATE,10,87083090,L
GM3347,7894425176197,REP PINCA DIANT ASTRA ARO 14 98   SIST ATE - 52 MM,15,87083090,L
VW4052,7894425175985,REP PINCA DIANT FOX 98  FIESTA 96  PALIO 97   ATE,8,87083090,L
VW4054,7894425176012,REP PINCA DIANT FUSCA 69 96 SIST ATE - 40MM,20,87083090,L
FD2467,7894425176371,REP PINCA DIANT FUSION 06   SIST FOMOCO - 57MM,28,87083090,L
VW4050,7894425175930,REP PINCA DIANT GOL 80 96 PARATI 83 96 SIST ATE,10,87083090,L
VW4053,7894425176005,REP PINCA DIANT KOMBI 82 97 SIST ATE - 54 MM,21,87083090,L
FT2780,7894425176043,REP PINCA DIANT PALIO 96 98  GOL 84 00 SIST ATE,13,87083090,L
FT2779,7894425175978,REP PINCA DIANT UNO 84 98 GOLF 96 98 SIST VARGA,16,87083090,L
VW1407,7894425032349,TAMBOR FREIO 1300 1500 4 F 73  TRAS S CUBO,68,87083090,L
VW1408,7894425032356,TAMBOR FREIO 1300 4F 75  DIANT C CUBO,156,87083090,L
VW1409,7894425032363,TAMBOR FREIO 1300 4F 75  TRAS C CUBO,119,87083090,L
VW1410,7894425032370,TAMBOR FREIO 1300 5 F 69  TRAS C CUBO,108,87083090,L
FD0481,7894425032448,TAMBOR FREIO CORCEL BELINA 81   TRAS C CUBO,87,87083090,L
GM0632,7894425032530,TAMBOR FREIO CORSA WIND 1.0 1.4 94  TRAS C CUBO,72,87083090,L
FD0482,7894425032455,TAMBOR FREIO FIESTA NAC KA 96   TRAS C CUBO,88,87083090,L
VW1414,7894425032417,TAMBOR FREIO PST GOL VOYAGE SANTANA ATE 84 TRAS C,90,87083090,L
FT0488,7894425032486,TAMBOR FREIO UNO 1.5 FIORINO PALIO 84   TRAS S CUB,53,87083090,L
VW2904,7894425111419,GARFO 3 4 VEL,106,87084090,L
VW0344,7894425015571,SELETOR GARFO RE,117,87084090,L
VW2905,7894425111426,SELETOR GARFO RE,48,87084090,L
GM0580,7894425030345,CALOTA CUBO RODA DIANT CHEVETTE MONZA KADETT CORSA,7,87087090,L
VW0443,7894425016806,CALOTA GRAXA SEDAN C  FURO,31,87087090,L
VW0444,7894425016813,CALOTA GRAXA SEDAN S  FURO,24,87087090,L
VW0788,7894425020865,REP CALOTA RODA TRAS S RET C ARRUELA GOL VOYAGE TDS,23,87087090,L
VW3641,7894425151736,REP ROL RODA DIANT FUSCA 74,44,87087090,L
VW2779,7894425100413,REP ROL RODA DIANT KOMBI 83,50,87087090,L
VW1471,7894425035319,REP ROL RODA TRAS GOL ATE 94,40,87087090,L
GM2213,7894425100390,REP ROL RODA TRAS MONZA KADETT IPANEMA CORSA,28,87087090,L
VW0738,7894425020285,ALAV TRAMB PST GOL VOYAGE PARATI SAV 4 M,18,87088000,L
FD0402,7894425003660,BAND DIANT DIR ESQ S PIVO ESCORT LOGUS POINTER,120,87088000,L
VW0611,7894425018633,PARAF RODA SEDAN,8,87088000,L
GM3120,7894425161742,PIVO SUSP INF CORSA 02  MONTANA 04 10-16MM,52,87088000,L
GM3116,7894425161704,PIVO SUSP INF CORSA98 02 CLASSIC 98 11 - 15MM,44,87088000,L
VW3407,7894425134661,PIVO SUSP INF DIR FOX 03 07 SPACEFOX 06  POLO 02,68,87088000,L
VW3796,7894425162244,PIVO SUSP INF DIR GOL 80 92 VOYAGE 81 92 - 15MM,34,87088000,L
VW3406,7894425134654,PIVO SUSP INF ESQ FOX 03 07 SPACE FOX 06  POLO 02,68,87088000,L
VW3843,7894425162718,PIVO SUSP INF ESQ FOX 03 07 SPACE FOX 06  POLO 02,36,87088000,L
VW3804,7894425162329,PIVO SUSP INF GOL PARATI 95 97 DM - 15 MM,50,87088000,L
VW3805,7894425162336,PIVO SUSP INF GOL PARATI SAVEIRO 97 08 DM - 17MM,34,87088000,L
GM3091,7894425161452,"PIVO SUSP INF MONZA 82 96 ASTRA VECTRA94 96-13,5MM",53,87088000,L
FT2580,7894425161261,PIVO SUSP INF PALIO WEEK 01 SIENA 02   - 13MM,36,87088000,L
VW0349,7894425015625,SUP CAIXA CAMBIO KOMBI FUSCA BRASILIA,87,87088000,L
IP3422,7894425166051,MANG RET RES AGUA RAD 206 1.4 8V FLEX 05 10 -700MM,50,87089100,L
FD2357,7894425166075,MANG RET RES AGUA RAD KA 1.0 3CC NEW FIESTA1.0 14,92,87089100,L
FD2406,7894425169496,MANG RET RES AGUA RAD NOVO ECOSPORT SIGMA 1.6L 12,109,87089100,L
GM2434,7894425112478,RAD AGUA CORSA 1.0 1.4 1.6 94 02,236,87089100,L
GM0182D,7894425008405,RAD AGUA CORSA 1.0 1.4 1.6 ATE 95 (2216),200,87089100,L
FD2229,7894425156014,RES AGUA RAD NEW FIESTA10  NOVO KA 14  ECOSPORT,164,87089100,L
VW0308,7894425015236,ABRAC CANO ESCAP 1300 1500,8,87089200,L
VW0642,7894425019098,BENGALA ESCAPAMENTO KOMBI SEDAN 1300 1500 DIREITA,36,87089200,L
VW0642A,7894425019104,BENGALA ESCAPAMENTO KOMBI SEDAN 1300 1500 ESQUERDA,36,87089200,L
FD0790,7894425051326,REP CABO EMBREAGEM ESCORT VERONA 89,24,87089300,L
VW1129,7894425025259,BARRA ESTAB 1500 1600 BR VARIANT TL TC,79,87089482,L
GM0674,7894425034534,BARRA ESTAB DT VECTRA TDS 97  (18 MM),160,87089482,L
VW0862A,7894425021763,BARRA ESTAB GOL PARATI,176,87089482,L
VW1130,7894425025266,BARRA ESTAB KOMBI 1500 CLIPPER (18MM),164,87089482,L
VW0730,7894425020186,BARRA ESTAB SEDAN 1200 1300,79,87089482,L
VW2842,7894425105296,REP BARRA ESTAB KOMBI,184,87089482,L
IP1706,7894425119255,ART DIR HID PEUGEOT 405 87  - 188MM,60,87089490,L
FD1808,7894425118869,ART DIR M H FIESTA 02  ECOSPORT 03   - 274MM,37,87089490,L
FT1001,7894425061813,ART DIR MEC PALIO SIENA 01  STRADA 99   - 270MM,39,87089490,L
FT0572,7894425037177,ART DIR MEC UNO MILLE FIORINO 91   - 220MM,36,87089490,L
FT0347,7894425006890,BRACO SUSP DIANT ESQ DIR UNO ELBA 92,104,87089490,L
FD0444,7894425029394,BRACO SUSP ESCORT VERONA ATE 93 HOBBY DIR,106,87089490,L
FD0443,7894425029387,BRACO SUSP ESCORT VERONA ATE 93 HOBBY ESQ,77,87089490,L
FT2576,7894425161223,TERM DIR DIR PALIO 97  UNO DOBLO 10 15 STRADA98 15,39,87089490,L
GM3099,7894425161537,TERM DIR ESQ MONZA 82 96 KADETT IPANEMA,29,87089490,L
VW3815,7894425162435,TERM DIR GOL VOYAGE SAVEIRO PARATI ATE 11 DH,29,87089490,L
VW0679,7894425019593,ACOPLAMENTO VARAO SEDAN,44,87089910,L
VW0189,7894425013676,ALAV GARFO EMB GOL GTI SANTANA PASSAT,56,87089910,L
VW0950,7894425022807,ALAV GARFO EMB VOLKS 1300 1500 1600,39,87089910,L
VW0702B,7894425019876,BARRA INTERNA CAMBIO KOMBI CLIPPER,136,87089910,L
VW0703,7894425019883,BARRA INTERNA CAMBIO SEDAN TODOS CACHIMBO,130,87089910,L
VW1795,7894425049835,BARRA LIGACAO CAMBIO KOMBI 96   (CACHIMBO),50,87089910,L
VW0660,7894425019326,CAIXA ALAV CAMBIO SEDAN,26,87089910,L
VW0585,7894425018350,SUP CABO FREIO MAO LDO DIR,8,87089910,L
VW0584,7894425018343,SUP CABO FREIO MAO LDO ESQ,8,87089910,L
VW0314,7894425015298,ABRAC ESCAP 35 MM COMPLETA,13,87089990,L
FT0369B,7894425098215,ABRAC GRANDE LDO CAMBIO UNO 94   PALIO TDS,4,87089990,L
FT2329,7894425142291,ACOPL HASTE MOVEL TRAMB MILLE ELBA 1.0 1.5 1.6 CS,223,87089990,L
FT2721,7894425172212,ADAPTADOR EM T MANGOTES LINHA FT GM,53,87089990,L
FD0124,7894425000300,ALAV CAMBIO COMP CORCEL I,68,87089990,L
FD1503,7894425098055,ALAV CAMBIO ESCORT VERONA HOBBY 93 96,72,87089990,L
VW2801,7894425102905,ALAV CAMBIO KOMBI MODERNA 98 C  CURVA,34,87089990,L
VW1053,7894425023941,ARRUELA BALANCIM EIXO PLASTICA 1300 1500,2,87089990,L
VW0960,7894425022883,BAND DIANT DIR C BUCHA S PIVO SANTANA 2.0 88,101,87089990,L
VW0946,7894425022760,BAND DIANT E D C BUCHA S PIVO GOL G-II III IV 93,45,87089990,L
GM0259A,7894425036163,BAND INF ESQ C BUCHA CHEVETTE 73,90,87089990,L
IP2529,7894425142505,BIELETA ESTAB DIANT CENTRAL L-200 SPORT,36,87089990,L
FT0721,7894425043840,BOCAL ENCHIMENTO TANQUE PALIO 96 00,50,87089990,L
VW4369,7894425191336,BUCHA GUIA ALAV GOL VOAYGE 08  FOX 03  POLO 03,20,87089990,L
FT1229,7894425076886,CABO ABERTURA PORTA MALA UNO 85 96- 2820 MM,42,87089990,L
VW2109,7894425068720,CABO ACEL APOLLO TDS ESCORT 1.8 89 92 - 1250 MM,23,87089990,L
GM1568,7894425077517,CABO ACEL ASTRA 1.6 1.8 16 V 99  -745 MM,32,87089990,L
GM1569,7894425077524,CABO ACEL ASTRA GLS 16 V 99  - 625 MM,29,87089990,L
GM1534,7894425077173,CABO ACEL C-10 D-40 85 89 -505 MM,15,87089990,L
GM1513,7894425076961,CABO ACEL CHEVETTE 1.4 CARB SIMPLES ALC ATE 82 -73,31,87089990,L
GM1512,7894425076954,CABO ACEL CHEVETTE 1.4 CARB SIMPLES GAS ATE 82 -53,23,87089990,L
GM1541,7894425077241,CABO ACEL CHEVETTE 1.6 93   -660 MM,29,87089990,L
GM1515,7894425076985,CABO ACEL CHEVETTE MEC 87 1.0 JR 92   1.6 88 92- 7,36,87089990,L
FD1029,7894425069970,CABO ACEL CORCEL I BELINA I 75   -928 MM,48,87089990,L
FD1028,7894425069963,CABO ACEL CORCEL II BELINA DEL REY S AR 83 89 -109,40,87089990,L
FD1024,7894425069925,CABO ACEL CORCEL II BELINA PAMPA ATE 83 -895 MM,39,87089990,L
GM1567,7894425077500,CABO ACEL CORSA 1.0 1.4 1.6 C MPFI 98  - 770 MM,52,87089990,L
FD1026,7894425069949,CABO ACEL DEL REY SCALLA 89  PAMPA 4X4 89   -1077,36,87089990,L
FD1034,7894425070020,CABO ACEL ESCORT HOBBY 1.0 93   -1350 MM,39,87089990,L
FD1027,7894425069956,CABO ACEL ESCORT MOTOR CHT S AR 87   -1140 MM,47,87089990,L
FD1030,7894425069987,CABO ACEL ESCORT S AR ATE 86 -1375 MM,37,87089990,L
FD1179,7894425079283,CABO ACEL ESCORT VERONA 2.0 EFI ALC GAS 94 96 -137,24,87089990,L
FT1108,7894425070792,CABO ACEL FIAT 147 SPAZIO OGGI TDS-665 MM,15,87089990,L
VW2124,7894425068874,CABO ACEL GOL 1.0 16 V 97   - 1290 MM,37,87089990,L
VW2122,7894425068850,CABO ACEL GOL 1.0 PLUS MOTOR CHT ATE 96 - 1083 MM,28,87089990,L
VW2125,7894425068881,CABO ACEL GOL 1.6 1.8 2.0 SAVEIRO1.6 1.8 98  1005,39,87089990,L
VW2123,7894425068867,CABO ACEL GOL 1.O PLUS MOTOR AT 97  -870 MM,32,87089990,L
VW2113,7894425068768,CABO ACEL GOL CL 1.6  1.8 94  98 - 990 MM,34,87089990,L
VW2100,7894425068638,CABO ACEL GOL SAVEIRO 1.6 1.8 AGUA 84 94- 937 MM,31,87089990,L
VW2104,7894425068676,CABO ACEL GOL SAVEIRO 1.6 AR 84  - 504 MM,20,87089990,L
VW2105,7894425068683,CABO ACEL GOL SAVEIRO VOYAGE MT CHT 1.6 89  -1067,24,87089990,L
FD1040,7894425070082,CABO ACEL KA 1.0 97   -1560 MM,50,87089990,L
GM1542,7894425077258,CABO ACEL KADETT 1.8 92   -570 MM,29,87089990,L
GM1551,7894425077340,CABO ACEL KADETT 2.0 92  - 805 MM,31,87089990,L
GM1519,7894425077029,CABO ACEL KADETT MEC 89 91 - 743 MM,31,87089990,L
VW2116,7894425068799,CABO ACEL LOGUS POINTER 1.8 2.0 ATE 94 ESCORT-1230,36,87089990,L
GM1552,7894425077357,CABO ACEL MONZA  KADETT C MPFI 92  - 146 MM,7,87089990,L
GM1808,7894425079733,CABO ACEL MONZA 1.8 2.0 EFI ALC GAS 92 95 -575 MM,18,87089990,L
GM1517,7894425077005,CABO ACEL MONZA CARB DUPLO MEC 87 91  - 688 MM,32,87089990,L
GM1516,7894425076992,CABO ACEL MONZA CARB SIMPLES MEC 82 86 -765 MM,23,87089990,L
GM1529,7894425077128,CABO ACEL OPALA CARAVAN 4 6 CC MEC 90  - 800 MM,31,87089990,L
GM1521,7894425077043,CABO ACEL OPALA CARAVAN 4 CC CARB SIMPLES 74 78- 5,23,87089990,L
GM1525,7894425077081,CABO ACEL OPALA CARAVAN 4 CC GAS 79 S AR COND 80 8,24,87089990,L
GM1533,7894425077166,CABO ACEL OPALA CARAVAN 4CC ALC AUT 90  -785 MM,24,87089990,L
GM1527,7894425077104,CABO ACEL OPALA CARAVAN 4CC GAS 88 90 - 657 MM,23,87089990,L
GM1523,7894425077067,CABO ACEL OPALA CARAVAN 6 CC 75 -540 MM,20,87089990,L
FT1120,7894425070921,CABO ACEL PALIO 16V 1.6 96 98-575 MM,44,87089990,L
FT1134,7894425071065,CABO ACEL PALIO SIENA STRADA 1.0 8V MPI GAS 02-665,36,87089990,L
FT1127,7894425070990,CABO ACEL PALIO WEEKEND SIENA 1.5 MPI 99 00-1055,50,87089990,L
VW2102,7894425068652,CABO ACEL PASSAT ATE 83 - 901 MM,13,87089990,L
GM1556,7894425077395,CABO ACEL S-10 4CC GAS 95  BLAZER 4CC GAS MPFI 96,52,87089990,L
VW2120,7894425068836,CABO ACEL SANTANA QUANTUM 1.8 2.0 C EFI 93 98-887,32,87089990,L
VW2129,7894425068928,CABO ACEL SANTANA QUANTUM 1.8 2.0 L  98  -955 MM,34,87089990,L
VW2121,7894425068843,CABO ACEL SANTANA QUANTUM 2.0 EFI 93 96- 955 MM,32,87089990,L
VW2119,7894425068829,CABO ACEL SANTANA QUANTUM C EFI 91 93 VERSALLES-85,20,87089990,L
VW2103,7894425068669,CABO ACEL SANTANA QUANTUM PST 84  VERSALLES-887 MM,32,87089990,L
VW2111,7894425068744,CABO ACEL UNIVERSAL REGULAVEL ATE 94   3800 MM,10,87089990,L
FT1327,7894425079559,CABO ACEL UNO MILLE 8V FIRE GAS 02  FIORINO 04-808,42,87089990,L
FT1121,7894425070938,CABO ACEL UNO MILLE 91 FIORINO ALC GAS 89 91-1054,31,87089990,L
FT1114,7894425070860,CABO ACEL UNO MILLE 96 01 UNO 1.5 C IE 92 96-1049M,42,87089990,L
FT1113,7894425070853,CABO ACEL UNO MILLE S CS 92 95 PREMIO 92 94-1091MM,40,87089990,L
FT1112,7894425070846,CABO ACEL UNO PREMIO ELBA 1.6 90  -1230 MM,53,87089990,L
FT1109,7894425070808,CABO ACEL UNO S CS SX 84  MILLE 91  -772MM,29,87089990,L
FD1100,7894425070686,CABO AFOGADOR CORCEL II BELINA II 1.6 S BOTAO 80,20,87089990,L
FD1101,7894425070693,CABO AFOGADOR ESCORT 1.6 C INT S LAMP S BOTAO 86,50,87089990,L
FT1219,7894425076787,CABO AFOGADOR FIAT 147 PICK-UP PANORAMA 76 82- 110,16,87089990,L
FT1221,7894425076800,CABO AFOGADOR FIAT 147 SPAZIO OGGI UNO 1.5R 83  -1,21,87089990,L
GM1834,7894425079993,CABO AFOGADOR LINHA GM UNIVERSAL TDS -2390 MM,53,87089990,L
VW2219,7894425069833,CABO AFOGADOR SEDAN S BOTAO TDS - 3815 MM,76,87089990,L
FT1222,7894425076817,CABO AFOGADOR UNO CS ELBA WEEKEND 92  - 1365MM,42,87089990,L
FT1220,7894425076794,CABO AFOGADOR UNO CS SX ATE 91 PREMIO CS 1.3 85 88,48,87089990,L
VW2190,7894425069550,CABO CAPO BR VTE II S BOTAO TDS -1715 MM,18,87089990,L
GM1830,7894425079955,CABO CAPO CELTA C ALAV GAS 01  PRISMA08 12-1385 MM,32,87089990,L
FD1092,7894425070600,CABO CAPO CORCEL I BELINA I C BOTAO TDS -743 MM,18,87089990,L
FD1093,7894425070617,CABO CAPO CORCEL II BELINA II PAMPA C BOTAO 84  86,24,87089990,L
GM1701,7894425078842,CABO CAPO CORSA C ALAV TDS -1969 MM,34,87089990,L
FD1199,7894425079481,CABO CAPO ECOSPORT S ALAV GAS 93   -1577 MM,39,87089990,L
FT1210,7894425076695,CABO CAPO FIAT 147 SPAZIO OGGI PICK-UP S ALAV TDS,10,87089990,L
FD1095,7894425070631,CABO CAPO FIESTA S ALAV 96   -1822MM,29,87089990,L
VW3349,7894425129254,CABO CAPO FOX S ALAV FLEX 05  SPACEFOX S ALAV 08,15,87089990,L
VW3347,7894425129230,CABO CAPO GOL GIII 02 05 GIV 05 TDS S ALAV ALC GAS,15,87089990,L
VW2205,7894425069703,CABO CAPO GOL MOD NOVO C ALAV 94  -1735 MM,20,87089990,L
VW2197,7894425069628,CABO CAPO GOL SAVEIRO AGUA ATE 94 VOYAGE C ALAV 84,18,87089990,L
VW2196,7894425069611,CABO CAPO GOL SAVEIRO AGUA ATE 94 VOYAGE S ALAV 84,13,87089990,L
VW2195,7894425069604,CABO CAPO GOL SAVEIRO AR C BOTAO 84 87 -1605 MM,21,87089990,L
FT2103,7894425129674,CABO CAPO IDEA S  ALAVANCA FLEX 05   - 1635 MM,18,87089990,L
FD1096,7894425070648,CABO CAPO KA S ALAV 97   -1610 MM,16,87089990,L
VW2204,7894425069697,CABO CAPO LOGUS  POINTER S ALAV TDS ESCORT 92   -1,31,87089990,L
GM3197,7894425166310,CABO CAPO MONTANA CORSA C  ALAV FLEX  04 11-1715MM,34,87089990,L
GM1699,7894425078828,CABO CAPO MONZA C ALAV 91  -1725 MM,29,87089990,L
GM1698,7894425078811,CABO CAPO MONZA C ALAV ATE 90 CHEVETTE C ALAV 83,23,87089990,L
FT1215,7894425076749,CABO CAPO NOVO PALIO WEEKEND SIENA 01  - 1630 MM,15,87089990,L
GM1700,7894425078835,CABO CAPO OPALA CARAVAN C ALAV 84  - 1058 MM,29,87089990,L
FT1216,7894425076756,CABO CAPO PALIO 96 02 WEEK 97 00 SIENA 98 00 -1585,18,87089990,L
FT1213,7894425076725,CABO CAPO PALIO S ALAV 96  WEEKEND 97   S  ALAV -1,18,87089990,L
VW2192,7894425069574,CABO CAPO PST 78   -1603 MM,15,87089990,L
VW4070,7894425176852,CABO CAPO S ALAV GOL V 07  VOYAGE V 09   - 1745 MM,21,87089990,L
GM1831,7894425079962,CABO CAPO S-10 BLAZER C ALAV TDS 95   -2020MM,42,87089990,L
VW2202,7894425069673,CABO CAPO SANTANA QUANTUM C ALAV 91  VERSALLES TDS,20,87089990,L
VW2199,7894425069642,CABO CAPO SANTANA QUANTUM C ALAV ATE 91 -2015 MM,18,87089990,L
VW2206,7894425069710,CABO CAPO SANTANA QUANTUM S ALAV 91  -1985 MM,13,87089990,L
VW2198,7894425069635,CABO CAPO SANTANA QUANTUM S ALAV ATE 91 -2015 MM,10,87089990,L
VW2172,7894425079153,CABO CAPO SAVEIRO 97 00 GOL 94 02 S ALAV ALC GAS-1,18,87089990,L
VW2200,7894425069659,CABO CAPO SEDAN 1200 1300 C BOTAO TDS - 1472,12,87089990,L
FT1214,7894425076732,CABO CAPO TIPO 1.6 93 97 TIPO 2.0 94 95 -1540 MM,8,87089990,L
FT1211,7894425076701,CABO CAPO UNO PREMIO ELBA FIORINO S  ALAV TDS -159,16,87089990,L
GM1703,7894425078866,CABO CAPO VECTRA C ALAV 93  -1650 MM,18,87089990,L
FD1823,7894425119620,CABO CAPO VERONA ESCORT 86 92 HOBBY 93 96 S ALAV -,29,87089990,L
GM1827,7894425079924,CABO CAPO ZAFIRA C ALAV GAS 01  -1670 MM,23,87089990,L
GM1651,7894425078347,CABO EMB A C-10 C D-20 89  -711 MM,29,87089990,L
VW2158,7894425069239,CABO EMB APOLLO TDS ESCORT 1.8 89 92 -959 MM,34,87089990,L
VW2285,7894425069253,CABO EMB BR VTE I II TL TDS - 2327 MM,23,87089990,L
GM1641,7894425078248,CABO EMB CHEVETTE 76  - 1142 MM,52,87089990,L
FD1057,7894425070358,CABO EMB CORCEL I  BELINA I CORCEL II -770 MM,37,87089990,L
GM1656,7894425078392,CABO EMB CORSA 1.0 1.4 94 96 CELTA 00  -620 MM,55,87089990,L
GM1646,7894425078293,CABO EMB D-20 C CAPA DUPLA 85 88 -763 MM,44,87089990,L
FD1070,7894425070389,CABO EMB DEL REY SCALLA PAMPA 1.8 89   -1045 MM,61,87089990,L
FD1068,7894425070365,CABO EMB ESCORT 1.6 MOTOR CHT 83   -1215 MM,31,87089990,L
FD1074,7894425070426,CABO EMB ESCORT 97   -830 MM,26,87089990,L
FD1072,7894425070402,CABO EMB ESCORT HOBBY 1.0 TDS -1390 MM,56,87089990,L
FT1172,7894425076312,CABO EMB FIAT 147 SPAZIO OGGI PICK-UP 76  - 495 MM,31,87089990,L
FT1181,7894425076404,CABO EMB FIORINO 96  -675 MM,71,87089990,L
VW2166,7894425069321,CABO EMB GOL 1.0 MOTOR AT 8 16 V 96 00-865 MM,63,87089990,L
VW2161,7894425069277,CABO EMB GOL 1.6 1.8 2.0 94 98 -1020MM,50,87089990,L
VW2168,7894425069345,CABO EMB GOL PARATI GII III 1.0 8 16V 98  -875MM,71,87089990,L
VW3342,7894425129186,CABO EMB GOL SAVEIRO PARATI VOYAGE ALC GAS 87 89-9,34,87089990,L
VW2153,7894425069185,CABO EMB GOL SAVEIRO VOYAGE 1.6 AGUA ATE 86 -1055,68,87089990,L
VW2154,7894425069192,CABO EMB GOL SAVEIRO VOYAGE 1.8 90  -915 MM,53,87089990,L
VW2155,7894425069208,CABO EMB GOL SAVEIRO VOYAGE MOTOR CHT 89  -959 MM,61,87089990,L
VW3344,7894425129209,CABO EMB GOLF TDS C  REG AUTOMATICA GAS 94   - 825,160,87089990,L
GM1655,7894425078385,CABO EMB KADETT 94  VECTRA ATE 96 CAPA DUPLA-854MM,66,87089990,L
GM1643,7894425078262,CABO EMB KADETT IPANEMA C CAPA DUPLA 89 90 - 817 M,71,87089990,L
VW2159,7894425069260,CABO EMB KOMBI 1500 CLIPPER 75 96 TDS - 2115 MM,29,87089990,L
VW3343,7894425129193,CABO EMB KOMBI AGUA FLEX 06   - 3100 MM,34,87089990,L
VW2164,7894425069307,CABO EMB KOMBI AR 97 05 - 3070 MM,29,87089990,L
FT1329,7894425079573,CABO EMB MILLE FIRE 1.0 8V02  FIORINO FIRE-710MM,71,87089990,L
GM1642,7894425078255,CABO EMB MONZA C CAPA DUPLA ATE 93 -795 MM,69,87089990,L
GM1657,7894425078408,CABO EMB OMEGA C CAPA DUPLA TDS -1227 MM,64,87089990,L
GM1644,7894425078279,CABO EMB OPALA CARAVAN TDS- 855 MM,42,87089990,L
FT1178,7894425076374,CABO EMB PALIO 1.5  ATE 96 1.6 96  -680 MM,77,87089990,L
FT1187,7894425076466,CABO EMB PALIO SIENA FIRE 1.3 1.6 8 16V 00  -690MM,80,87089990,L
VW2156,7894425069215,CABO EMB SANTANA QUANTUM 1.8 TDS- 940 MM,37,87089990,L
VW2170,7894425069352,CABO EMB SANTANA QUANTUM 2.0 00  - 980 MM,56,87089990,L
VW2162,7894425069284,CABO EMB SANTANA QUANTUM 2.0 94 00 VERSAILLES-930M,55,87089990,L
VW2160,7894425069246,CABO EMB SEDAN 1300 1500 1600 TDS- 2257 MM,23,87089990,L
FT1182,7894425076411,CABO EMB UNO MILLE PREMIO ELBA 94 03 - 678MM,69,87089990,L
FT1174,7894425076336,CABO EMB UNO PREMIO ELBA FIORINO 90 91- 645 MM,47,87089990,L
FT1175,7894425076343,CABO EMB UNO PREMIO FIORINO ATE94 CAPA DUPLA-643MM,58,87089990,L
GM1650,7894425078330,CABO FREIO A C-10 20 C CAPA DUPLA 85 88- 728 MM,42,87089990,L
FD1108,7894425070761,CABO LIMIT TAMPA TRAS COURIER 07 97   - 440 MM,20,87089990,L
FD1107,7894425070754,CABO LIMIT TAMPA TRAS COURIER 07 97   440 MM,20,87089990,L
GM1712,7894425078958,CABO LIMIT TAMPA TRAS PICK UP CORSA 95  -425 MM,13,87089990,L
FT1227,7894425076862,CABO LIMIT TAMPA TRAS PICKUP 89  - 625 MM,10,87089990,L
VW2226,7894425069901,CABO LIMIT TAMPA TRAS SAVEIRO 07 82 10 97-557 MM,15,87089990,L
VW2227,7894425069918,CABO LIMIT TAMPA TRAS SAVEIRO 07 97 02 99 - 475MM,13,87089990,L
VW3776,7894425159183,CABO LIMIT TAMPA TRAS SAVEIRO GV FLEX 09  - 523MM,21,87089990,L
FT1228,7894425076879,CABO LIMIT TAMPA TRAS STRADA TDS 99 01-605MM,13,87089990,L
GM2705,7894425130137,CABO TRAVA BANCO CELTA PRISMA 01   - 790 MM,20,87089990,L
VW2216,7894425069802,CABO TRAVA BANCO GOL LONGO 94  -785 MM,8,87089990,L
VW2209,7894425069734,CABO TRAVA BANCO GOL SAVEIRO VOYAGE LONGO 85 93-77,7,87089990,L
VW2211,7894425069758,CABO TRAVA BANCO SEDAN VTE BR LONGO 81  -649 MM,5,87089990,L
FT1218,7894425076770,CABO TRAVA BANCO UNO PREMIO FIORINO 89  - 435 MM,12,87089990,L
GM1670,7894425078538,CABO VELOC A C-10 4M 77  -1680 MM,18,87089990,L
GM2562,7894425119668,CABO VELOC ASTRA GAS 94 96 VECTRA C TM GAS 95 96-8,23,87089990,L
VW2174,7894425069390,CABO VELOC BR TDS -1065 MM,18,87089990,L
GM1659,7894425078422,CABO VELOC CHEVETTE 73 82 1.0 JR 92   -1580 MM,44,87089990,L
GM2561,7894425119651,CABO VELOC CHEVETTE 83 89 1.0 JUNIOR 92 93 - 1600,44,87089990,L
GM1660,7894425078439,CABO VELOC CHEVETTE 90  -1630 MM,42,87089990,L
FD1075,7894425070433,CABO VELOC CORCEL I BELINA I 70   -1650 MM,24,87089990,L
FD1076,7894425070440,CABO VELOC CORCEL II BELINA II MEC 78  DEL REY 89,48,87089990,L
GM1677,7894425078606,CABO VELOC CORSA 94  MONZA 92 96 - 845MM,28,87089990,L
FD1077,7894425070457,CABO VELOC ESCORT CHT AE 1.6 83 94 1000 MM,31,87089990,L
FT1197,7894425076565,CABO VELOC FIAT 147 SPAZIO OGGI PICK-UP ATE 82 -85,16,87089990,L
VW2183,7894425069482,CABO VELOC GOL 1.0  ATE 94 SAVEIRO VOYAGE 90  -111,37,87089990,L
VW2178,7894425069437,CABO VELOC GOL SAVEIRO AGUA ATE 90- 1000 MM,34,87089990,L
GM1676,7894425078590,CABO VELOC KADETT SLE GS C COMP 89  CAMBIO MAN 92,37,87089990,L
VW2181,7894425069468,CABO VELOC KOMBI CLIPPER TDS - 2450 MM,52,87089990,L
VW3225,7894425125881,CABO VELOC KOMBI T2 MOTOR AGUA FLEX 06   - 730 MM,56,87089990,L
VW2186,7894425069512,CABO VELOC LOGUS C CARB 92  POINTER C CARB 94  -92,31,87089990,L
VW2187,7894425069529,CABO VELOC LOGUS C EFI 94  ESCORT C EFI 92   -875,42,87089990,L
GM1662,7894425078453,CABO VELOC MONZA SLE 85 91 SL SLE S COMP ATE 91 -9,28,87089990,L
GM1663,7894425078460,CABO VELOC MONZA SLE AUT 85  -1105 MM,26,87089990,L
GM1678,7894425078613,CABO VELOC MONZA STD AUT 85  -1040 MM,34,87089990,L
GM1693,7894425078767,CABO VELOC OMEGA 4CC 92  -1250 MM,26,87089990,L
GM1683,7894425078668,CABO VELOC OMEGA 4CC 93 98 - 1250 MM,24,87089990,L
GM1665,7894425078484,CABO VELOC OPALA CARAVAN 4 CC 3 4 M ATE 84 -1780 M,26,87089990,L
GM1669,7894425078521,CABO VELOC OPALA CARAVAN 4 CC 4 5 M 85 90-1470 MM,36,87089990,L
GM1664,7894425078477,CABO VELOC OPALA CARAVAN 6 CC 3 4 M ATE 84 -1880 M,23,87089990,L
GM1668,7894425078514,CABO VELOC OPALA CARAVAN AUT 89 90 -1740 MM,23,87089990,L
VW2173,7894425069383,CABO VELOC PST 85  SANTANA QUANTUM MEC ATE 89  128,29,87089990,L
VW2182,7894425069475,CABO VELOC SANTANA QUANTUM AUT TDS -1410,34,87089990,L
VW2171,7894425069369,CABO VELOC SEDAN 1200 1300 1500 1600 VTE TL TDS-12,29,87089990,L
FT1199,7894425076589,CABO VELOC SPAZIO OGGI EUROPA 83  - 880 MM,18,87089990,L
FT1201,7894425076602,CABO VELOC UNO PREMIO ELBA FIORINO 91   -1078 MM,50,87089990,L
FT1333,7894425079610,CABO VELOC UNO S SX CS ALC GAS 91   -1030 MM,34,87089990,L
VW2177,7894425069420,CABO VELOC VOYAGE PARTI ATE 87 -1000 MM,23,87089990,L
VW2175,7894425069406,CABO VELOC VTE II TDS - 1350 MM,16,87089990,L
VW0601,7894425018527,CAIXA ROTULA ALAV CAMBIO PST GOL PARATI SANTANA AT,20,87089990,L
VW1117,7894425025037,CANO CIL MESTRE SEDAN VARIANT,24,87089990,L
VW0848,7894425021602,CINTA ALTERNADOR BRASILIA SEDAN 84,24,87089990,L
VW0747A,7894425020407,COMANDO DUPLA CARB BRASILIA,74,87089990,L
VW3499,7894425141256,CONECTOR CAB ENT AGUA GOL PARATI SAV 94  1.6 1.8 2,52,87089990,L
FD2028,7894425139345,CONEXAO 3 8 MANG BLOCO MOTOR COURIER 99 ECOSPORT00,24,87089990,L
VW2404,7894425088131,CONEXAO BLOCO MOTOR LINHA VOLKS TDS C MOTOR AP (3X,23,87089990,L
FT2720,7894425172205,CONEXAO MANG VALV TERM STRADA 1.6.16V 96  PALIO,10,87089990,L
VW1576,7894425040429,CONJ PEDALEIRA FREIO EMBREAGEM C SUP SEDAN,376,87089990,L
VW0635A,7894425019012,CONJ TRAMB COMP GOL VOYAGE PARATI 5 MARCHAS,119,87089990,L
VW1585,7894425041365,COTOVELO VALV TERM GOL PARATI 1.0 8 16V,12,87089990,L
GM0385,7894425011023,CRUZETA CARDAN CARAVAN OPALA CHEV 74,66,87089990,L
FD0363,7894425003257,CRUZETA CARDAN CORCEL OPALA CHEV ATE 74 NIVA LAIKA,39,87089990,L
VW0593,7894425018442,CRUZETA CARDAN KOMBI ALFA ROMEO MAVERICK,72,87089990,L
GM0413,7894425011313,DISCO ART DIRECAO CHEVETTE SIMPLES,40,87089990,L
VW0785,7894425020834,ENG RE FUSCA KOMBI VARIANT,79,87089990,L
FT0665,7894425040535,ENG RE UNO ELBA PREMIO 87,104,87089990,L
VW0570,7894425018190,FACAO SEDAN TODOS,330,87089990,L
GM3355,7894425176715,FLANGE AGUA (COL ADM C ANEL) COBALT 12 17,31,87089990,L
FT0467,7894425031724,FLANGE BAND UNO ELETRONIC 1.6,36,87089990,L
VW0711A,7894425019999,FLANGE HOMOCINETICO KOMBI CLIPPER,48,87089990,L
VW1298,7894425027659,FLEXIVEL EMB KOMBI 97  T2 - 353 MM,26,87089990,L
VW2286,7894425069154,FLEXIVEL EMB KOMBI ATE 96 315 MM,18,87089990,L
VW0149,7894425013195,FLEXIVEL EMB KOMBI BRASILIA FUSCA - 298MM,20,87089990,L
VW3778,7894425159190,FLEXIVEL EMB KOMBI FLEX 06  T2 (AGUA)  - 378MM,29,87089990,L
VW2903,7894425111402,GARFO 1 2 VEL FUSCA 94 96 GOL 81 96 KOMBI 75 14 SAVEIRO 81 96,71,87089990,L
VW3735,7894425157264,GUIA ART CABO ENGATE SELECAO GOL GERV 08  GOLF 02,15,87089990,L
FT2528A,7894425165986,GUIA ROL EMB C  ANEL PALIO BRAVA IDEA SIENA STRADA,74,87089990,L
VW0687,7894425019708,HASTE CILINDRO MESTRE 1300 FUSCAO,32,87089990,L
VW3922,7894425168062,HASTE LIG VARAO AO CAMBIO KOMBI A AGUA 06,76,87089990,L
GM2734,7894425132735,MANCAL TRAMB CELTA  CORSA VECTRA ASTRA ZAFIRA TDS,20,87089990,L
VW4094,7894425178078,MANG LIG COL ADM KOMBI  A AR 1.6 C INJ ELET 98 05,60,87089990,L
VW0607,7894425018596,MOLA FIXACAO CALOTA SEDAN KOMBI,5,87089990,L
VW0306,7894425015212,PENEIRA SAIDA TANQUE GAS COMPRIDA,23,87089990,L
FD2281,7894425159213,PINO PEDAL EMB KA 97 07 ECOSPORT 07 12 FIESTA07 13,16,87089990,L
FD2358,7894425166082,PLUG TAMPAO RES RAD LINHA FORD,10,87089990,L
FT0161,7894425004681,POLIA BOMBA AGUA FIAT 147 UNO CARB 95,45,87089990,L
VW0956,7894425022845,POLIA DINAMO VOLKS 1300 1500,55,87089990,L
VW0243,7894425014413,REP ACOPLAMENTO COMPLETO BRASILIA VARIANT,28,87089990,L
VW3890,7894425166129,REP ALAV CAMBIO C  MOLAS BUCHAS GOL FOX GOLF POLO,45,87089990,L
GM3082,7894425159640,REP ALAV CAMBIO CORSA 02 MERIVA 03 MONTANA 04,96,87089990,L
VW0324,7894425015397,REP ARRUELAS EIXO BALANCIM 1300 1500 1600,5,87089990,L
IP1368,7894425105807,REP BARRA ESTAB DIANT L-200 SPORT,13,87089990,L
IP4125,7894425184864,REP CABO MARCHAS TRAMB C3 208 AIRCROSS 13 19,42,87089990,L
GM2512A,7894425137785,REP COMP ALAV CAMBIO CORSA 05 PRISMA VECTRA ZAFIRA,37,87089990,L
FD1929,7894425131523,REP COMP TRAMB CAMBIO ESCORT VERONA LOGUS 93 96,69,87089990,L
VW4222,7894425184321,REP GUIA SEL CAMBIO CABO MARCHAS GOLF POLO 98,12,87089990,L
VW4027,7894425174148,REP PIVO GARFO EMB GOL 95  FOX BORA 00  VOYAGE,31,87089990,L
FT1674A,7894425125973,REP TRAMB A CAIXA DIRECAO UNO PALIO ELBA TEMPRA,60,87089990,L
VW1988,7894425062971,RES GAS PARTIDA FRIA PQ COMP S  BOMBA  C TAMPA GAS 700 M,68,87089990,L
FT2335,7894425143175,SUP E ACOP HASTE MOVEL TRAMB ELBA FIORINO UNO,148,87089990,L
VW1749,7894425048173,SUP LATERAL ESQ MOTOR PASSAT 1.5 1.8 TDS,95,87089990,L
VW1756,7894425048241,SUP LATERAL MOTOR POSTERIOR CAMBIO GOL PARATI 97,68,87089990,L
FT0786,7894425048098,SUP MOTOR DIANT COXIM CAMBIO UNO MILLE 96,189,87089990,L
VW0675,7894425019555,SUP PEDAL FUSCA,200,87089990,L
IP2466,7894425139796,TAMPA OLEO C3 1.4 8V 02  1.6 16V 02  206 1.4 01 14 207 1.4 07,58,87089990,L
IP2452,7894425139130,TAMPA RES AGUA RAD C-3 PICASSO 206 307 406 CLIO LO,31,87089990,L
GM0367,7894425010811,TAMPA RES PARTIDA FRIO MONZA OPALA 81 87,13,87089990,L
VW1138,7894425025419,TAMPA TRAMB KOMBI CLIPPER,133,87089990,L
VW3513,7894425142277,TERM CABO ENG GOL G5 VOYAGE 08  FOX,53,87089990,L
VW1680,7894425045530,TERM DIR DIR SANTANA QUANTUM 85 03 DH TDS,44,87089990,L
VW3816,7894425162442,TERM DIR DIR SANTANA QUANTUM 85 03 DH TDS,42,87089990,L
FT2573,7894425161193,TERM DIR DIR UNO 92 12 TEMPRA 92 99 FIORINIO 91,45,87089990,L
FT2577,7894425161230,TERM DIR ESQ PALIO 97  UNO DOBLO 10 15 STRADA98 15,45,87089990,L
VW1676,7894425045493,TERM DIR GOL VOYAGE PARATI 80 13 SANTANA 84 06 DM,39,87089990,L
VW3813,7894425162411,TERM DIR GOL VOYAGE PARATI 80 13 SANTANA 84 06 DM,39,87089990,L
FD2247,7894425157233,TERM REM CABO ENGATE MARCHAS ESQ CAMBIO KA 08 13,53,87089990,L
FD2248,7894425157240,TERM REM CABO ENGATE MARCHAS LD CAMBIO KA 08 13,53,87089990,L
IP2155,7894425132551,TIR EXT CAMBIO 206 1.0 PARTNER 1.6 - 122MM,23,87089990,L
FT2509,7894425156915,TRAVA E COXIM SUP RAD ELBA FIORINO TREMIO UNO TDS,7,87089990,L
FD2043,7894425140778,TRIZETA CORCEL I 78 (20 DENTES ELO 30 MM),61,87089990,L
FD2044,7894425140785,TRIZETA CORCEL II DELREY PAMPA (30DENTES ELO30MM),53,87089990,L
FT2749,7894425173424,TRIZETA DOBLO1.3 1.4 1.6 8 16V 12 (21DNTS ELO32MM),66,87089990,L
FT2304,7894425140761,TRIZETA ELBA PREMIO FIORINO 1.5 (20DENTES ELO32MM),63,87089990,L
FD2027,7894425139222,TRIZETA S  ROLETE FIESTA KA COURIER 1.0 1.6 ZETEC,44,87089990,L
FD0998,7894425066375,TRIZETA S ROLETE CORCEL II DEL REY (30 ESTRIAS),52,87089990,L
FT1070,7894425066351,TRIZETA S ROLETE ELBA PREMIO FIORINO 1.5,44,87089990,L
FD1004,7894425066450,TRIZETA S ROLETE ESCORT ZETEC ROCAN 96 02 TDS,45,87089990,L
FT1069,7894425066344,TRIZETA S ROLETE FIAT UNO,63,87089990,L
FT1076,7894425066399,TRIZETA S ROLETE PALIO 1.5 1.6 16 V 96   TDS,47,87089990,L
VW0260A,7894425014635,TUBO GUIA VARETA OLEO MOTOR 1.0 CHT 94 97,32,87089990,L
VW3921,7894425168055,VARAO INTERNO CAMBIO KOMBI A AGUA 06,136,87089990,L
VW1330,7894425029271,VARETA NIVEL OLEO POLO CLASSIC SAVEIRO 97 SANTANA,21,87089990,L
GM1313,7894425057663,VARETA NIVEL OLEO S-10 MOTOR 2.2 EFI MPFI ATE 00,52,87089990,L
36206,36206,PAPELAO DO RADIADOR - GOL/PARATI/SAVEIRO,34,39211900,N
47076-M,47076-M,QUICK CONECTOR - 1/2 X 13 90o COMPACTO,28,39269090,N
47076-H,47076-H,QUICK CONECTOR - 5/16 X 5/16 90o COMPACTO,36,39269090,N
47076-K,47076-K,QUICK CONECTOR - 5/16 X 5/16 X 5/16 45o POP TOP,28,39269090,N
47068,47068,QUICK CONECTOR 3/8  - -90GRAUS,36,39269090,N
47073,47073,QUICK CONECTOR 3/8 RETO  - UNIVERSAL,36,39269090,N
47074,47074,QUICK CONECTOR 5/16 RETO - UNIVERSAL,36,39269090,N
47067,47067,QUICK CONECTOR P/MANG I.E. -  5/16 X 5/16 RETO COMPACTO,26,39269090,N
47072,47072,QUICK CONECTOR P/MANGUEIRA I.E. -  5/16 X 3/8,36,39269090,N
47075,47075,QUICK CONECTOR POP TOP  - AZUL UNIVERSAL,16,39269090,N
47076,47076,QUICK CONECTOR POP TOP - 5/16 X 5/16  RETO,36,39269090,N
47071,47071,QUICK CONECTOR POP TOP - UNIVERSAL,36,39269090,N
35653,35653,MANG AQUECIMENTO CABECOTE AO CARBURADOR - PASSAT,10,40091100,N
47034,47034,MANG COMBUST C/TRANCA INTERNA (LISA) (I.E.),10,40091100,N
36111-M,36111-M,MANG DA BOMBA D AGUA AO TUBO AQUECIMENTO,16,40091100,N
36143,36143,MANG DA CONEXAO DO CABECOTE AO AQUECEDOR - GOL/VOYAGE/PARATI/SANTANA,10,40091100,N
36565,36565,MANG DA CONEXAO DO CABECOTE AO AQUECEDOR - GOL/VOYAGE/PARATI/SANTANA,16,40091100,N
11104-M,11104-M,MANG DA TAMPA DE VALVULA AO FILTRO DE AR,26,40091100,N
24641,24641,MANG DO BOCAL DO TANQUE COMBUSTIVEL - CORCEL/BELINA,122,40091100,N
11121-M,11121-M,MANG DO COLETOR ADM A CAIXA TERMOSTATO - MONZA,39,40091100,N
35645-M,35645-M,MANG DO COLETOR ADMISSAO A BOMBA D AGUA,29,40091100,N
23331,23331,MANG DO FLANGE DO CABECOTE AO RADIADOR - LOGUS/POINTER,26,40091100,N
36577,36577,MANG DO RESERVAT A CONEXAO DISTRIB D AGUA - SANTANA,20,40091100,N
24878-M,24878-M,"MANG DO RESERVAT DE EXPANSAO AO RADIADOR - FIESTA MT/ENDURA-E 1.0/1.3 3/5P 96/, FIESTA/COURIER 1.3/1.4 (C/AR)",60,40091100,N
36211-M,36211-M,MANG DO RESERVATORIO D AGUA DO RADIADOR - GOL/PARATI 95/,13,40091100,N
24884-M,24884-M,MANG DO RESERVATORIO DE EXPANSAO AO RADIADOR,37,40091100,N
13405,13405,MANG DO TUBO AO DISTRIB TERMOSTATICO - ASTRA,20,40091100,N
13440,13440,MANG DO TUBO AO DISTRIB TERMOSTATICO - ASTRA,24,40091100,N
26045,26045,MANG LIGACAO RESERVAT EXP AO CABECOTE - ECOSPORT,39,40091100,N
26045-M,26045-M,MANG LIGACAO RESERVAT EXP AO CABECOTE - ECOSPORT,26,40091100,N
03925-M,03925-M,MANG. SUP. DO RADIADOR ( MOTOR FIRE ),32,40091100,N
36327,36327,MANG.DA BOMBA D AGUA AO TUBO DE AQUECIMENTO,8,40091100,N
36340,36340,"MANG.DA BOMBA D AGUA AO TUBO DE AQUECIMENTO - VW 1.6 (CHT), GOL 89/94",12,40091100,N
12040,12040,MANGUEIRA  ENTRADA  AR QUENTE  - CORSA,13,40091100,N
35656,35656,MANGUEIRA AQUECIMENTO CABECOTE AO COLETOR   ADMISSAO - PASSAT (ALC),16,40091100,N
00403,00403,MANGUEIRA BOMBA DA AGUA - UNO 92,13,40091100,N
10581,10581,MANGUEIRA CONECTOR DO PRE AQUECIMENTO - CHEVETTE 92/,26,40091100,N
10581-M,10581-M,MANGUEIRA CONECTOR DO PRE AQUECIMENTO - CHEVETTE 92/,23,40091100,N
35654,35654,MANGUEIRA DA BOMBA AO FLANGE BLOCO DO MOTOR - PASSAT (ALCOOL),29,40091100,N
03926,03926,MANGUEIRA DA BOMBA AO TERMOSTATO - PALIO WEEKEND 1.5 97/,16,40091100,N
12241-M,12241-M,MANGUEIRA DA BOMBA D AGUA - CORSA,21,40091100,N
13558,13558,"MANGUEIRA DA BOMBA D AGUA - VECTRA 97/ , KADETT 97/98",23,40091100,N
36568-M,36568-M,MANGUEIRA DA BOMBA D AGUA A CONEXAO,58,40091100,N
11115,11115,MANGUEIRA DA BOMBA D AGUA AO AQUECEDOR - MONZA,24,40091100,N
23117,23117,MANGUEIRA DA BOMBA D AGUA AO DUTO RIGIDO - CORCEL/BELINA/DREY/PAMPA 1.8,55,40091100,N
23076,23076,MANGUEIRA DA BOMBA DE AGUA  - ESCORT,15,40091100,N
36109,36109,MANGUEIRA DA BOMBA DE AGUA  - GOL/VOYAGE/PARATI,10,40091100,N
35643,35643,MANGUEIRA DA BOMBA DE AGUA  - PASSAT 78/,18,40091100,N
36568,36568,"MANGUEIRA DA BOMBA DE AGUA  A CONEXAO - ESCORT, SANTANA",64,40091100,N
36111,36111,MANGUEIRA DA BOMBA DE AGUA  AO TUBO AQUECIMENTO - GOL/VOYAGE/PARATI,16,40091100,N
12241,12241,MANGUEIRA DA BOMBA DE AGUA - CORSA,21,40091100,N
00280,00280,"MANGUEIRA DA BOMBA DE AGUA - FIAT 147, UNO/PREMIO/ELBA",12,40091100,N
03850,03850,MANGUEIRA DA BOMBA DE AGUA AO TERMOSTATO - PALIO 1.6  16 VALV,20,40091100,N
36112,36112,MANGUEIRA DA BOMBA DE OLEO AO TUBO RIGIDO - GOL/VOYAGE/PARATI,12,40091100,N
24988,24988,MANGUEIRA DA CONEXAO  DO TUBO DO ENCHIMENTO DO COMBUSTIVEL - FIESTA/COURIER,45,40091100,N
12420,12420,MANGUEIRA DA ENTRADA AO AQUECEDOR - CORSA  98,26,40091100,N
36101,36101,MANGUEIRA DA ENTRADA D AGUA AO AQUECIMENTO - GOL/VOYAGE/PARATI 1.8,26,40091100,N
36101-M,36101-M,MANGUEIRA DA ENTRADA D AGUA AO AQUECIMENTO - GOL/VOYAGE/PARATI 1.8,24,40091100,N
36102,36102,MANGUEIRA DA ENTRADA DE AGUA  AO AQUECIMENTO - GOL/VOYAGE/PARATI,24,40091100,N
26104,26104,MANGUEIRA DA ENTRADA DO AQUECEDOR  - FORD KA 99/07 TODOS ZETEC ROCAN,21,40091100,N
13906,13906,MANGUEIRA DA ENTRADA DO AQUECEDOR - AGILE,92,40091100,N
23402,23402,MANGUEIRA DA ENTRADA DO AQUECIMENTO - KA 99/ FIESTA (ZETEC/ROCAM) 2003/...,18,40091100,N
12419,12419,MANGUEIRA DA ENTRADA DO AR QUENTE - CORSA  / CELTA  / AGILE  / MERIVA  / MONTANA  / PRISMA/,15,40091100,N
25011,25011,MANGUEIRA DA ENTRADA DO TANQUE - FIESTA/ECOSPORT  2002/2008,15,40091100,N
13956-M,13956-M,MANGUEIRA DA ENTRADA DO TUBO AO AR QUENTE - CELTA / PRISMA  2009,50,40091100,N
13956,13956,MANGUEIRA DA ENTRADA DO TUBO AO AR QUENTE - CELTA / PRISMA  2009/...,47,40091100,N
04272,04272,MANGUEIRA DA PASSAGEM DE AGUA AO AQUECEDOR - IDEA 1.4 8V MPI 2007/2008,82,40091100,N
36103,36103,MANGUEIRA DA SAIDA D AGUA DO AQUECIMENTO - GOL/VOYAGE/PARATI,15,40091100,N
36104,36104,MANGUEIRA DA SAIDA D AGUA DO AQUECIMENTO - GOL/VOYAGE/PARATI 1.8,20,40091100,N
36104-M,36104-M,MANGUEIRA DA SAIDA D AGUA DO AQUECIMENTO - GOL/VOYAGE/PARATI 1.8,28,40091100,N
12421,12421,MANGUEIRA DA SAIDA DO AQUECIMENTO - CORSA  98,40,40091100,N
23353,23353,"MANGUEIRA DA SAIDA DO BLOCO PARA AR QUENTE  - ESCORT/LOGUS, ESCORT/VERONA",40,40091100,N
11104,11104,MANGUEIRA DA TAMPA DE VALVULA AO FILTRO DE AR - MONZA 87/,29,40091100,N
11187,11187,MANGUEIRA DA TAMPA DE VALVULA AO FILTRO DE AR - MONZA 89/,31,40091100,N
36116,36116,MANGUEIRA DA VALVULA AO AQUECEDOR - GOL/VOYAGE/PARATI,28,40091100,N
11118,11118,MANGUEIRA DA VALVULA AO TUBO - MONZA,13,40091100,N
12338,12338,MANGUEIRA DA VALVULA DE ACELERACAO - CORSA 95/,63,40091100,N
12242,12242,MANGUEIRA DA VENTILACAO  - CORSA WIND / GL,18,40091100,N
12246,12246,MANGUEIRA DA VENTILACAO - CORSA / MERIVA,12,40091100,N
12243,12243,MANGUEIRA DA VENTILACAO - CORSA WIND/GL/1.0/1.4/1.6 EFI,12,40091100,N
12317,12317,MANGUEIRA DA VENTILACAO DO MOTOR - CORSA,7,40091100,N
11108,11108,MANGUEIRA DE AGUA DO AQUECEDOR - MONZA 87/,26,40091100,N
11841,11841,MANGUEIRA DE ALIMENTACAO DE AGUA DO AQUECEDOR - KADETT (C/AR),24,40091100,N
36329,36329,"MANGUEIRA DE ENTRADA DO AQUECEDOR - GOL 96, PARATI 97",18,40091100,N
23366,23366,MANGUEIRA DE LIGACAO DA SAIDA DO AQUECEDOR - ESCORT 97/,16,40091100,N
34516,34516,MANGUEIRA DE LIGACAO DO BOCAL DO TANQUE COMBUSTIVEL ( COMP 20CNT ) - BRASILIA,29,40091100,N
34518,34518,MANGUEIRA DE LIGACAO DO BOCAL DO TANQUE COMBUSTIVEL ( COMP 3 - VARIANT,39,40091100,N
23327-M,23327-M,MANGUEIRA DE LIGACAO DO DUTO RIGIDO A BOMBA  D AGUA - ESCORT/VERONA,24,40091100,N
23327,23327,MANGUEIRA DE LIGACAO DO DUTO RIGIDO A BOMBA  DE AGUA  - ESCORT/VERONA,28,40091100,N
36330,36330,MANGUEIRA DE LIGACAO DO TUBO DE AR - GOL   97,7,40091100,N
36338,36338,MANGUEIRA DE LIGACAO DO TUBO DE AR - GOL  97,5,40091100,N
23370,23370,MANGUEIRA DE LIGACAO INFERIOR DO AQUECEDOR - ESCORT 97/,18,40091100,N
03962,03962,MANGUEIRA DE TOMADA DE AR  - PALIO 1.5 8V 96/2002 / WEEKEND / SIENA / STRADA,52,40091100,N
11107,11107,MANGUEIRA DE VENTILACAO DO CARTER - MONZA,10,40091100,N
36587,36587,MANGUEIRA DO ANTICHAMA - ESCORT / SANTANA,12,40091100,N
23392,23392,MANGUEIRA DO ANTICHAMA - ESCORT/LOGUS/VERSAILLES,23,40091100,N
12308,12308,MANGUEIRA DO AQUECEDOR - CORSA,21,40091100,N
12342,12342,MANGUEIRA DO AQUECEDOR - CORSA / CELTA 1.0 2000/...,42,40091100,N
23078,23078,MANGUEIRA DO AQUECEDOR - ESCORT,36,40091100,N
13910,13910,MANGUEIRA DO AQUECEDOR (S AR COND.) - CORSA / CELTA 1.0 / 1.4 2008...12,84,40091100,N
36142,36142,MANGUEIRA DO AQUECEDOR AO DUTO - GOL/VOYAGE/PARATI/SAVEIRO 1.6,10,40091100,N
10573-M,10573-M,MANGUEIRA DO AQUECIMENTO,12,40091100,N
10573,10573,MANGUEIRA DO AQUECIMENTO - CHEVETTE 78/,21,40091100,N
11114,11114,MANGUEIRA DO AQUECIMENTO - MONZA,20,40091100,N
11113,11113,MANGUEIRA DO AQUECIMENTO - MONZA C/AR CONDICIONADO,18,40091100,N
03992,03992,MANGUEIRA DO AQUECIMENTO - PALIO/WEEKEND/SIENA  FIRE  ELX,36,40091100,N
36215,36215,MANGUEIRA DO AR QUENTE  - GOL,21,40091100,N
23321,23321,MANGUEIRA DO AR QUENTE - ESCORT,20,40091100,N
36214,36214,MANGUEIRA DO AR QUENTE - GOL,16,40091100,N
36214-M,36214-M,MANGUEIRA DO AR QUENTE - GOL,32,40091100,N
35012,35012,MANGUEIRA DO AR QUENTE (FINA)  - VOLKSWAGEN,15,40091100,N
23393,23393,MANGUEIRA DO ARREFECIMENTO - ESCORT/LOGUS/VERONA,23,40091100,N
36213,36213,MANGUEIRA DO ARREFECIMENTO - GOL/PARATI CL,16,40091100,N
00270-M,00270-M,MANGUEIRA DO BOCAL DO TANQUE,8,40091100,N
00270,00270,MANGUEIRA DO BOCAL DO TANQUE  - UNO/PREMIO/FIORINO,20,40091100,N
11117,11117,MANGUEIRA DO BOCAL DO TANQUE - MONZA,26,40091100,N
00269,00269,MANGUEIRA DO BOCAL DO TANQUE ( COMP 15CNT )  - FIAT 147,16,40091100,N
36117,36117,MANGUEIRA DO BOCAL DO TANQUE COMBUSTIVEL - GOL/VOYAGE/PARATI,26,40091100,N
36117-M,36117-M,MANGUEIRA DO BOCAL DO TANQUE COMBUSTIVEL - GOL/VOYAGE/PARATI,16,40091100,N
12455,12455,MANGUEIRA DO BOCAL TANQUE DE COMBUSTIVEL - CELTA 1.0 / 1.4 MPFI 8V 1999/...,48,40091100,N
24868,24868,MANGUEIRA DO BOCAL TANQUE DE COMBUSTIVEL - FIESTA  96/,21,40091100,N
03859-M,03859-M,MANGUEIRA DO CANO D AGUA,16,40091100,N
03859,03859,MANGUEIRA DO CANO D AGUA - PALIO 1.0,16,40091100,N
35655,35655,MANGUEIRA DO CARBURADOR FLANGE MOTOR - PASSAT (ALCOOL),21,40091100,N
36146,36146,MANGUEIRA DO CATALIZADOR - GOL/SAVEIRO,26,40091100,N
24639,24639,MANGUEIRA DO COLETOR A BOMBA - CORCEL/BELINA /83,16,40091100,N
23088,23088,MANGUEIRA DO COLETOR ADM A BOMBA DE AGUA  - ESCORT,16,40091100,N
11125,11125,MANGUEIRA DO COLETOR ADM AO TERMOSTATO - MONZA,24,40091100,N
36105,36105,MANGUEIRA DO COLETOR ADMISSAO - GOL/PASSAT/SANTANA 1.8,12,40091100,N
35645,35645,MANGUEIRA DO COLETOR ADMISSAO A BOMBA DE AGUA  - PASSAT,34,40091100,N
00279,00279,MANGUEIRA DO COLETOR ADMISSAO A BOMBA DE AGUA - UNO MILLE 147 SPAZIO,12,40091100,N
12431,12431,MANGUEIRA DO COLETOR ADMISSAO AO MODULO - CORSA 03/,71,40091100,N
36140,36140,MANGUEIRA DO COLETOR ADMISSAO AO TUBO - GOL/PARATI/SANTANA,16,40091100,N
36140-M,36140-M,MANGUEIRA DO COLETOR ADMISSAO AO TUBO - GOL/PARATI/SANTANA,18,40091100,N
36141,36141,MANGUEIRA DO COLETOR ADMISSAO AO TUBO - GOL/PARATI/SANTANA,10,40091100,N
11132,11132,MANGUEIRA DO COLETOR AO TUBO - MONZA/KADETT,16,40091100,N
11132-M,11132-M,MANGUEIRA DO COLETOR AO TUBO - MONZA/KADETT,18,40091100,N
11105,11105,MANGUEIRA DO COLETOR DE ADMISSAO - MONZA 87/ ALCOOL,18,40091100,N
13577,13577,MANGUEIRA DO COLETOR DE ADMISSAO A CAIXA DO TERMOSTATO - KADETT / VECTRA / ASTRA / ZAFIRA,16,40091100,N
35212,35212,MANGUEIRA DO DRENO DO CAPO  - VOLKSWAGEN,20,40091100,N
23328,23328,MANGUEIRA DO DUTO FLEXIVEL AO RESERVATORIO - ESCORT/VERONA,23,40091100,N
24643,24643,MANGUEIRA DO FILTRO AO CARBURADOR  - PAMPA GL 4X2,68,40091100,N
04020,04020,MANGUEIRA DO FILTRO DE AR,44,40091100,N
36208-GO,36208-GO,MANGUEIRA DO FILTRO DE AR,61,40091100,N
04525,04525,"MANGUEIRA DO FILTRO DE AR  - DOBLO 1.8 8V / 1.4 8V / 1.3,1.6 16V ( TODOS 2002 A 2010",68,40091100,N
36209,36209,MANGUEIRA DO FILTRO DE AR  - GOL 1000 97/ MOTOR VW,69,40091100,N
03968,03968,MANGUEIRA DO FILTRO DE AR  - PALIO / WEEKWND / SIENA / STRADA 1.0 / 1.3 MPI FIRE FLE,37,40091100,N
13589,13589,"MANGUEIRA DO FILTRO DE AR  - VECTRA 06/..., ASTRA 2.0",92,40091100,N
13492,13492,MANGUEIRA DO FILTRO DE AR  ( 99 / 2002 ) - ASTRA 1.8 / 2.0  8V 99/2002 / ZAFIRA,77,40091100,N
12288,12288,MANGUEIRA DO FILTRO DE AR  (SEM SENSOR) - CORSA  8V,23,40091100,N
13493,13493,MANGUEIRA DO FILTRO DE AR -  ASTRA  1.8 / 2.0 MPFI 8V 2003.. / ASTRA 2.0 FLEX,60,40091100,N
13826,13826,MANGUEIRA DO FILTRO DE AR - CELTA,23,40091100,N
13887,13887,"MANGUEIRA DO FILTRO DE AR - CELTA 1.0 , PRISMA 2009/...",76,40091100,N
35289,35289,MANGUEIRA DO FILTRO DE AR - KOMBI,31,40091100,N
13888,13888,MANGUEIRA DO FILTRO DE AR - PRISMA 1.4 2009/...,71,40091100,N
36589,36589,MANGUEIRA DO FILTRO DE AR - SANTANA QUANTUM,47,40091100,N
13399,13399,MANGUEIRA DO FILTRO DE AR - VECTRA 8 VALVULA,87,40091100,N
03962-GO,03962-GO,MANGUEIRA DO FILTRO DE AR ( COM DUAS SAIDAS ) - PALIO 96/02 - 1.0 8V,31,40091100,N
12287,12287,MANGUEIRA DO FILTRO DE AR (C/SENSOR) - CORSA  8V,39,40091100,N
24647,24647,MANGUEIRA DO FILTRO DE AR AO ANTICHAMA - CORCEL/BELINA,18,40091100,N
11112,11112,MANGUEIRA DO FILTRO DE AR AO COLETOR ADM - MONZA,16,40091100,N
00345,00345,MANGUEIRA DO FILTRO DE OLEO - UNO MILLE ELX,36,40091100,N
11140,11140,MANGUEIRA DO FILTRO DE OLEO (50MM) - MONZA/KADETT,7,40091100,N
36410-M,36410-M,"MANGUEIRA DO FILTRO DE OLEO AO AQUEC. INTERNO - GOLF /98, JETTA",240,40091100,N
11106,11106,MANGUEIRA DO FLUXO D AGUA - MONZA,15,40091100,N
35660,35660,"MANGUEIRA DO GARGALO DO TANQUE COMBUSTIVEL - PASSAT, SANTANA",36,40091100,N
36575,36575,"MANGUEIRA DO GARGALO DO TANQUE COMBUSTIVEL - PASSAT, SANTANA",21,40091100,N
11604,11604,"MANGUEIRA DO HIDROVACUO (0,48) - OPALA/CARAVAN",10,40091100,N
10577,10577,MANGUEIRA DO PRE AQUECIMENTO - CHEVETTE,21,40091100,N
36139,36139,MANGUEIRA DO RADIADOR A BOMBA D AGUA - GOL/VOYAGE/PARATI,21,40091100,N
12289-M,12289-M,MANGUEIRA DO RADIADOR AO RESERVATORIO D AGUA - CORSA (S/AR),24,40091100,N
12289,12289,MANGUEIRA DO RADIADOR AO RESERVATORIO D AGUA - CORSA S/AR,23,40091100,N
36601,36601,MANGUEIRA DO RADIADOR DE OLEO,7,40091100,N
13565,13565,MANGUEIRA DO RESERVAT DE EXPANSAO AO RADIADOR - ASTRA   /99,26,40091100,N
03961-B,03961-B,MANGUEIRA DO RESERVATORIO  S/AR C/ TORNEIRA - PALIO  1.0  96/98,23,40091100,N
36114,36114,MANGUEIRA DO RESERVATORIO - GOL/VOYAGE/PARATI,10,40091100,N
24680,24680,MANGUEIRA DO RESERVATORIO - PAMPA 90/96,24,40091100,N
36570,36570,MANGUEIRA DO RESERVATORIO AO RADIADOR  - SANTANA (CAMBIO AUTOMATICO),32,40091100,N
13859,13859,MANGUEIRA DO RESERVATORIO AO RADIADOR - CELTA 07,28,40091100,N
23403,23403,MANGUEIRA DO RESERVATORIO AO RADIADOR - ESCORT 1.8 / LOGUS,18,40091100,N
36569,36569,MANGUEIRA DO RESERVATORIO AO RADIADOR - SANTANA,15,40091100,N
36106,36106,MANGUEIRA DO RESERVATORIO AO TUBO AQUECIMENTO - GOL/VOY/PARATI,13,40091100,N
36566,36566,MANGUEIRA DO RESERVATORIO AO TUBO RADIADOR - SANTANA,16,40091100,N
36144-M,36144-M,MANGUEIRA DO RESERVATORIO D AGUA AO BOCAL     INFERIOR - GOL/VOYAGE/PARATI,28,40091100,N
23092,23092,MANGUEIRA DO RESERVATORIO DE AGUA  - ESCORT/VERONA/APOLLO 1.8,28,40091100,N
23113,23113,MANGUEIRA DO RESERVATORIO DE AGUA  - ESCORT/VERONA/VERSAILLES,13,40091100,N
36144,36144,MANGUEIRA DO RESERVATORIO DE AGUA  AO BOCAL INFERIOR - GOL/VOYAGE/PARATI,32,40091100,N
36211,36211,MANGUEIRA DO RESERVATORIO DE AGUA  DO RADIADOR - GOL/PARATI 95/,18,40091100,N
12438,12438,MANGUEIRA DO RESERVATORIO DE EXPANSAO - CORSA  (C/ AR COND),66,40091100,N
12213,12213,MANGUEIRA DO RESERVATORIO DE EXPANSAO AO      TUBO - CORSA,12,40091100,N
24878,24878,"MANGUEIRA DO RESERVATORIO DE EXPANSAO AO RADIADOR - FIESTA MT/ENDURA-E 1.0/1.3 3/5P 96/, FIESTA/COURIER 1.3",84,40091100,N
12307,12307,MANGUEIRA DO RESPIRO  - CORSA / CELTA / MERIVA / / DOBLO 1.8 / PUNTO 1.8 / IDEA,12,40091100,N
12292,12292,MANGUEIRA DO RESPIRO - CORSA,8,40091100,N
36572,36572,MANGUEIRA DO RESPIRO - SANTANA/QUANTUM,26,40091100,N
02735,02735,MANGUEIRA DO RESPIRO - TIPO / UNO / PALIO / SIENA  1.6,36,40091100,N
13398,13398,MANGUEIRA DO RESPIRO - VECTRA OMEGA 2.0 ...95,26,40091100,N
12290,12290,MANGUEIRA DO RESPIRO AO RESERVATORIO - CORSA,24,40091100,N
13576,13576,"MANGUEIRA DO RESPIRO C/ ANTI - CHAMA - VECTRA / ASTRA GT/GTX, KADETT / ZAFIRA 1.8/2.0 8V.",71,40091100,N
13576-AJE,13576-AJE,"MANGUEIRA DO RESPIRO C/ ANTICHAMA - VECTRA/ASTRA GT/GTX, KADETT/ZAFIRA  1.8/2.0  8V",103,40091100,N
35646,35646,MANGUEIRA DO RESPIRO DA TAMPA CABECOTE AO FILTRO DE AR - PASSAT,10,40091100,N
36334,36334,MANGUEIRA DO RESPIRO DE OLEO,20,40091100,N
34515,34515,MANGUEIRA DO RESPIRO DE OLEO - BRASILIA,10,40091100,N
36335,36335,MANGUEIRA DO RESPIRO DE OLEO - GOL MI  98,28,40091100,N
36333,36333,MANGUEIRA DO RESPIRO DE OLEO - GOL MI 8V,23,40091100,N
25003,25003,MANGUEIRA DO RESPIRO DO COMANDO DE VALVULA (CONJUNTO) - FIESTA/COURRIER  MOTOR ZETEC  99/,24,40091100,N
00283,00283,MANGUEIRA DO RESPIRO DO FILTRO DE AR  - UNO/PREMIO/ELBA,24,40091100,N
00434-M,00434-M,MANGUEIRA DO RESPIRO DO MOTOR,13,40091100,N
00281,00281,MANGUEIRA DO RESPIRO DO MOTOR  - FIAT MOTOR 1300,18,40091100,N
12425,12425,MANGUEIRA DO RESPIRO DO MOTOR - CORSA 1.6 MPFI 16 VALV  99/,21,40091100,N
00434,00434,MANGUEIRA DO RESPIRO DO MOTOR - PICKUP LX 92/,36,40091100,N
36563,36563,MANGUEIRA DO RESPIRO DO MOTOR - SANTANA,13,40091100,N
36563-M,36563-M,MANGUEIRA DO RESPIRO DO MOTOR - SANTANA,12,40091100,N
13464,13464,MANGUEIRA DO RESPIRO DO MOTOR - VECTRA / ASTRA / ZAFIRA / KADETT,20,40091100,N
36281,36281,MANGUEIRA DO RESPIRO DO OLEO - GOL 1.0 MI 16 V 98...,18,40091100,N
03985,03985,MANGUEIRA DO RESPIRO DO OLEO - PALIO/SIENA 1.0 1.3 1.5  00/,29,40091100,N
04007,04007,MANGUEIRA DO RESPIRO DO OLEO - PALIO/WEEKEND/SIENA  TDS  1.0  99/00,36,40091100,N
00300,00300,MANGUEIRA DO RESPIRO DO TANQUE COMBUSTIVEL - UNO/PREMIO/ELBA  85/,16,40091100,N
11843,11843,MANGUEIRA DO RETORNO D AGUA AQUECEDOR - KADETT (C/AR),23,40091100,N
04273,04273,MANGUEIRA DO RETORNO DE AGUA  DO AQUECEDOR - IDEA 1.8 8V MPI 2007/2008,56,40091100,N
11126,11126,MANGUEIRA DO RETORNO DE AGUA DO AQUECEDOR - MONZA,37,40091100,N
12215-M,12215-M,MANGUEIRA DO RETORNO DO AQUECEDOR,12,40091100,N
12215,12215,MANGUEIRA DO RETORNO DO AQUECEDOR - CORSA,12,40091100,N
13376,13376,MANGUEIRA DO RETORNO DO AQUECEDOR - VECTRA,15,40091100,N
23095,23095,MANGUEIRA DO RETORNO DO TANQUE - ESCORT/VERONA CHT,18,40091100,N
36598,36598,MANGUEIRA DO SEPARADOR OLEO  AO CABECOTE FILTRO DE AR - SANTANA / QUANTUM / VERSAILLES / ROYALLE,32,40091100,N
13872,13872,MANGUEIRA DO TANQUE DE COMBUSTIVEL - CORSA 2002/ 1.8 MPFI 8V,48,40091100,N
13439,13439,MANGUEIRA DO TUBO A BOMBA D AGUA - VECTRA/ASTRA,28,40091100,N
13442,13442,MANGUEIRA DO TUBO A VENTILACAO   - VECTRA GL/GLS  4CC  8 V  97/98,8,40091100,N
11098,11098,MANGUEIRA DO TUBO ADMISSAO A BOMBA DE AGUA - MONZA,16,40091100,N
12244,12244,MANGUEIRA DO TUBO AO COLETOR ADMISSAO - CORSA,24,40091100,N
11111,11111,MANGUEIRA DO TUBO AO COLETOR ADMISSAO - MONZA 87/,13,40091100,N
11123,11123,MANGUEIRA DO TUBO AO RESERVATORIO - MONZA/KADETT/IPANEMA,32,40091100,N
11840,11840,MANGUEIRA DO TUBO AO RESERVATORIO DE EXPANSAO - KADETT,28,40091100,N
13404,13404,MANGUEIRA DO TUBO AO RESERVATORIO DE EXPANSAO - VECTRA 94/95,39,40091100,N
13561,13561,MANGUEIRA DO TUBO AO TERMOSTATO - ASTRA  TDS  99/04,26,40091100,N
36280,36280,MANGUEIRA DO TUBO DO AQUECIMENTO AO COLETOR - GOL 1.8  93/,10,40091100,N
23093,23093,MANGUEIRA DO TUBO DO PRE AQUECIMENTO - ESCORT/VERONA/APOLLO 1.8,8,40091100,N
23094,23094,MANGUEIRA DO TUBO DO PRE AQUECIMENTO - ESCORT/VERONA/APOLLO 1.8,13,40091100,N
35658,35658,MANGUEIRA DO TUBO INTERMEDIARIO D AGUA,8,40091100,N
35244,35244,MANGUEIRA DO TUBO INTERNO AO TUBO TRASEIRO  - KOMBI CLIPPER (DIESEL),24,40091100,N
00296,00296,MANGUEIRA DO TUBO MOTOR AO AQUECIMENTO - UNO/PREMIO/PICK-UP,29,40091100,N
35650,35650,"MANGUEIRA ENTRA BOMBA D AGUA E TUBO               INTERMED - PASSAT, SANTANA",13,40091100,N
36567,36567,"MANGUEIRA ENTRA BOMBA DE AGUA  E TUBO INTERMEDIARIO - PSAAT, SANTANA",16,40091100,N
25017,25017,MANGUEIRA ENTRADA  D AGUA NO AQUECEDOR  - FIESTA 2002/... TODOS,34,40091100,N
13962,13962,MANGUEIRA ENTRADA DO AR QUENTE - ONIX / PRISMA 2013,104,40091100,N
03846-M,03846-M,MANGUEIRA INFERIOR DO RADIADOR,18,40091100,N
13438-M,13438-M,MANGUEIRA INFERIOR DO RADIADOR,28,40091100,N
03848,03848,MANGUEIRA INFERIOR DO RADIADOR  - PALIO 1.6  16 VALV  96/,103,40091100,N
03848-M,03848-M,MANGUEIRA INFERIOR DO RADIADOR  - PALIO 1.6  16 VALV  96/,80,40091100,N
36477,36477,MANGUEIRA INFERIOR DO RADIADOR  - POLO CLASSIC 1.8 / 2.0 97/,32,40091100,N
00287,00287,MANGUEIRA INFERIOR DO RADIADOR  - SPAZIO/OGGI 84/,21,40091100,N
00287-M,00287-M,MANGUEIRA INFERIOR DO RADIADOR  - SPAZIO/OGGI 84/,26,40091100,N
00285,00285,MANGUEIRA INFERIOR DO RADIADOR  - UNO/PREMIO/ELBA,23,40091100,N
13438,13438,MANGUEIRA INFERIOR DO RADIADOR - ASTRA,36,40091100,N
13554,13554,MANGUEIRA INFERIOR DO RADIADOR - ASTRA  1.8/2.0  04/06 / ZAFIRA,77,40091100,N
13862,13862,MANGUEIRA INFERIOR DO RADIADOR - CELTA 07,68,40091100,N
13806-M,13806-M,MANGUEIRA INFERIOR DO RADIADOR - CELTA TDS,24,40091100,N
12212,12212,MANGUEIRA INFERIOR DO RADIADOR - CORSA,37,40091100,N
23081,23081,MANGUEIRA INFERIOR DO RADIADOR - ESCORT /85,29,40091100,N
23082,23082,"MANGUEIRA INFERIOR DO RADIADOR - ESCORT 86/, CORCEL/BELINA",24,40091100,N
23082-M,23082-M,"MANGUEIRA INFERIOR DO RADIADOR - ESCORT 86/, CORCEL/BELINA",26,40091100,N
24629,24629,"MANGUEIRA INFERIOR DO RADIADOR - ESCORT 86/, CORCEL/BELINA",24,40091100,N
23324,23324,MANGUEIRA INFERIOR DO RADIADOR - ESCORT/VERONA,28,40091100,N
23091,23091,MANGUEIRA INFERIOR DO RADIADOR - ESCORT/VERONA/APOLLO 1.8,39,40091100,N
00274,00274,MANGUEIRA INFERIOR DO RADIADOR - FIAT 147,32,40091100,N
36216,36216,MANGUEIRA INFERIOR DO RADIADOR - GOL 1000 (VW) EA III MI,108,40091100,N
36216-M,36216-M,MANGUEIRA INFERIOR DO RADIADOR - GOL 1000 (VW) EA III MI,88,40091100,N
36138,36138,MANGUEIRA INFERIOR DO RADIADOR - GOL/PARATI,39,40091100,N
36561,36561,MANGUEIRA INFERIOR DO RADIADOR - GOL/SANTANA 1.8,39,40091100,N
36107,36107,MANGUEIRA INFERIOR DO RADIADOR - GOL/VOYAGE/PARATI (CHT),42,40091100,N
36406,36406,MANGUEIRA INFERIOR DO RADIADOR - GOLF GTI/GLX,31,40091100,N
26729,26729,MANGUEIRA INFERIOR DO RADIADOR - JEEP 6CC,60,40091100,N
25951,25951,MANGUEIRA INFERIOR DO RADIADOR - KA,104,40091100,N
00443-M,00443-M,MANGUEIRA INFERIOR DO RADIADOR - MILLE 1.0 8V C/AQ  FIRE,112,40091100,N
11100,11100,MANGUEIRA INFERIOR DO RADIADOR - MONZA /87,61,40091100,N
11116,11116,MANGUEIRA INFERIOR DO RADIADOR - MONZA S/ AR CONDICIONADO,130,40091100,N
11122,11122,MANGUEIRA INFERIOR DO RADIADOR - MONZA/KADETT/IPANEMA,52,40091100,N
11608,11608,MANGUEIRA INFERIOR DO RADIADOR - OPALA/CARAVAN 4CC,48,40091100,N
11609,11609,MANGUEIRA INFERIOR DO RADIADOR - OPALA/CARAVAN 6CC,58,40091100,N
11611,11611,MANGUEIRA INFERIOR DO RADIADOR - OPALA/CARAVAN 75/ 6CC,66,40091100,N
11612,11612,MANGUEIRA INFERIOR DO RADIADOR - OPALA/CARAVAN 83/ (RAD.PLASTICO),55,40091100,N
11615,11615,MANGUEIRA INFERIOR DO RADIADOR - OPALA/CARAVAN 85/C 4CC,64,40091100,N
03847,03847,MANGUEIRA INFERIOR DO RADIADOR - PALIO 1.5  96/  C/AR CONDICIONADO,72,40091100,N
03846,03846,MANGUEIRA INFERIOR DO RADIADOR - PALIO 1.5 S/AR CONDICIONADO,23,40091100,N
35642,35642,MANGUEIRA INFERIOR DO RADIADOR - PASSAT,21,40091100,N
00442,00442,MANGUEIRA INFERIOR DO RADIADOR - UNO FIRE 1.0 8 VALV,88,40091100,N
00431,00431,"MANGUEIRA INFERIOR DO RADIADOR - UNO, ELBA WKEND 1.5 2/4P 93/94 (C/AC), ELBA CS 2/4P  16",104,40091100,N
00351,00351,"MANGUEIRA INFERIOR DO RADIADOR - UNO/ELBA/PREMIO, UNO 1000 SPI 96/ C/AR CONDIC",87,40091100,N
23323,23323,MANGUEIRA INFERIOR RADIADOR - DEL REY/ESCORT/VERONA/APOLLO,40,40091100,N
24587,24587,MANGUEIRA INTERNA DO RESERVATORIO D AGUA - CORCEL/BELINA /77,2,40091100,N
25014,25014,MANGUEIRA LUGACAO RESEV. EXPANSAO A CARCACA TERMOSTATICA - FIESTA 2003/ ( TODOS ),37,40091100,N
35032,35032,MANGUEIRA PLASTICA DA GASOLINA (METRO) - VOLKSWAGEN,4,40091100,N
24532,24532,"MANGUEIRA PLASTICA DA MOLA ASPIRAL (PECA) (0,80) - CORCEL/BELINA",4,40091100,N
36276,36276,MANGUEIRA RESPIRO DE OLEO - GOL 1.0,13,40091100,N
00354,00354,MANGUEIRA SUPERIOR DO RADIADOR,28,40091100,N
00441-M,00441-M,MANGUEIRA SUPERIOR DO RADIADOR,32,40091100,N
03843-M,03843-M,MANGUEIRA SUPERIOR DO RADIADOR,21,40091100,N
11110,11110,MANGUEIRA SUPERIOR DO RADIADOR,18,40091100,N
11847,11847,MANGUEIRA SUPERIOR DO RADIADOR,13,40091100,N
13465-M,13465-M,MANGUEIRA SUPERIOR DO RADIADOR,21,40091100,N
24654,24654,MANGUEIRA SUPERIOR DO RADIADOR,29,40091100,N
25015,25015,MANGUEIRA SUPERIOR DO RADIADOR,80,40091100,N
00273,00273,MANGUEIRA SUPERIOR DO RADIADOR  - FIAT 147,20,40091100,N
11099,11099,MANGUEIRA SUPERIOR DO RADIADOR  - MONZA 87/ C/DIR HIDRAULICA,23,40091100,N
00288,00288,MANGUEIRA SUPERIOR DO RADIADOR  - SPAZIO/OGGI 84/,36,40091100,N
00441,00441,MANGUEIRA SUPERIOR DO RADIADOR  - UNO FIRE 1.0 8 VALV,31,40091100,N
13804,13804,MANGUEIRA SUPERIOR DO RADIADOR  SEM AR - CELTA,36,40091100,N
13908,13908,MANGUEIRA SUPERIOR DO RADIADOR - AGILE / MONTANA,29,40091100,N
13437,13437,MANGUEIRA SUPERIOR DO RADIADOR - ASTRA  (S/ AR COND),31,40091100,N
13406,13406,MANGUEIRA SUPERIOR DO RADIADOR - ASTRA 2.0 EFI(MOTOR NACIONAL),40,40091100,N
13860,13860,MANGUEIRA SUPERIOR DO RADIADOR - CELTA 07 / PRISMA,34,40091100,N
10570,10570,MANGUEIRA SUPERIOR DO RADIADOR - CHEVETTE,18,40091100,N
24630,24630,MANGUEIRA SUPERIOR DO RADIADOR - CORCEL/BELINA 78/,31,40091100,N
12211,12211,MANGUEIRA SUPERIOR DO RADIADOR - CORSA,32,40091100,N
12429,12429,MANGUEIRA SUPERIOR DO RADIADOR - CORSA  94/,20,40091100,N
12350,12350,MANGUEIRA SUPERIOR DO RADIADOR - CORSA 1.6 MPFI 16V  95/01,40,40091100,N
12291-M,12291-M,MANGUEIRA SUPERIOR DO RADIADOR - CORSA 94/ (C/AR),37,40091100,N
12440,12440,"MANGUEIRA SUPERIOR DO RADIADOR - CORSA I/II, MERIVA  8 VALV  1.0/1.4/1.6/1.8",36,40091100,N
23083,23083,MANGUEIRA SUPERIOR DO RADIADOR - ESCORT,77,40091100,N
23339,23339,MANGUEIRA SUPERIOR DO RADIADOR - ESCORT,21,40091100,N
23084,23084,MANGUEIRA SUPERIOR DO RADIADOR - ESCORT 86/,42,40091100,N
23084-M,23084-M,MANGUEIRA SUPERIOR DO RADIADOR - ESCORT 86/,28,40091100,N
23115,23115,MANGUEIRA SUPERIOR DO RADIADOR - ESCORT HOBBY,26,40091100,N
23322,23322,MANGUEIRA SUPERIOR DO RADIADOR - ESCORT/VERONA,23,40091100,N
23090,23090,MANGUEIRA SUPERIOR DO RADIADOR - ESCORT/VERONA/APOLLO 1.8,47,40091100,N
00275,00275,MANGUEIRA SUPERIOR DO RADIADOR - FIAT 147,23,40091100,N
35651,35651,MANGUEIRA SUPERIOR DO RADIADOR - GOL,40,40091100,N
36136,36136,MANGUEIRA SUPERIOR DO RADIADOR - GOL 1.6/1.8/2.0 S/AR,31,40091100,N
36218,36218,MANGUEIRA SUPERIOR DO RADIADOR - GOL 1000 (VW) EA 111 MI 97,60,40091100,N
36135,36135,MANGUEIRA SUPERIOR DO RADIADOR - GOL 1000 95/ CHT,28,40091100,N
36133,36133,MANGUEIRA SUPERIOR DO RADIADOR - GOL 85/,23,40091100,N
36134,36134,MANGUEIRA SUPERIOR DO RADIADOR - GOL C/AR,39,40091100,N
36278,36278,MANGUEIRA SUPERIOR DO RADIADOR - GOL/PARATI,18,40091100,N
36108,36108,MANGUEIRA SUPERIOR DO RADIADOR - GOL/VOYAGE/PARATI (CHT),42,40091100,N
36108-M,36108-M,MANGUEIRA SUPERIOR DO RADIADOR - GOL/VOYAGE/PARATI (MOTOR CHT),31,40091100,N
36100-M,36100-M,MANGUEIRA SUPERIOR DO RADIADOR - GOL/VOYAGE/PARATI 88/,28,40091100,N
36405,36405,MANGUEIRA SUPERIOR DO RADIADOR - GOLF,34,40091100,N
11839,11839,MANGUEIRA SUPERIOR DO RADIADOR - KADETT,26,40091100,N
11097,11097,MANGUEIRA SUPERIOR DO RADIADOR - MONZA,28,40091100,N
11607,11607,MANGUEIRA SUPERIOR DO RADIADOR - OPALA/CARAVAN,28,40091100,N
11610,11610,MANGUEIRA SUPERIOR DO RADIADOR - OPALA/CARAVAN 75/ 6CC,39,40091100,N
11613,11613,MANGUEIRA SUPERIOR DO RADIADOR - OPALA/CARAVAN 83/ (RAD.PLASTICO),24,40091100,N
03806,03806,MANGUEIRA SUPERIOR DO RADIADOR - PALIO,37,40091100,N
04018,04018,MANGUEIRA SUPERIOR DO RADIADOR - PALIO 1.0 / FIRE,31,40091100,N
03843,03843,MANGUEIRA SUPERIOR DO RADIADOR - PALIO 1.5  97/  C/AR,23,40091100,N
03924,03924,MANGUEIRA SUPERIOR DO RADIADOR - PALIO 1.6 16V,29,40091100,N
03845,03845,MANGUEIRA SUPERIOR DO RADIADOR - PALIO ED/EDX  96/,21,40091100,N
03987,03987,MANGUEIRA SUPERIOR DO RADIADOR - PALIO/WEEKEND/STRADA WORKING  1.6  16VALV,32,40091100,N
61044,61044,MANGUEIRA SUPERIOR DO RADIADOR - PEUGEOT 206 1.6 (C/ e S/AR COND),55,40091100,N
36576,36576,MANGUEIRA SUPERIOR DO RADIADOR - SANTANA /91,60,40091100,N
36602,36602,MANGUEIRA SUPERIOR DO RADIADOR - SANTANA 95/ (C/RAD. OLEO),148,40091100,N
36581,36581,MANGUEIRA SUPERIOR DO RADIADOR - SANTANA/QUANTUM,76,40091100,N
00292,00292,MANGUEIRA SUPERIOR DO RADIADOR - UNO 90,36,40091100,N
00286,00286,MANGUEIRA SUPERIOR DO RADIADOR - UNO/PREMIO/ELBA,26,40091100,N
00286-M,00286-M,MANGUEIRA SUPERIOR DO RADIADOR - UNO/PREMIO/ELBA,24,40091100,N
13466,13466,MANGUEIRA SUPERIOR DO RADIADOR - VECTRA 2.0/2.2  8V   97/,36,40091100,N
13466-M,13466-M,MANGUEIRA SUPERIOR DO RADIADOR - VECTRA 2.0/2.2  8V   97/,39,40091100,N
13846,13846,MANGUEIRA SUPERIOR DO RADIADOR - ZAFIRA  1.8/2.0  FLEX,55,40091100,N
13804-M,13804-M,MANGUEIRA SUPERIOR DO RADIADOR (C/ e S/ AC) - CELTA,36,40091100,N
13805-M,13805-M,MANGUEIRA SUPERIOR DO RADIADOR (C/AC) - CELTA,32,40091100,N
03925,03925,"MANGUEIRA SUPERIOR DO RADIADOR (MOTOR FIRE) - PALIO 1.0 8/16V, 1.3 / IDEA 1.4",29,40091100,N
36286,36286,MANGUEIRA SUPERIOR DO RADIADOR (SEM AR ) - GOL 1.6/1.8/2.0,28,40091100,N
23333,23333,MANGUEIRA SUPERIOR DO RESERVATORIO - LOGUS/POINTER,20,40091100,N
11102,11102,MANGUEIRA TAMPA DE VALVULA AO FILTRO DE AR - MONZA /86,32,40091100,N
36332,36332,MANGUEIRA VALV REGULAGEM PRESSAO E ANTICHAMA - GOL/PARATI/SANTANA 1.6/1.8,29,40091100,N
04021-B,04021-B,RABICHO DA MANGUEIRA DO FILTRO DE AR  - PALIO / SIENA / STRADA ... /09 1.4 TDS,26,40091100,N
04040,04040,"RABICHO DA MANGUEIRA DO MOTOR AO DUTO DE AR AO COLETOR DE AD - PALIO 01/03, SIENA 02/03 1.0 ,  1.3",32,40091100,N
26021,26021,REPARO DO SEMI EIXO LADO RODA ( 20 MM ) COMPLETO - ECOSPORT 4.2,20,40091100,N
03961,03961,MANGUEIRA  DO RADIADOR AO RESERVATORIO EXPANSAO  - PALIO/SIENA/ STRADA/ 1.0/1.5,39,40093100,N
12470,12470,MANGUEIRA DE ENTRADA DO AQUECEDOR AR QUENTE - CORSA /MONTANA 1.4 / 1.8,85,40093100,N
36562,36562,MANGUEIRA DO CABECOTE A BOMBA D AGUA - SANTANA 1.8,26,40093100,N
35657,35657,MANGUEIRA DO COLETOR A VALVULA DE AQUECIMENTO - PASSAT,24,40093100,N
11121,11121,MANGUEIRA DO COLETOR ADMISSAO A CAIXA TERMOSTATICA - MONZA,50,40093100,N
04014,04014,MANGUEIRA DO RESERVATORIO  SEM AR COM TORNEIRA - PALIO  1.0  96/98,26,40093100,N
12245,12245,MANGUEIRA DO TUBO AO MOTOR - CORSA / PRISMA,26,40093100,N
36137,36137,MANGUEIRA INFERIOR DO RADIADOR - GOL 1000 95/ CHT,61,40093100,N
36099,36099,MANGUEIRA INFERIOR DO RADIADOR - GOL/VOYAGE/PARATI 1.8,23,40093100,N
13403,13403,MANGUEIRA INFERIOR DO RADIADOR - VECTRA,28,40093100,N
12291,12291,MANGUEIRA SUPERIOR DO RADIADOR - CORSA C/AR,20,40093100,N
23414,23414,MANGUEIRA SUPERIOR DO RADIADOR - ESCORT ZETEC 1.8 16V 97/,124,40093100,N
36693,36693,MANGUEIRA SUPERIOR DO RADIADOR - FOX  TDS  06 / POLO NOVO / GOL GV / VOYAGE GV / SAVEIRO,39,40093100,N
36100,36100,MANGUEIRA SUPERIOR DO RADIADOR - GOL/VOYAGE/PARATI 88/,36,40093100,N
36560,36560,MANGUEIRA SUPERIOR DO RADIADOR - GOL/VOYAGE/PARATI/SANTANA  1.8,37,40093100,N
36603,36603,MANGUEIRA SUPERIOR DO RADIADOR - SANTANA 95/ (S/RAD.OLEO),96,40093100,N
13555,13555,"MANGUEIRA SUPERIOR DO RADIADOR ( C/REDE DE PROTECAO ) - ASTRA 1.8/2.0  00/04,  ZAFIRA  1.8/2.0  S/AR",52,40093100,N
13426,13426,CAPA DO PEDAL ACELERADOR - VECTRA,8,40121900,N
15030,15030,CAPA DO PEDAL DO FREIO/EMBRAGEM - S-10 / BLAZER,4,40121900,N
11066,11066,ANEL DA BOMBA D AGUA - MONZA,2,40169300,N
35001,35001,ANEL DA CAPA DE TUCHO - VOLKSWAGEN,2,40169300,N
35003,35003,ANEL DA TAMPA LATERAL DO CAMBIO (FINO) - VW 1500/1600   1975,4,40169300,N
35002,35002,ANEL DA TAMPA LATERAL DO CAMBIO (GROSSO) - VOLKSWAGEN /73,7,40169300,N
11064,11064,ANEL DA VALVULA TERMOSTATICA  - MONZA /86,4,40169300,N
11065,11065,ANEL DA VALVULA TERMOSTATICA - MONZA 87/,5,40169300,N
35568,35568,ANEL DA VALVULA TERMOSTATICA AO RADIADOR  - PASSAT,2,40169300,N
35043,35043,ANEL DO BRACO DA SUSPENSAO DIANTEIRA - KOMBI,2,40169300,N
35042,35042,ANEL DO BRACO DA SUSPENSAO DIANTEIRA - VW 1200/1300,4,40169300,N
12272,12272,ANEL DO DISTRIBUIDOR  - CORSA,5,40169300,N
11063,11063,ANEL DO DISTRIBUIDOR  - MONZA 1.6,4,40169300,N
35000,35000,ANEL DO VOLANTE DO MOTOR (GRAFITADO) - VOLKSWAGEN,4,40169300,N
35505,35505,ANEL NYLON TRAVA AMORTECEDOR  DIANTEIRO  - PASSAT,2,40169300,N
24517,24517,ANEL PLASTICO DA CRUZETA - CORCEL/BELINA,2,40169300,N
36519-AX,36519-AX,BUCHA DA BANDEJA DIANTEIRA   - SANTANA 2000,42,40169990,N
11535-AX,11535-AX,BUCHA DA BANDEJA SUPERIOR DIANT ANTERIOR,34,40169990,N
23302,23302,BUCHA DIANTEIRA  BRACO SUSPENSAO DIANTEIRA  - ESCORT/LOGUS,28,40169990,N
13389,13389,BUCHA DO BRACO DE CONTROLAMENTO E TRASEIRO  - VECTRA 96/,44,40169990,N
23303,23303,BUCHA TRASEIRA  BRACO SUSPENSAO DIANTEIRA  - ESCORT/LOGUS,28,40169990,N
36450-A,36450-A,"BUCHA TRASEIRA  DA BANDEJA DA SUSPENSAO DIANTEIRA  - GOLF, NOVO GOL 01/03/08...",45,40169990,N
36072,36072,JOGO PAPELAO DO RADIADOR  (4 PCS) - GOL/VOYAGE /86,29,72101200,N
35223,35223,TAMPA DO OLEO DO MOTOR  - VOLKSWAGEN,16,84099190,N
23173,23173,TAMPAO DA BOMBA  DE AGUA  COM ABRACADEIRA   - ESCORT/CORCEL/D.REY / PAMPA / GOL,8,84099190,N
35209,35209,FILTRO DA SAIDA DO TANQUE COMBUSTIVEL - VOLKSWAGEN,21,84212990,N
47099-Q,47099-Q,TENSOR DA CORREIA DA DIRECAO HIDRAULICA,170,84835090,N
11067,11067,ANEL DA BOIA DO TANQUE - MONZA,4,84849000,N
23051,23051,GUARNICAO DA BOMBA RESERVATORIO GASOLINA - ESCORT/CORCEL II/DEL,4,84849000,N
11155-AJE,11155-AJE,JOGO MODULO INJECAO EFI - MONZA/KADETT/IPANEMA,13,84849000,N
35612,35612,JUNTA BOCAL DO CARBURADOR,20,84849000,N
35570,35570,JUNTA DA BOIA DO TANQUE ALCOOL (MAIOR) - PASSAT,5,84849000,N
36537,36537,JUNTA DO CARBURADOR - SANTANA,2,84849000,N
35124,35124,JUNTA DO SUPORTE PARACHOQUE  - VW 1200/1300,4,84849000,N
34560,34560,JUNTA INTERNA CANO PARACHOQUE OVAL - VARIANT/BRASILIA,7,84849000,N
13501,13501,RESERV EXPANSAO DO RADIADOR (2 BICOS C/SENSOR) - ASTRA 1.8/2.0 8 VAL 99/,103,87089100,N
13503,13503,RESERV EXPANSAO DO RADIADOR (3 BICOS C/SENSOR) - ASTRA 2.0 16 VALV 99/ ZAFIRA 8V. / 16V. VECTR 06/... 2.,103,87089100,N
36260,36260,RESERV. DO RADIADOR S/ SENSOR  - GOL GERACAO III,100,87089100,N
03915,03915,RESERVATORIO  DE EXPANSAO - PALIO ATE... 2000 TDS,76,87089100,N
11852,11852,RESERVATORIO D AGUA DO LIMPADOR PARABRISA     VIDRO DT/TR,37,87089100,N
23356,23356,RESERVATORIO D AGUA DO RADIADOR - ESCORT/LOGUS,71,87089100,N
25955,25955,RESERVATORIO D AGUA DO RADIADOR - KA,88,87089100,N
24825,24825,RESERVATORIO D AGUA DO RADIADOR ( 3 BICOS ) - FIESTA 1.4 96/,74,87089100,N
36198,36198,"RESERVATORIO D AGUA DO RADIADOR (SIMPLES) - GOL 88/, SANTANA 85/",69,87089100,N
36197,36197,RESERVATORIO DA PARTIDA A FRIO - PASSAT/GOL/VOYAGE 88/,103,87089100,N
23141,23141,RESERVATORIO DE AGUA  DO RADIADOR SEM SENSOR  - ESCORT (S/SENSOR),130,87089100,N
13397,13397,RESERVATORIO DE AGUA  DO RADIADOR SEM SENSOR  - VECTRA 96/,138,87089100,N
03948,03948,RESERVATORIO DE EXPANSAO  - PALIO/SIENA  2002/,96,87089100,N
13871,13871,"RESERVATORIO DE EXPANSAO  (3 SAIDAS) - CELTA / PRISMA  09/,  AGILE / MONTANA NOVA",146,87089100,N
37512,37512,RESERVATORIO DE EXPANSAO DO RADIADOR  - GOLF 99/ AUDI A3 / KOMBI FLEX,215,87089100,N
11146,11146,RESERVATORIO DE GASOLINA - MONZA,96,87089100,N
03892,03892,RESERVATORIO DO RADIADOR   - PALIO  (MOTOR FIRE),96,87089100,N
12285,12285,RESERVATORIO EXPANSAO DO RADIADOR   (2 BICOS) - CORSA,79,87089100,N
13500,13500,RESERVATORIO EXPANSAO DO RADIADOR (2 BICOS SEM SENSOR) - ASTRA 1.8/2.0 8 VAL 99/,100,87089100,N
47025,47025,ABRAC P/ MANG DE GASOLINA  9 X 11  - 9 X 11 mm,4,87089990,N
47007,47007,ABRAC ROSCA S/FIM 9MM - 38 X 51  1 1/2 X 2,8,87089990,N
47000,47000,ABRAC ROSCA S/FIM 9MM - 9 X 13  3/8 X 1/2,2,87089990,N
35075,35075,ABRACADEIRA  DA PONTA ESTABILIZADORA LADO DIREITO  ( COM PAR - KOMBI,5,87089990,N
35074,35074,ABRACADEIRA  DA PONTA ESTABILIZADORA LADO ESQUERDO  ( COM PA - KOMBI,5,87089990,N
47025-B,47025-B,"ABRACADEIRA PARA MANGUEIRA DE GASOLINA ( 3,5MM ) - 8 X 9 mm",4,87089990,N
47031-C,47031-C,"ABRACADEIRA PLASTICA TIPO UNIVERSAL - 400MM COMP 7,5 LARC PRETA",2,87089990,N
47001,47001,ABRACADEIRA ROSCA SEM FIM  9MM - 12 X 16   1/2 X 5/8,4,87089990,N
11134,11134,ALAVANCA TRAMBULADOR LIAME - MONZA/KADETT/IPANEMA,36,87089990,N
03880-B,03880-B,ALCA DE LEVANTAR BANCO   (CINZA) - PALIO,5,87089990,N
00388,00388,ALCA DE LEVANTAR BANCO - UNO/PREMIO/PREMIO,2,87089990,N
35189,35189,ALCA DE SEGURANCA DA PORTA  - KOMBI CLIPPER,16,87089990,N
35150,35150,ALCA PLASTICA DE SEGURANCA (PRETA) - VOLKSWAGEN 79/,10,87089990,N
10526,10526,ANEL DO ESCAPAMENTO  - CHEVETTE,2,87089990,N
00186,00186,ANEL DO ESCAPAMENTO DIANTEIRO  - FIAT  TODOS,4,87089990,N
36527,36527,ANEL DO SUPORTE DO ESCAPAMENTO - SANTANA/UNO/PREMIO/E,4,87089990,N
12273,12273,ANEL DO TERMOSTATO - CORSA,2,87089990,N
24584-AJE,24584-AJE,ANTI-CHAMA - CORCEL/BELINA 84/,18,87089990,N
36310,36310,ANTI-CHAMA - GOL MI 16V,44,87089990,N
36230,36230,ANTICHAMA,8,87089990,N
24584,24584,ANTICHAMA - CORCEL/BELINA 84/,16,87089990,N
36310-AJE,36310-AJE,ANTICHAMA - GOL MI  16V,50,87089990,N
36301,36301,ANTICHAMA S/ TUBO - GOL MI 8V,42,87089990,N
11514,11514,APOIO DO CALCO DA MOLA - OPALA/CHEVETTE,8,87089990,N
00387,00387,ARREMATE DO BANCO - UNO/PREMIO/ELBA/FIORINO,2,87089990,N
36192-B,36192-B,ARREMATE DO BANCO ( CINZA ) - GOL/VOY/PARATI,4,87089990,N
36192,36192,ARREMATE DO BANCO ( PRETO ) - GOL/VOYAGE/PARATI,2,87089990,N
03881-B,03881-B,ARREMATE DO BANCO (CINZA) - PALIO,4,87089990,N
12320,12320,ARREMATE DO BOTAO DA TRAVA DO BANCO (PRETO) - CORSA/MZA/KDT 94/,4,87089990,N
11080,11080,ARREMATE DO ENCOSTO DO BANCO - MONZA 85/,2,87089990,N
36355-E,36355-E,BASE DO GATILHO DA PORTA DIANTEIRO /TR ESQUERDO  - GOL/PARATI/SAVEIRO (TDS GIII),4,87089990,N
36355-D,36355-D,BASE DO GATILHO DA PORTA DT / TR DIREITO - GOL/PARATI/SAVEIRO (TDS GIII),4,87089990,N
03907,03907,BATENTE ANTIVIBRANTE DA TAMPA TRASEIRA,4,87089990,N
03916,03916,BATENTE ANTIVIBRANTE DO CAPO - PALIO/SIENA/W.END/ST,5,87089990,N
23013-E,23013-E,BATENTE DA HASTE AMORTECEDOR  DIANTEIRO  - ESCORT,12,87089990,N
36652-E,36652-E,"BATENTE DA HASTE DO AMORTEC SUSP DIANT - NOVO GOL 01/03/08..., POLO 17/..., VIRTUS 18/...",7,87089990,N
12365-E,12365-E,BATENTE DA HASTE DO AMORTECEDOR  DIANTEIRO  - CORSA SEDAN 2002/ MERIVA C/ABS,16,87089990,N
00128,00128,BATENTE DA MOLA SUSPENSAO TRASEIRA  - FIAT 147/ UNO/ PREMIO / MILLE / ELBA,13,87089990,N
35057,35057,BATENTE DA SUSPENSAO TRASEIRA  - SEDAN/BRASILIA / KOMBI / VARIANT,18,87089990,N
35059,35059,BATENTE DA SUSPENSAO TRASEIRA - KOMBI,53,87089990,N
00127-AG,00127-AG,BATENTE DA SUSPENSAO TRASEIRA - UNO/PREMIO/ELBA 84/,23,87089990,N
35199,35199,"BATENTE DIANTEIRO  DO CAPO - CHEVETTE, FUSCAO",4,87089990,N
10555,10555,BATENTE DIANTEIRO  DO CAPO - CHEVETTE/FUSCAO,4,87089990,N
12090,12090,BATENTE DIANTEIRO DO CAPO E PORTA MALAS  - OMEGA / CELTA,4,87089990,N
36504-E,36504-E,BATENTE DO AMORTECEDOR  DIANTEIRO  - SANTANA 87/,7,87089990,N
36011,36011,BATENTE DO AMORTECEDOR  TRASEIRO  - GOL,10,87089990,N
11011-E,11011-E,BATENTE DO AMORTECEDOR DIANTEIRO,7,87089990,N
24524,24524,BATENTE DO AMORTECEDOR DIANTEIRO - CORCEL /77,12,87089990,N
24526,24526,BATENTE DO AMORTECEDOR DIANTEIRO - CORCEL/BELINA 78/,7,87089990,N
00120,00120,BATENTE DO AMORTECEDOR DIANTEIRO - FIAT 147,21,87089990,N
35083,35083,BATENTE DO AMORTECEDOR DIANTEIRO - FUSCAO/BRASILIA,37,87089990,N
11009-E,11009-E,BATENTE DO AMORTECEDOR DIANTEIRO - MONZA ...90 / ASTRA 95 / 96,8,87089990,N
12201-E,12201-E,BATENTE DO AMORTECEDOR TRASEIRO - CORSA PICK-UP,24,87089990,N
13351-E,13351-E,BATENTE DO AMORTECEDOR TRASEIRO - VECTRA,10,87089990,N
10515,10515,BATENTE DO BRACO DA SUSPENSAO DIANTEIRA - CHEVETTE,18,87089990,N
35060,35060,BATENTE DO BRACO ESTABILIZADOR TRASEIRO - FUSCAO/BRASILIA,20,87089990,N
35061,35061,BATENTE DO BRACO ESTABILIZADOR TRASEIRO - FUSCAO/BRASILIA,8,87089990,N
36167,36167,BATENTE DO CAPO - GOL 94,8,87089990,N
11846,11846,BATENTE DO CAPO - KADETT,7,87089990,N
03906,03906,BATENTE DO CAPO - PALIO,4,87089990,N
00482,00482,BATENTE DO CAPO - UNO/MILLE/FIORINO/ELBA/PREMIO,2,87089990,N
35058,35058,BATENTE DO EIXO DIANTEIRO   - KOMBI,15,87089990,N
35056,35056,BATENTE DO EIXO DIANTEIRO  - SEDAN,13,87089990,N
11822,11822,BATENTE DO EIXO TRASEIRO  - IPANEMA,10,87089990,N
11027,11027,BATENTE DO EIXO TRASEIRO  - MONZA,18,87089990,N
10516,10516,BATENTE DO EIXO TRASEIRO - CHEVETTE,2,87089990,N
11821,11821,BATENTE DO EIXO TRASEIRO - KADETT 91... / MONZA 91... / ASTRA 95/96 / VECTRA 94/96,8,87089990,N
12277,12277,BATENTE DO PORTA MALAS - CORSA,5,87089990,N
36592,36592,BATENTE DO TUBO DO ESCAPAMENTO - SANTANA/QUANTUM,4,87089990,N
36042,36042,BATENTE ESCAPAMENTO DO ASSOALHO - GOL/VOYAGE/PARATI,2,87089990,N
35206,35206,BATENTE EXTERNO DA PORTA - KOMBI CLIPPER,4,87089990,N
11190,11190,"BATENTE INFERIOR / SUPERIOR AMORTECEDOR  TRASEIRO  - MZA/KDT 91/,ASTRA 95/96,VECTRA 94/96,OMEGA 93/98",24,87089990,N
11515,11515,BATENTE INFERIOR DA SUSPENSAO DIANTEIRA  - OPALA/CARAVAN,32,87089990,N
36507,36507,BATENTE INFERIOR DO AMORTECEDOR  DIANTEIRO  COM ROLAMENTO  - SANTANA,37,87089990,N
12237,12237,BATENTE INFERIOR E SUPERIOR DA SUSPENSAO TRASEIRA  (PAR) - CORSA 94.../ CELTA / AGILE / CALIBRA,26,87089990,N
13458-E,13458-E,BATENTE SUPERIOR DA MOLA TRASEIRA  - ASTRA 99....,37,87089990,N
11516,11516,BATENTE SUPERIOR DA SUSPENSAO DIANTEIRO  - OPALA/CARAVAN,20,87089990,N
36032,36032,BATENTE SUPERIOR DO MOTOR - GOL VOY PARATI SAV SANT,7,87089990,N
03904,03904,BATENTE SUSPENSAO TRASEIRA  - STRADA,68,87089990,N
23347-GR,23347-GR,BIELETA BARRA  ESTABILIZADORA DIANTEIRA  - ESCORT/LOGUS/POINTER 93,47,87089990,N
13382-GR,13382-GR,BIELETA BARRA ESTABILIZADORA DIANTEIRA,32,87089990,N
23347,23347,BIELETA BARRA ESTABILIZADORA DIANTEIRA  - ESCORT/LOGUS/POINTER 93,40,87089990,N
36517,36517,BIELETA BARRA ESTABILIZADORA DIANTEIRA  - SANTANA / QUANTUN 89...,23,87089990,N
13382,13382,BIELETA BARRA ESTABILIZADORA DIANTEIRA - VECTRA 97.. / MERIVA /NOVOCORSA / MONTANA / AGILE,40,87089990,N
36517-A,36517-A,BIELETA BARRA ESTABILIZADORA DIANTEIRA (ORIGINAL) - SANTANA / QUANTUN 89...,16,87089990,N
02704-GR,02704-GR,BIELETA DA BARRA DA ESTABILIZADORA DIANTEIRA  - TIPO / TEMPRA SW,32,87089990,N
02704,02704,BIELETA DA BARRA DA ESTABILIZADORA DIANTEIRA - TIPO / TEMPRA SW,32,87089990,N
36653,36653,BIELETA DA BARRA ESTABIL DIANT - NOVO GOL 01/03/08... POLO 03/... FOX / SAVEIRO 07/...    ( C/ BARRA ),31,87089990,N
36488,36488,BIELETA DA BARRA ESTABIL DIANT - NOVO POLO,28,87089990,N
13415-DP,13415-DP,BIELETA DA BARRA ESTABIL DIANTEIRA,34,87089990,N
36443,36443,BIELETA DA BARRA ESTABILIZADORA,13,87089990,N
11023,11023,BIELETA DA BARRA ESTABILIZADORA  DIANTEIRO - MONZA ...90,7,87089990,N
13415,13415,BIELETA DA BARRA ESTABILIZADORA - ASTRA 99/ZAFIRA / VECTRA 2006..,40,87089990,N
13415-GR,13415-GR,BIELETA DA BARRA ESTABILIZADORA - ASTRA 99/ZAFIRA / VECTRA 2006.../ MONTANA/CORSA,47,87089990,N
11170,11170,BIELETA DA BARRA ESTABILIZADORA DIANTEIRA  - MONZA MODERNO  91/,21,87089990,N
24916,24916,"BIELETA DA BARRA ESTABILIZADORA DIANTEIRA  - NOVO FIESTA 2002/ ,ECOSPORT",40,87089990,N
24916-GR,24916-GR,"BIELETA DA BARRA ESTABILIZADORA DIANTEIRA  - NOVO FIESTA 2002/ ,ECOSPORT",47,87089990,N
36653-GR,36653-GR,BIELETA DA BARRA ESTABILIZADORA DIANTEIRA  - NOVO GOL 01/03/08...  POLO 03/... FOX / SAVEIRO 07/...,47,87089990,N
12049,12049,BIELETA DA BARRA ESTABILIZADORA DIANTEIRA  - OMEGA 93/98,28,87089990,N
36517-GR,36517-GR,BIELETA DA BARRA ESTABILIZADORA DIANTEIRA  ( GRARRO ) - SANTANA,21,87089990,N
37505,37505,BIELETA DA BARRA ESTABILIZADORA DIANTEIRA - FOX  / SPACE FOX,28,87089990,N
62003,62003,BIELETA DA BARRA ESTABILIZADORA DIANTEIRA - HONDA CIVIC  98/2000,34,87089990,N
04234-GR,04234-GR,BIELETA DA BARRA ESTABILIZADORA DIANTEIRO   (LADO DIREITO ) - IDEA 1.4 ELX / 1.8 HLX 06/,47,87089990,N
10517,10517,BIELETA DA ESTABILIZADORA DIANTEIRO  - CHEVETTE,20,87089990,N
11809,11809,BIELETA DO ESTABILIZADOR - KADETT 91/,18,87089990,N
11502,11502,BIELETA DO ESTABILIZADOR DIANTEIRO - OPALA MODERNO,16,87089990,N
12049-GR,12049-GR,BIELETA DO ESTABILIZADORA  - OMEGA 93/98,47,87089990,N
11500,11500,BIELETA DO ESTABILIZADORA DIANTEIRO  - OPALA 1969/1987,21,87089990,N
24533,24533,BIELETA ESTABILIZADORA DIANTEIRO  (COMPLETA)  - CORCEL/BELINA / DEL REY,32,87089990,N
35293-AJE,35293-AJE,BOCAL DO ENCHIMENTO DO OLEO (RESPIRO) - KOMBI 97/,39,87089990,N
35208,35208,BOCAL DO TANQUE DE COMBUSTIVEL - SEDAN 78/,5,87089990,N
35119,35119,BOLA DA ALAVANCA DE CAMBIO  - VOLKSWAGEN,8,87089990,N
23005,23005,BORRACHA DE FIXACAO DA CAIXA DE DIRECAO,5,87089990,N
13511,13511,BORRACHA DE FIXACAO DA CAIXA DE DIRECAO  (LADO DIREITO ) - VECTRA  97/,15,87089990,N
13510,13510,BORRACHA DE FIXACAO DA CAIXA DE DIRECAO  (LADO ESQUERDO ) - VECTRA  97/ ASTRA 1994/...,18,87089990,N
10502,10502,BORRACHA DE FIXACAO DA CAIXA DE DIRECAO ( LADO DIREITO ) - CHEVETTE,8,87089990,N
10501,10501,"BORRACHA DE FIXACAO DA CAIXA DE DIRECAO ( LADO ESQUERDO  ) - CHEVETTE, CORCEL/BELINA",8,87089990,N
24503,24503,"BORRACHA DE FIXACAO DA CAIXA DE DIRECAO ( LADO ESQUERDO  ) - CHEVETTE, CORCEL/BELINA",5,87089990,N
12203,12203,BORRACHA DE FIXACAO DA CAIXA DE DIRECAO LADO DIREITO - CORSA,15,87089990,N
00103,00103,BORRACHA DE FIXACAO DA CAIXA DE DIRECAO LADO DIREITO - FIAT TODOS,18,87089990,N
12202,12202,BORRACHA DE FIXACAO DA CAIXA DE DIRECAO LADO ESQUERDO  - CORSA,15,87089990,N
00102,00102,BORRACHA DE FIXACAO DA CAIXA DE DIRECAO LADO ESQUERDO  - FIAT TODOS,16,87089990,N
11005,11005,BORRACHA DE FIXACAO DA CAIXA DE DIRECAO LADO ESQUERDO  - MONZA,21,87089990,N
35086-AV,35086-AV,BORRACHA DO FACAO L/DIR (ORIGINAL) - SANDAN / BRASILIA,21,87089990,N
35086-A,35086-A,BORRACHA DO FACAO L/DIR (ORIGINAL) - SEDAN/BRASILIA,16,87089990,N
35085-AV,35085-AV,BORRACHA DO FACAO L/ESQ (ORIGINAL) - SEDAN / BRASILIA,21,87089990,N
35085-A,35085-A,BORRACHA DO FACAO L/ESQ (ORIGINAL) - SEDAN/BRASILIA,16,87089990,N
35086,35086,BORRACHA DO FACAO LADO DIREITO  ( 2 PONTO ) interna - SEDAN/BRASILIA,12,87089990,N
35085,35085,BORRACHA DO FACAO LADO ESQUERDO  ( 1 PONTO ) externa - SEDAN/BRASILIA,12,87089990,N
35088,35088,BORRACHA EXTERNA DO FACAO ( FURO INTERNO 53MM) - KOMBI 1500 / CLIPPER,12,87089990,N
35088-AV,35088-AV,BORRACHA EXTERNA DO FACAO ( FURO INTERNO 53MM) - KOMBI 1500 / CLIPPER,24,87089990,N
35087-AV,35087-AV,BORRACHA INTERNA DO FACAO ( FURO INTERNO 50MM) - CLIPPER,24,87089990,N
35087,35087,BORRACHA INTERNA DO FACAO ( FURO INTERNO 50MM) - KOMBI CLIPPER,12,87089990,N
13816,13816,BOTAO  (PRETO) DA TRAVA DO BANCO,2,87089990,N
23420,23420,BOTAO (PRETO) DA TRAVA DO BANCO - ESC/LOGUS/APOLO/VERONA/CORC II/BEL/D.REY,2,87089990,N
36193-B,36193-B,BOTAO DA TRAVA DO BANCO  (CINZA) - VOLKSWAGEN,4,87089990,N
36262,36262,BOTAO DA TRAVA DO BANCO  (L/ESQ)  (CINZA) - GOL  97/,4,87089990,N
36193,36193,BOTAO DA TRAVA DO BANCO  (PRETO) - VOLKSWAGEN,4,87089990,N
36263,36263,BOTAO DA TRAVA DO BANCO (L/DIR) (CINZA) - GOL  97/,4,87089990,N
12327,12327,BOTAO DA TRAVA DO BANCO (PRETO) - CORSA/MZA/KADETT 94/,2,87089990,N
11081,11081,BOTAO DO ENCOSTO DO BANCO - MONZA 85/,2,87089990,N
35187,35187,BOTAO DO FREIO DE MAO  - VOLKSWAGEN,4,87089990,N
35180,35180,BOTAO DO PAINEL &quot;AFOGADOR&quot;  - VOLKSWAGEN,10,87089990,N
35185,35185,BOTAO DO PAINEL &quot;AR&quot;  - VOLKSWAGEN,10,87089990,N
35183,35183,BOTAO DO PAINEL &quot;LIMPADOR PARABRISA&quot;  - VOLKSWAGEN,10,87089990,N
35178,35178,BOTAO DO PAINEL &quot;LUZ&quot;  - VOLKSWAGEN,10,87089990,N
35179,35179,BOTAO DO PAINEL &quot;PORTA LUVAS&quot;  - VOLKSWAGEN,10,87089990,N
35182,35182,BOTAO DO PAINEL &quot;VENTILADOR&quot;  - VOLKSWAGEN,10,87089990,N
24655,24655,BRACO DO TENSOR TRASEIRO ESQ/DIR  - CORCEL/BELINA/DEL REY,95,87089990,N
35558,35558,BUCHA ACOPLAMENTO ARVORE DIRECAO  - PASSAT,4,87089990,N
35579,35579,BUCHA ALAVANCA DE CAMBIO (5 MARCHAS)  - PASSAT,4,87089990,N
35575,35575,BUCHA ALAVANCA DE CAMBIO (GRD),2,87089990,N
35573,35573,BUCHA ALAVANCA DE CAMBIO PEQUENA   - PASSAT,2,87089990,N
24520,24520,BUCHA AMORTECEDOR  DIANTEIRO  INFERIOR - CORCEL/BELINA,23,87089990,N
24521,24521,BUCHA AMORTECEDOR  DIANTEIRO  INFERIOR (25MM)  - CORCEL/BELINA,23,87089990,N
11520,11520,BUCHA AMORTECEDOR  SUPERIOR TRASEIRO  - OPALA/CARAVAN,4,87089990,N
24522,24522,BUCHA AMORTECEDOR DIANT INFERIOR (37MM) - CORCEL/BELINA,12,87089990,N
11518,11518,BUCHA AMORTECEDOR SUPERIOR DIANTEIRO - OPALA/CARAVAN,4,87089990,N
10512,10512,BUCHA BARRA ESTABILIZADOR DIANTEIRO - CHEVETTE,4,87089990,N
11509,11509,BUCHA BARRA ESTABILIZADOR DIANTEIRO - OPALA / CARAVAN 88...,4,87089990,N
11507,11507,BUCHA BARRA ESTABILIZADOR DIANTEIRO - OPALA 80/87,2,87089990,N
11505,11505,BUCHA BARRA ESTABILIZADOR DIANTEIRO - OPALA/CARAVAN ...79,2,87089990,N
35063,35063,BUCHA BARRA ESTABILIZADOR TRASEIRO - FUSCAO/BRASILIA,37,87089990,N
23118,23118,BUCHA BARRA ESTABILIZADORA DIANTEIRA  ( 19MM) - ESCORT HOBBY 93/,5,87089990,N
02750,02750,BUCHA BARRA ESTABILIZADORA DIANTEIRA  ( 21MM ) - TIPO 1.6 / TEMPRA 16 VALVULAS,10,87089990,N
13385,13385,BUCHA BARRA ESTABILIZADORA DIANTEIRA - VECTRA 97 ATE 2005 / NOVO CORSA,2,87089990,N
11020,11020,BUCHA BARRA ESTABILIZADORA DIANTEIRO  - MONZA,10,87089990,N
35072,35072,BUCHA BARRA ESTABILIZADORA DIANTEIRO  LADO DIREITO  (17mm) - VOLKSWAGEN,8,87089990,N
35070,35070,BUCHA BARRA ESTABILIZADORA DIANTEIRO  LADO ESQUERDO  (17mm) - KOMBI,8,87089990,N
12230,12230,BUCHA BARRA TENSORA DIANTEIRA,7,87089990,N
11501,11501,BUCHA BIELETA ESTABILIZADORA DIANTEIRO  - OPALA,2,87089990,N
11503,11503,BUCHA BIELETA ESTABILIZADORA DIANTEIRO  - OPALA MODERNO,2,87089990,N
35062,35062,BUCHA BRACO ESTABILIZADORA TRASEIRO  - FUSCAO/BRASILIA,8,87089990,N
11539,11539,BUCHA BRACO INFERIOR SUSP TRAS POSTERIOR  - OPALA,47,87089990,N
10521,10521,BUCHA BRACO SUPERIOR TRASEIRA  ANTERIOR - CHEVETTE,20,87089990,N
10522,10522,BUCHA BRACO SUPERIOR TRASEIRO  POSTERIOR  - CHEVETTE,18,87089990,N
24541-B,24541-B,BUCHA BRACO SUSPENSAO TRASEIRA  COM TUBO  - CORCEL/BELINA,5,87089990,N
24541,24541,BUCHA BRACO SUSPENSAO TRASEIRA - CORCEL/BELINA,4,87089990,N
35518,35518,BUCHA CENTRAL DA BARRA ESTABILIZADORA DIANTEIRO   ( INTERNO  - PASSAT,4,87089990,N
00209,00209,BUCHA DA ALAVANCA DE CAMBIO,2,87089990,N
00325,00325,BUCHA DA ALAVANCA DE CAMBIO  - UNO,4,87089990,N
24549,24549,"BUCHA DA BAND INF SUSP DIANT / CENTRAL TRASEIRA ( 37,0 X 36, - CORCEL / D REY / PAMPA 78/81",13,87089990,N
26122,26122,BUCHA DA BANDEJA DA SUSP DIANTEIRA ( MEIO ) - FIESTA / ECOSPORT 09... / FORD KA 08...,26,87089990,N
26122-IMP,26122-IMP,BUCHA DA BANDEJA DA SUSP.  DIANTEIRA  ( MEIO ) - FIESTA / ECOSPORT 09... / FORD KA 08...,63,87089990,N
35523-A,35523-A,BUCHA DA BANDEJA DA SUSPENSAO DIANTEIRA        (ORIGINAL),13,87089990,N
11817-SA,11817-SA,BUCHA DA BANDEJA DA SUSPENSAO DIANTEIRA 90/ - KADETT,50,87089990,N
35522,35522,BUCHA DA BANDEJA DE SUSPENSAO DIANTEIRA  - PASSAT /83,37,87089990,N
11025,11025,"BUCHA DA BANDEJA DIANTEIRA  - MONZA 91/, VECTRA 97/, ASTRA 99/ / ZAFIRA",16,87089990,N
36518,36518,BUCHA DA BANDEJA DIANTEIRA  - SANTANA,7,87089990,N
36519,36519,BUCHA DA BANDEJA DIANTEIRA  - SANTANA 2000 /  AUDI A80 95/,21,87089990,N
12233,12233,BUCHA DA BANDEJA DIANTEIRA - CORSA 94.../ CELTA / PRISMA,10,87089990,N
12233-AX,12233-AX,BUCHA DA BANDEJA DIANTEIRA - CORSA 94.../ CELTA / PRISMA,24,87089990,N
36519-A,36519-A,BUCHA DA BANDEJA DIANTEIRA - SANTANA 2000,28,87089990,N
36518-A,36518-A,BUCHA DA BANDEJA DIANTEIRA (ORIGINAL) - SANTANA,15,87089990,N
24552,24552,BUCHA DA BANDEJA INFERIOR DIANTEIRA  - CORCEL II/DEL REY/PA,15,87089990,N
24551,24551,BUCHA DA BANDEJA INFERIOR DIANTEIRA  - CORCEL/BELINA 81/84,13,87089990,N
10520-AX,10520-AX,BUCHA DA BANDEJA INFERIOR DIANTEIRA - CHEVETTE,37,87089990,N
24548,24548,"BUCHA DA BANDEJA INFERIOR DIANTEIRA ( 32,0 X 38,0 X 45,9 X 1 - CORCEL/BELINA /77",12,87089990,N
10520,10520,BUCHA DA BANDEJA INFERIOR SUSP DIANTEIRA - CHEVETTE / DAWOO ACE,16,87089990,N
11537,11537,BUCHA DA BANDEJA INFERIOR SUSPENSAO DIANT - OPALA 80/,29,87089990,N
10518-AX,10518-AX,BUCHA DA BANDEJA SUPERIOR DA SUSPENSAO          DIANTEIRA - CHEVETTE,45,87089990,N
11534-AX,11534-AX,BUCHA DA BANDEJA SUPERIOR DIANT POSTERIOR,42,87089990,N
11535,11535,BUCHA DA BANDEJA SUPERIOR DIANTEIRA  ANTERIOR - OPALA/CARAVAN,13,87089990,N
11534,11534,BUCHA DA BANDEJA SUPERIOR DIANTEIRA  POSTERIOR - OPALA/CARAVAN,13,87089990,N
10518,10518,BUCHA DA BANDEJA SUPERIOR SUSPENSAO DIANTEIRA  - CHEVETTE,12,87089990,N
24547,24547,"BUCHA DA BANDEJA SUPERIOR SUSPENSAO DIANTEIRA  ( 27,0 X 43,0 - CORCEL/BELINA /77",16,87089990,N
24550,24550,"BUCHA DA BANDEJA SUPERIOR SUSPENSAO DIANTEIRA  ( 32,0 X 43,7 - CORCEL / D REY / PAMPA  78....",21,87089990,N
11817-A,11817-A,BUCHA DA BANDEJA SUSPENSAO DIANTEIRA              (ORIGINAL) - KADETT 90/,53,87089990,N
11816,11816,BUCHA DA BANDEJA SUSPENSAO DIANTEIRA - KADETT /89,15,87089990,N
11817,11817,BUCHA DA BANDEJA SUSPENSAO DIANTEIRA - KADETT 90/,23,87089990,N
00173,00173,BUCHA DA BANDEJA TRASEIRA   - ELBA /84,10,87089990,N
10519,10519,BUCHA DA BANDEJA TRASEIRA  SUPERIOR DA SUSPENSAO  DIANTEIRA  - CHEVETTE,10,87089990,N
11007,11007,BUCHA DA BARRA DE DIRECAO  - MONZA,7,87089990,N
36160,36160,BUCHA DA BARRA DE DIRECAO - PASSAT/GOL/SANTANA,7,87089990,N
36160-A,36160-A,BUCHA DA BARRA DE DIRECAO - PASSAT/GOL/SANTANA,7,87089990,N
36160-SA,36160-SA,BUCHA DA BARRA DE DIRECAO - PASSAT/GOL/VOYAGE/PARATI/SAVEIRO/SANTANA,12,87089990,N
03905,03905,BUCHA DA BARRA ESTABILIZADORA - STRADA/PALIO/DOBLO,13,87089990,N
00136,00136,BUCHA DA BARRA ESTABILIZADORA - UNO,5,87089990,N
13573,13573,BUCHA DA BARRA ESTABILIZADORA DIANTEIRA  (22mm) - MONTANA 2011/...  / AGILE 2009/...,10,87089990,N
24534-A,24534-A,BUCHA DA BIELETA ESTABILIZADOR DIANT - CORCEL/BELINA,5,87089990,N
24501,24501,BUCHA DA CAIXA DE DIRECAO  - CORCEL/BELINA,5,87089990,N
23003,23003,BUCHA DA CAIXA DE DIRECAO  - ESCORT 1.6 (TODOS),16,87089990,N
23002,23002,BUCHA DA CAIXA DE DIRECAO  - ESCORT/VERONA 1.8,10,87089990,N
03876,03876,BUCHA DA CAIXA DE DIRECAO  - PALIO,20,87089990,N
03933,03933,BUCHA DA CAIXA DE DIRECAO  - PALIO NOVO/SIENA/STRADA 2001..,23,87089990,N
10504,10504,BUCHA DA CAIXA DE DIRECAO - CHEVETTE,5,87089990,N
12310,12310,BUCHA DA CAIXA DE DIRECAO - CORSA   (DHB),21,87089990,N
23001,23001,BUCHA DA CAIXA DE DIRECAO - ESCORT,4,87089990,N
00104,00104,BUCHA DA CAIXA DE DIRECAO - FIAT TODOS,8,87089990,N
24854,24854,BUCHA DA CAIXA DE DIRECAO - FIESTA / KA,18,87089990,N
03917,03917,BUCHA DA CAIXA DE DIRECAO - PALIO/STRADA,13,87089990,N
24508-AX,24508-AX,BUCHA DA COLUNA DE DIRECAO - CORCEL / BELINA  81/,52,87089990,N
36390,36390,BUCHA DA HASTE DA FECHADURA - GOL/PARATI/SAVEIRO GIII,2,87089990,N
00210,00210,BUCHA DA HASTE DO CAMBIO  - UNO,4,87089990,N
36520,36520,BUCHA DA PONTA TRASEIRA  DO QUADRO DO MOTOR  - PASSAT/SANTANA,15,87089990,N
34531,34531,BUCHA DA REGULAGEM DA BUZINA,2,87089990,N
23029,23029,BUCHA DA SUSPENSAO DIANTEIRA  TENSOR  - ESCORT,7,87089990,N
23028,23028,BUCHA DA SUSPENSAO DIANTEIRA - ESCORT,7,87089990,N
36027-AX,36027-AX,BUCHA DA SUSPENSAO TRASEIRA - GOL / VOYAGE / PARAT,36,87089990,N
36027,36027,BUCHA DA SUSPENSAO TRASEIRA - GOL/VOYAGE/PARATI 84,12,87089990,N
12361,12361,BUCHA DA TRAVA DO ENCOSTO DO BANCO - CORSA  (TODOS),4,87089990,N
35596,35596,BUCHA DA VARETA DO CAPO - PASSAT,4,87089990,N
00473,00473,BUCHA DA VARETA DO NIVEL DE OLEO - PALIO / SIENA / WWEEKEND,4,87089990,N
00475,00475,BUCHA DA VARETA DO NIVEL DO OLEO - MILLE/PREMIO/ELBA/FIORINO/NOVO PALIO,4,87089990,N
00472,00472,BUCHA DA VARETA DO NIVEL DO OLEO - UNO/PALIO/SIENA/STRADA,5,87089990,N
36368,36368,BUCHA DE FIXACAO DA PLACA TRAS/DIANT - GOL/PAR/SAV/SANTANA  94/,2,87089990,N
12302,12302,BUCHA DE FIXACAO DO FAROL - CORSA  (TODOS),2,87089990,N
23130,23130,BUCHA DE FIXACAO DO FAROL AUXILIAR - ESCORT/VERONA /92,2,87089990,N
36267,36267,BUCHA DE FIXACAO PLACA E GRADE - VOLKSWAGEN,2,87089990,N
11582,11582,BUCHA DE FIXAR GRADE - OPALA/CARAVAN,2,87089990,N
23131,23131,"BUCHA DE REGULAGEM DO FAROL (S/TRAVA) - ESCORT /92, HOBBY",5,87089990,N
34536,34536,BUCHA DE REGULAGEM DO FAROLAMENTO (DUPLO)  - VARIANT/BRASILIA,2,87089990,N
12409,12409,"BUCHA DESLIZANTE DA ALAVANCA DE CAMBIO - CORSA 94/, ASTRA 95/00, TIGRA, VECTRA 94/98, CALIBRA",12,87089990,N
35604,35604,BUCHA DESLIZE DO BANCO  - PASSAT / GOL / VOYAGE / PARATI / SANTANA,2,87089990,N
36470,36470,BUCHA DIANT BANDEJA DA SUSPENSAO DIANT - FOX/POLO 2002...,15,87089990,N
03818-AG,03818-AG,BUCHA DIANT DA BANDEJA DA SUSP DIANT - PALIO/WEEKEND/SIENA/STRADA/DOBLO 1.3/1.6,26,87089990,N
36594,36594,BUCHA DIANT DO QUADRO DO MOTOR ( 12MM ),16,87089990,N
36594-A,36594-A,BUCHA DIANT QUADRO DO MOTOR ( 12MM )     (ORIGINAL),29,87089990,N
36403,36403,BUCHA DIANT. BANDEJA SUSPENSAO DIANTEIRA - GOLF / PASSAT 94 A 31/07/97 / VARIANT / AUDI TT,8,87089990,N
24915,24915,BUCHA DIANTEIRA  BANDEJA DA SUSPENSAO DIANTEIRA  - NOVO FIESTA / ECOSPORT 2003/...  KA 2008/2013,21,87089990,N
03818,03818,BUCHA DIANTEIRA  DA BANDEJA DA SUSPENSAO DIANTEIRA  - PALIO / WEEKEND / SIENA / STRADA / DOBLO 1.3 / 1.6 / UN,18,87089990,N
36162,36162,BUCHA DIANTEIRA  DO QUADRO DO MOTOR (M-10) - GOL 16 VALV 95,28,87089990,N
03818-A,03818-A,BUCHA DIANTEIRA DA BANDEJA DA SUSPENSAO DIANT - PALIO / WEEKEND / SIENA / STRADA / DOBLO 1.3 / 1.6,23,87089990,N
23031,23031,BUCHA DIANTEIRA DE LIGACAO DA SUSPENSAO          TRASEIRA - ESCORT,18,87089990,N
36525,36525,BUCHA DIANTEIRA DO QUADRO DO MOTOR  - SANTANA,15,87089990,N
35525,35525,BUCHA DIANTEIRA DO QUADRO DO MOTOR - PASSAT 74 / 89,26,87089990,N
36607,36607,BUCHA DIANTEIRA DO QUADRO DO MOTOR (12 MM) - SANTANA/ GOL /PARATI/ SAVEIRO,29,87089990,N
36607-A,36607-A,BUCHA DIANTEIRA DO QUADRO DO MOTOR (12MM)    (ORIGINAL) - SANTANA/ GOL /PARATI/ SAVEIRO,34,87089990,N
36162-A,36162-A,BUCHA DIANTEIRA DO QUADRO DO MOTOR (M-10)     (ORIGINAL) - GOL 16 VALV 95,21,87089990,N
36521,36521,BUCHA DIANTEIRA QUADRO MOTOR ( 10MM ) - GOL / VOYAGE / PARATI / SAVEIRO 87 / 94 / GOL MI,24,87089990,N
10523,10523,"BUCHA DO ALTERNADOR - CHEVETTE, PASSAT",20,87089990,N
35082,35082,BUCHA DO AMORTECEDOR  (COM TUBO ) - KOMBI CLIPPER,7,87089990,N
35078,35078,BUCHA DO AMORTECEDOR  (COM TUBO ) - VOLKSWAGEN,8,87089990,N
24519,24519,BUCHA DO AMORTECEDOR  (PAR)  - DEL REY,16,87089990,N
11522,11522,BUCHA DO AMORTECEDOR  INFERIOR (CONICA) DIANTEIRA  E TRASEIR - OPALA/CARAVAN,7,87089990,N
11521,11521,"BUCHA DO AMORTECEDOR  INFERIOR TRASEIRA  - OPALA/CARAVAN, H100",10,87089990,N
36509,36509,"BUCHA DO AMORTECEDOR  TRASEIRO  INFERIOR - SANTANA / QUANTUN / VERSAILLES / ESCORT 93../, LOGUS/ P",7,87089990,N
36510,36510,BUCHA DO AMORTECEDOR  TRASEIRO  SUPERIOR  - SANT / QTUM / VERS/ ESCORT 93../ LOGUS/ POINTER,7,87089990,N
24518,24518,BUCHA DO AMORTECEDOR DIANTEIRO/TRASEIRO - CORCEL/BELINA,2,87089990,N
12312,12312,BUCHA DO AMORTECEDOR DO EIXO TRASEIRO - CORSA / PICK-UP,5,87089990,N
00226,00226,BUCHA DO BICO DO RESERVATORIO GASOLINA / ALCOOL - FIAT TDS/GOL/VOY/PAR,4,87089990,N
13418,13418,BUCHA DO BRACO ARTICULADOR TRASEIRO,37,87089990,N
11541,11541,BUCHA DO BRACO AUXILIAR DA DIRECAO - OPALA/CARAVAN / OMEGA 2.0/ 2.2 MPFI,20,87089990,N
23307,23307,BUCHA DO BRACO DA SUSPENSAO TRASEIRA - ESCORT/LOGUS 93.. / FIESTA ....96,32,87089990,N
11538,11538,BUCHA DO BRACO INFERIOR SUSP TRAS ANTERIOR  - OPALA,18,87089990,N
00155,00155,BUCHA DO BRACO OSCILANTE - UNO/PREMIO/ELBA,4,87089990,N
00158,00158,BUCHA DO BRACO OSCILANTE DA SUSPENSAO DIANTEIRA  - UNO/PREMIO/ELBA,15,87089990,N
00151,00151,BUCHA DO BRACO OSCILANTE DA SUSPENSAO DIANTEIRA - FIAT 147,4,87089990,N
00170,00170,BUCHA DO BRACO OSCILANTE DA SUSPENSAO TRASEIRA  - 147/UNO,10,87089990,N
00169,00169,BUCHA DO BRACO OSCILANTE DA SUSPENSAO TRASEIRA  - FIAT 147,10,87089990,N
62080,62080,"BUCHA DO BRACO SUPERIOR DA SUSP TRAS ( 42,0 X 29,0 X 47,0 X 12,0 ) - HONDA CIVIC 2001/  (EXCETO NEW CIVIC)  / CRV",36,87089990,N
11540,11540,BUCHA DO BRACO SUPERIOR DA SUSPENSAO TRASEIRA  - OPALA / CARAVAN,15,87089990,N
10547,10547,BUCHA DO CABO DE EMBREAGEM  - CHEVETTE,2,87089990,N
11569,11569,BUCHA DO CABO DE EMBREAGEM - OPALA/CARAVAN,2,87089990,N
35110,35110,BUCHA DO CILINDRO MESTRE  - FUSCAO/BRASILIA/KOMBI,4,87089990,N
35030,35030,BUCHA DO COXIM DO CAMBIO  - SEDAN/BRASILIA,12,87089990,N
12236,12236,BUCHA DO EIXO TRASEIRO   - CORSA 94... / CELTA / PRISMA,31,87089990,N
35089,35089,BUCHA DO EIXO TRASEIRO   - KOMBI CLIPPER,47,87089990,N
36526,36526,BUCHA DO EIXO TRASEIRO   - SANTANA,28,87089990,N
11032,11032,BUCHA DO EIXO TRASEIRO  - MONZA/KADETT 91../ VECTRA / ASTRA  94/96,28,87089990,N
11031,11031,BUCHA DO EIXO TRASEIRO - MONZA /90,31,87089990,N
36558,36558,BUCHA DO FAROL  - SANTANA,2,87089990,N
12267,12267,BUCHA DO FEIXE DE MOLAS TRASEIRA - CORSA 94.../ PICK-UP,15,87089990,N
12329,12329,BUCHA DO PARACHOQUE TRASEIRO  - CORSA,2,87089990,N
35007,35007,BUCHA DO RADIADOR DE OLEO - VOLKSWAGEN,2,87089990,N
36324,36324,BUCHA DO RESERVATATORIO DA PARTIDA A FRIO - GOL/SAV/PARATI 96/,2,87089990,N
35661,35661,BUCHA DO SUPORTE DO LIMPADOR - PASSAT,2,87089990,N
00150,00150,BUCHA DO TENSOR  - UNO/PREMIO/ELBA,7,87089990,N
00150-AX,00150-AX,BUCHA DO TENSOR - UNO/PREMIO/ELBA,18,87089990,N
24558,24558,BUCHA DO TENSOR DIANTEIRO  - CORCEL/BELINA 78/80,10,87089990,N
24556,24556,BUCHA DO TENSOR DIANTEIRO - CORCEL/BELINA /77,4,87089990,N
24561,24561,BUCHA DO TENSOR DIANTEIRO - CORCEL/BELINA 86/,5,87089990,N
11546,11546,BUCHA DO TENSOR SUSP DIANTEIRO - OPALA/CARAVAN 80/ DAWOO ACE,21,87089990,N
11549,11549,BUCHA DO TENSOR TRASEIRO  COM TUBO - OPALA/CARAVAN,20,87089990,N
11548,11548,BUCHA DO TENSOR TRASEIRO - OPALA/CARAVAN,8,87089990,N
11169,11169,BUCHA DO TRAMBULADOR  - MONZA/KADETT,7,87089990,N
23069,23069,BUCHA DO TRAMBULADOR - ESCORT,16,87089990,N
35111,35111,BUCHA DO VARAO DO CAMBIO - FUSCAO/BRASILIA,5,87089990,N
35113,35113,BUCHA GUIA DO VARAO DO CAMBIO GRANDE  - KOMBI,4,87089990,N
35112,35112,BUCHA GUIA DO VARAO DO CAMBIO PEQUENA - KOMBI,4,87089990,N
36009,36009,BUCHA INFERIOR AMORTECEDOR  TRASEIRA  (PARTE SUPERIOR ) - GOL/VOYAGE/SAVEIRO 86....,10,87089990,N
36515,36515,BUCHA INFERIOR DA BIELETA  - SANTANA,2,87089990,N
10507,10507,BUCHA INFERIOR DO AMORTECEDOR DIANTEIRO - CHEVETTE,15,87089990,N
10508,10508,BUCHA INFERIOR DO AMORTECEDOR TRASEIRO - CHEVETTE / CORSA,18,87089990,N
24555,24555,BUCHA INFERIOR DO JUMELO - PAMPA,10,87089990,N
23032,23032,BUCHA INTERNA DA SUSPENSAO TRASEIRA - ESCORT,31,87089990,N
35528,35528,BUCHA P/ FIXAR EIXO TRASEIRO - PASSAT,7,87089990,N
00207,00207,BUCHA PLASTICA DA ALAVANCA DE CAMBIO - FIAT TDS   /81,2,87089990,N
00153,00153,BUCHA PLASTICA DO BRACO OSCILANTE  - FIAT TODOS,2,87089990,N
62620,62620,BUCHA REFIL DO COXIM SUPERIOR L / ESQ MOTOR - COROLLA 98/2001,36,87089990,N
62649,62649,BUCHA REFIL DO COXIM SUPERIOR L/DIREITO MOTOR - COROLLA  94/2001,47,87089990,N
35312,35312,"BUCHA REFIL DO COXIM TRAS DO CAMBIO - KOMBI 1,4   ( A  AGUA )",56,87089990,N
35080,35080,BUCHA SUPERIOR AMORTECEDOR  DIANTEIRO  - FUSCAO/BRASILIA,7,87089990,N
36008,36008,BUCHA SUPERIOR AMORTECEDOR  TRASEIRA  (PARTE SUPERIOR ) - GOL/VOYAGE/SAVEIRO,8,87089990,N
36516,36516,BUCHA SUPERIOR DA BIELETA  - SANTANA,2,87089990,N
10505,10505,BUCHA SUPERIOR DO AMORTECEDOR  - CHEVETTE,7,87089990,N
10506,10506,BUCHA SUPERIOR DO AMORTECEDOR  - CHEVETTE,10,87089990,N
62015,62015,BUCHA SUPERIOR DO BRACO  AUXILIAR TRASEIRA  LADO CHASSIS - HONDA CIVIC /2000,32,87089990,N
24554,24554,BUCHA SUPERIOR DO JUMELO - PAMPA,8,87089990,N
11054,11054,BUCHA SUPORTE DO ALTERNADOR  - MONZA,12,87089990,N
35538,35538,BUCHA SUPORTE DO ESCAPAMENTO - PASSAT,2,87089990,N
11554,11554,BUCHA TAMPA DE VALVULA  - OPALA/CARAVAN,7,87089990,N
11820-A,11820-A,BUCHA TRAS BRACO CONTROLE SUSP DIANTEIRA       (ORIGINAL) - KADETT 91/,63,87089990,N
11820-AX,11820-AX,BUCHA TRAS BRACO CONTROLE SUSP DIANTEIRA - KADETT,85,87089990,N
24847,24847,BUCHA TRAS DA BANDEJA  SUSPENSAO DIANTEIRA - FIESTA 96/,32,87089990,N
13380,13380,BUCHA TRASEIRA  BANDEJA SUSPENSAO DIANTEIRA  - VECTRA 97../ ASTRA 99.. / ZAFIRA,21,87089990,N
37569,37569,BUCHA TRASEIRA  DA BANDEJA DA SUSPENSAO DIANTEIRA  - CROSSFOX / AUDI A3 / Q3 / TIGUAN / PASSAT,21,87089990,N
24914,24914,BUCHA TRASEIRA  DA BANDEJA DA SUSPENSAO DIANTEIRA  - FOCUS /  NOVO FIESTA / ECOSPORT 2003/...  KA 2008/2013,37,87089990,N
11820,11820,BUCHA TRASEIRA  DO BRACO  E SUSPENSAO DIANTEIRA  - KADETT 91/,37,87089990,N
62627,62627,"BUCHA TRASEIRA BANDEJA  DA SUSPENSAO DIANTEIRA ( 68,20 x 32,0 x 59,0 x 14,0 ) - COROLLA 2002.... / FILDER",24,87089990,N
36469,36469,BUCHA TRASEIRA BANDEJA DA SUSP DIANTEIRA,16,87089990,N
36402,36402,"BUCHA TRASEIRA BANDEJA DA SUSPENSAO DIANT.     - GOLF ..31/07/98 , PASSAT.. 31/07/97 /VARIANT",16,87089990,N
12335,12335,BUCHA TRASEIRA DA BANDEJA SUSP DIANTEIRA  - NOVO CORSA 2002...,18,87089990,N
00335,00335,"BUCHA TRASEIRA DA MOLA TRAS - FIORINO 91/, DOBLO",10,87089990,N
36164-A,36164-A,BUCHA TRASEIRA DO QUADRO DO MOTOR (012)         (ORIGINAL),18,87089990,N
36164,36164,BUCHA TRASEIRA DO QUADRO DO MOTOR (012) - GOL,18,87089990,N
36524,36524,BUCHA TRASEIRA QUADRO DO MOTOR  - SANTANA,13,87089990,N
11527,11527,BUCHA TRAVESSA DIANT DO TUBO DIANT/TRAS - OPALA/CARAVAN,7,87089990,N
11528,11528,BUCHA TRAVESSA DIANTEIRA DO TUBO DIANTEIRO - OPALA/CARAVAN,15,87089990,N
47036,47036,CABO PARA  ESMERILHAR VALVULAS - DIVERSOS,12,87089990,N
23125,23125,CAIXA PLASTICA DO TRAMBULADOR  - ESCORT 87/,21,87089990,N
23059,23059,CALCO ANTIRUIDO DO CAPO,13,87089990,N
11532,11532,CALCO DA BUCHA DA BANDEJA SUPERIOR  - OPALA/CARAVAN,5,87089990,N
35152,35152,CALCO DA CARROCERIA INFERIOR DIANTEIRA  - VW 1200/1300/1600,5,87089990,N
35156,35156,CALCO DA CARROCERIA INFERIOR TRASEIRA  - FUSCAO,15,87089990,N
35154,35154,CALCO DA CARROCERIA INFERIOR TRASEIRA  - VW 1200/1300,5,87089990,N
35153,35153,CALCO DA CARROCERIA SUPERIOR DIANTEIRO  - VW 1200/1300/1600,8,87089990,N
35155,35155,CALCO DA CARROCERIA SUPERIOR TRASEIRA - VW 1200/1300,2,87089990,N
35157,35157,CALCO DA CARROCERIA SUPERIOR TRASEIRO  - FUSCAO,4,87089990,N
00217,00217,CALCO DA HASTE DO CAPO - UNO/PREMIO/ELBA,2,87089990,N
11176,11176,CALCO DA LATERAL DA TAMPA TRASEIRA - MONZA / OPALA / CHEVETTE 80... / KADETT,4,87089990,N
12227,12227,CALCO DA MOLA DIANTEIRA  - CORSA,10,87089990,N
11016,11016,CALCO DA MOLA DIANTEIRA  - MONZA,16,87089990,N
11504,11504,CALCO DA MOLA DIANTEIRA  - OPALA/CARAVAN,7,87089990,N
00133,00133,CALCO DA MOLA DIANTEIRA  - UNO/PREMIO/ELBA   89,12,87089990,N
11017,11017,CALCO DA MOLA DIANTEIRA  INFERIOR  - ASTRA 95.. / VECTRA 94... / ZAFIRA,7,87089990,N
24528,24528,CALCO DA MOLA DIANTEIRA  INFERIOR - CORCEL II/DEL REY /8,47,87089990,N
35513,35513,CALCO DA MOLA DIANTEIRA (NYLON) - PASSAT,13,87089990,N
24529,24529,CALCO DA MOLA DIANTEIRA SUPERIOR - CORCEL II/DEL REY,16,87089990,N
03882,03882,CALCO DA MOLA INFERIOR TRASEIRA  - PALIO,7,87089990,N
12264,12264,CALCO DA MOLA SUPERIOR TRASEIRA  - CORSA 94... / NOVO CORSA / PRISMA / CELTA / AGILE,7,87089990,N
23309,23309,CALCO DA MOLA SUPERIOR TRASEIRA  - ESCORT/LOGUS/VERONA,28,87089990,N
10509,10509,CALCO DA MOLA SUSPENSAO DIANTEIRA  - CHEVETTE,7,87089990,N
36659,36659,CALCO DA MOLA SUSPENSAO DIANTEIRA  - NOVO GOL / NOVO VOYAGE / FOX,15,87089990,N
03903,03903,CALCO DA MOLA SUSPENSAO DIANTEIRA  - PALIO/SIENA/STRADA,12,87089990,N
24530,24530,CALCO DA MOLA TRASEIRA  - CORCEL II 78/,61,87089990,N
36015,36015,CALCO DA MOLA TRASEIRA  - GOL 94/,15,87089990,N
36014,36014,CALCO DA MOLA TRASEIRA  - GOL/VOYAGE,5,87089990,N
11513,11513,CALCO DA MOLA TRASEIRA  - OPALA/CARAVAN 80/,8,87089990,N
03817,03817,CALCO DA MOLA TRASEIRA  - PALIO,13,87089990,N
36511,36511,CALCO DA MOLA TRASEIRA  - SANTANA,13,87089990,N
13443,13443,CALCO DA MOLA TRASEIRA  INFERIOR - ASTRA  99.../ ZAFIRA / MERIVA / MONTANA / NOVO VECTRA 2,13,87089990,N
10511,10511,"CALCO DA MOLA TRASEIRA  INFERIOR - CHEVETTE, OPALA/CARAVAN  (  TODOS )",8,87089990,N
10510,10510,CALCO DA MOLA TRASEIRA  SUPERIOR  - CHEVETTE,8,87089990,N
11511,11511,CALCO DA MOLA TRASEIRA  SUPERIOR  - OPALA/CARAVAN 69/79,7,87089990,N
11825,11825,CALCO DA MOLA TRASEIRA - IPANEMA 90/,12,87089990,N
36016,36016,CALCO DA MOLA TRASEIRA - PARATI/SAVEIRO,13,87089990,N
13364,13364,CALCO DA MOLA TRASEIRA - VECTRA 97/,12,87089990,N
35514,35514,CALCO DA MOLA TRASEIRA (NYLON) - PASSAT,10,87089990,N
35512,35512,CALCO DA MOLA TRASEIRA L/DIR - PASSAT....78,28,87089990,N
35511,35511,CALCO DA MOLA TRASEIRA L/ESQ - PASSAT ...78,28,87089990,N
36065,36065,CALCO DA TAMPA TRASEIRA  - GOL,12,87089990,N
35200,35200,CALCO DA TAMPA TRASEIRA  - SEDAN,2,87089990,N
35106,35106,CALCO DA TRAVA DE DIRECAO - SEDAN,12,87089990,N
11526,11526,CALCO DA TRAVESSA DA SUSPENSAO DIANTEIRA  - OPALA/CARAVAN,45,87089990,N
11525,11525,CALCO DA TRAVESSA DA SUSPENSAO DIANTEIRA - OPALA/CARAVAN,21,87089990,N
12265,12265,"CALCO DE ACO DA MOLA INFERIOR TRASEIRA ( EXT 65,0 / INT 40,0 - CORSA",5,87089990,N
23016,23016,CALCO DO AMORTECEDOR  TRASEIRO  - ESCORT,5,87089990,N
00110,00110,CALCO DO AMORTECEDOR - 147,2,87089990,N
00111,00111,CALCO DO AMORTECEDOR EM NYLON - 147,4,87089990,N
35610,35610,CALCO DO BOCAL DO FILTRO DE AR - PASSAT,4,87089990,N
24600,24600,CALCO DO BOCAL DO TANQUE COMBUSTIVEL - CORCEL II/MAVERICK,8,87089990,N
23361,23361,CALCO DO BOCAL DO TANQUE COMBUSTIVEL - ESCORT/VERONA / F1000 93...,12,87089990,N
36069,36069,CALCO DO BOCAL DO TANQUE DE COMBUSTIVEL - GOL/VOYAGE/PARATI,8,87089990,N
00117,00117,CALCO EM METAL DA MOLA (MAIOR) - UNO/PREMIO/ELBA  89/,16,87089990,N
34526,34526,CALCO INFERIOR DA CARROCERIA DIANTEIRA - VARIANT/BRASILIA,2,87089990,N
24947,24947,"CALCO INFERIOR DA MOLA DA SUSPENSAO DIANTEIRA  - NOVO FIESTA  2002/, ECOSPORT",8,87089990,N
13829,13829,CALCO INFERIOR DA MOLA DIANTEIRA  - CELTA,10,87089990,N
13506,13506,CALCO INFERIOR DA MOLA DIANTEIRA  - VECTRA 2006..,18,87089990,N
11556,11556,CALCO INFERIOR DO RADIADOR - OPALA/CARAVAN,29,87089990,N
36096,36096,CALCO INTERNO DA PONTA DO PARACHOQUE - GOL/VOYAGE/PARATI /83,2,87089990,N
36097,36097,CALCO INTERNO DA PONTA DO PARACHOQUE - GOL/VOYAGE/PARATI 84/,2,87089990,N
10554,10554,CALCO LATERAL DO CAPO - CHEVETTE,4,87089990,N
24596,24596,CALCO LATERAL DO CAPO - CORCEL/BELINA 78/,4,87089990,N
24616,24616,CALCO PONTEIRA PARACHOQUE - DEL REY 82/,7,87089990,N
24617,24617,CALCO PONTEIRA PARACHOQUE - DEL REY 82/,4,87089990,N
24614,24614,CALCO PONTEIRA PARACHOQUE DIANTEIRO  (MENOR) - CORCEL/BELINA,7,87089990,N
24615,24615,CALCO PONTEIRA PARACHOQUE TRASEIRO  (MAIOR) - CORCEL/BELINA,7,87089990,N
11804,11804,"CALCO SUPERIOR DA MOLA DIANTEIRA  - KADETT / ASTRA 95/, NOVO CORSA / VECTRA 97/,  MERIVA/MO",8,87089990,N
13362,13362,CALCO SUPERIOR DA MOLA DIANTEIRA - VECTRA,10,87089990,N
11824,11824,CALCO SUPERIOR DA MOLA TRASEIRA  - KADETT 91... / MONZA 91... / ASTRA 95/96 / VECTRA 94/96,10,87089990,N
11026,11026,CALCO SUPERIOR DA MOLA TRASEIRA  - MONZA,10,87089990,N
23023,23023,CALCO SUPERIOR DA MOLA TRASEIRA - ESCORT,7,87089990,N
24568,24568,CALCO SUPERIOR DIANTEIRO DO MOTOR - CORCEL/BELINA,5,87089990,N
03816,03816,CALCO SUPERIOR DO AMORTECEDOR TRASEIRO - PALIO,5,87089990,N
35224,35224,CALOTA DA RODA (ENCAIXE POR DENTRO) - VOLKSWAGEN,2,87089990,N
35225,35225,CALOTA DA RODA (ENCAIXE POR FORA) - VOLKSWAGEN,2,87089990,N
36264,36264,CALOTINHA DA RODA  (ALUMINIO)  (PRATA) - VOLKSWAGEN,5,87089990,N
36265,36265,CALOTINHA DA RODA (ALUMINIO) (PRETO) - VOLKSWAGEN,4,87089990,N
00395,00395,CALOTINHA DO CENTRO DA RODA (ALUMINIO) - FIAT,5,87089990,N
35599,35599,CALOTINHA PLASTICA DA RODA  - PASSAT,4,87089990,N
36055,36055,CAPA DA ALAVANCA DE CAMBIO  - GOL/VOYAGE/PARATI,16,87089990,N
11867,11867,CAPA DO PARAFUSO  (PRETA) - KADETT / MONZA,2,87089990,N
04630,04630,CAPA DO PEDAL DE FREIO / EMBREAGEM - STILO ( TODOS ) /  NOVO UNO,7,87089990,N
24957,24957,CAPA DO PEDAL FREIO - NOVO FIESTA/FOCUS/ECOSPORT,7,87089990,N
36396,36396,CAPA DO PEDAL FREIO/EMBREAGEM - GOL/PARATI/SAVEIRO   02/,7,87089990,N
12388,12388,"CAPA DO PEDAL FREIO/EMBREAGEM - NOVO CORSA/N. VECTRA, ASTRA 99/, ZAFIR/MERIV/MONT",7,87089990,N
46024,46024,CAPA DO RECLINAVEL DO BANCO  (CINZA) - GOL/SAV/PARATI 97/ (MOTORISTA-L/D),5,87089990,N
46033,46033,CAPA DO RECLINAVEL DO BANCO  (CINZA) - GOL/SAV/PARATI 97/ (MOTORISTA-L/ESQ),5,87089990,N
10536,10536,CAPA PEDAIS FREIO E EMBREAGEM  - CHEVETTE,4,87089990,N
10537,10537,CAPA PEDAIS FREIO E EMBREAGEM  - CHEVETTE,4,87089990,N
23064,23064,CAPA PEDAIS FREIO E EMBREAGEM - ESCORT,4,87089990,N
03934,03934,CAPA PEDAIS FREIO/EMBREAGEM - PALIO/SIENA/STRADA,4,87089990,N
11074,11074,CAPA PEDAL DA EMBREAGEM SEM ABA - MONZA,4,87089990,N
11073,11073,CAPA PEDAL DE FREIO C/ ABA  - MONZA /,7,87089990,N
35101,35101,CAPA PEDAL DO ACELERADOR,5,87089990,N
36029,36029,CAPA PEDAL DO ACELERADOR  - GOL/VOYAGE/PARATI,4,87089990,N
00223,00223,CAPA PEDAL DO ACELERADOR  - UNO / PREMIO / ELBA / FIORINO,4,87089990,N
11075,11075,CAPA PEDAL DO ACELERADOR - MONZA,4,87089990,N
03935,03935,CAPA PEDAL DO ACELERADOR - PALIO/SIENA/STRADA,4,87089990,N
35099,35099,CAPA PEDAL FREIO E EMBREAGEM   - SEDAN,5,87089990,N
00220,00220,CAPA PEDAL FREIO E EMBREAGEM  - FIAT 147/DUCATO,2,87089990,N
35100,35100,CAPA PEDAL FREIO E EMBREAGEM  - FUSCAO/BRASILIA/PASSAT,4,87089990,N
36028,36028,CAPA PEDAL FREIO E EMBREAGEM - GOL/VOYAGE/PARATI 87/,4,87089990,N
00222,00222,CAPA PEDAL FREIO E EMBREAGEM - UNO / PREMIO / ELBA / FIORINO,4,87089990,N
10531,10531,CAPA ROLAMENTO DO CARDAN  - CHEVETTE,69,87089990,N
36179,36179,CAPA SUPERIOR DO AMORTECEDOR - GOL BOLINHA,8,87089990,N
24963,24963,CARCACA TERMOSTATICA                      - FIESTA/KA/COURIER 96/00 NOVO FIESTA/ECOSPORT/FOCUS  ( Z,48,87089990,N
00238,00238,CARRETEL DO BANCO  - UNO/PREMIO/ELBA,2,87089990,N
36374,36374,CARRETEL DO ENCOSTO DO BANCO - PASSAT/GOL/VOY/PARATI/SAVEIRO/SANT/QUANTUM/FUSCA,2,87089990,N
36551,36551,CARRETEL DO PEDAL DO ACELERADOR - SANTANA,4,87089990,N
23424,23424,CATRACA DA EMBREAGEM - ESCORT ZETEC  97/,16,87089990,N
37579,37579,CAVALETE DA DISTRIBUICAO DE AGUA   - POLO / FOX / KOMBI / GOL 2003/2016,47,87089990,N
37579-AJE,37579-AJE,CAVALETE DE DISTRIBUICAO DE AGUA  - POLO / FOX / KOMBI,71,87089990,N
36384,36384,CAVALETE DE DISTRIBUIDOR D AGUA (C/ AR QUENTE) - GOL AT 8/16 VALV,37,87089990,N
36384-AJE,36384-AJE,CAVALETE DE DISTRIBUIDOR DE AGUA  (COM AR QUENTE) - GOL AT 8/16 VALV,63,87089990,N
36383-AJE,36383-AJE,CAVALETE DE DISTRIBUIDOR DE AGUA  (SEM  AR QUENTE) - GOL AT 8/16 VALV,68,87089990,N
36383,36383,CAVALETE DE DISTRIBUIDOR DE AGUA  (SEM AR QUENTE)  - GOL AT 8/16 VALV,42,87089990,N
35279,35279,CHAPA DE ENCOSTO DA ALAVANCA DE CAMBIO            (TRAVA RE) - VOLKSWAGEN,5,87089990,N
35193,35193,CHUPETA DO GRAMPO DO FRISO LATERAL   - SEDAN,2,87089990,N
34532,34532,CHUPETA DO GRAMPO REVEST INTERNO   - VARIANT/BRASILIA,2,87089990,N
00409,00409,CINTA DE FIXACAO DO MACACO,13,87089990,N
13521,13521,CINTA PLASTICA DIVERSAS APLICACOES - GM,4,87089990,N
36257,36257,COIFA DA ALAVANCA DE TRANSMISSAO DO CAMBIO - GOL  98/,16,87089990,N
35037-K,35037-K,COIFA DO SEMI-EIXO L / CAMBIO - FUSCA,18,87089990,N
36346,36346,CONECTOR DO COLETOR DP RESFRIADOR (ALCOOL / GASOLINA) - GOL/VOY/PAR/SAV 84.. A AGUA 1.6/1.8,26,87089990,N
23431,23431,CONEXAO  DO LIMPADOR DO PARABRISA - ESCORT / DEL REY,4,87089990,N
35285,35285,CONEXAO &quot; T &quot; DO RESPIRO DO OLEO - CLIPPER,5,87089990,N
36275,36275,CONEXAO &quot; Y &quot;  PARA MANGUEIRAS - GOL/VOYAGE/PARATI,8,87089990,N
36274,36274,CONEXAO &quot; Y &quot; DO MOTOR - GOL / PARATI / VOYAGE  (A AR),5,87089990,N
34512,34512,CONEXAO &quot;T&quot; DUPLA CARBURACAO - VARIANT/BRASILIA,4,87089990,N
36544,36544,CONEXAO &quot;T&quot; PLASTICO ( 3 VIAS ) - GOL/ VOYAGE /SAVEIRO/PARATI...94 / LOGUS / POINTER / SANTANA / QUANTUM,7,87089990,N
35611,35611,CONEXAO &quot;T&quot; RETORNO DO COMBUSTIVEL - PASSAT,5,87089990,N
34530,34530,CONEXAO DO CILINDRO MESTRE - BRASILIA,5,87089990,N
36543,36543,CONEXAO DO COTOVELO DA INJ.ELETRONICA - SANTANA,4,87089990,N
23159,23159,CONEXAO DO ESGUICHO D AGUA - CORCEL / ESCORT,2,87089990,N
35036,35036,CONEXAO DO LIMPADOR DE PARABRISA - VOLKSWAGEN,5,87089990,N
37593,37593,CONEXAO RAPIDA SUPERIOR DO RADIADOR - POLO / POLO SEDAN / FOX / SPACEFOX,45,87089990,N
12343,12343,CONJ.DO TRAMBULADOR DO CAMBIO BORRACHA (ROBOZINHO) - CORSA/VECTRA/CELTA,8,87089990,N
11632,11632,CONJUNTO DA ALAVANCA DE CAMBIO (4 MARCHAS) COM MOLA - OPALA/CHEVETTE,26,87089990,N
36382-AJE,36382-AJE,CONJUNTO DEFLETOR  - GOL/PARATI/SAVEIRO 8/16 VALV 2002... / FOX 1.0 / POLO 1,42,87089990,N
36382,36382,CONJUNTO DEFLETOR - GOL/PARATI/SAVEIRO 8/16 VALV 2002... / / FOX 1.0 / POLO,52,87089990,N
37503,37503,CONJUNTO DEFLETOR - GOLF 2000/ POLO 1.6 / FOX 1.6,61,87089990,N
36176,36176,CONJUNTO DO TRAMBULADOR (COMPLETO) - GOL/VOYAGE/PARATI (4 MARCHAS),68,87089990,N
36177,36177,CONJUNTO DO TRAMBULADOR (COMPLETO) - GOL/VOYAGE/PARATI (5 MARCHAS),213,87089990,N
03956,03956,CORDAO DO BAGAGITO - PALIO / SIENA / STILO,7,87089990,N
36380,36380,CORDAO DO TAMPAO DO PORTA MALAS - FOX/POLO/GOLF,10,87089990,N
36388,36388,CORDAO DO TAMPAO DO PORTA MALAS - GOL GIII/GOLF/FOX/PARATI,7,87089990,N
11627,11627,COTOVELO DA BOMBA DE AGUA - OPALA,13,87089990,N
11633,11633,COTOVELO DA BOMBA DE AGUA ( GRANDE ) - OPALA/CHEVETTE 74/92,26,87089990,N
36700-AJE,36700-AJE,COTOVELO DA MANGUEIRA D AGUA - VW  MOTOR AP  88/94,18,87089990,N
36700,36700,COTOVELO DA MANGUEIRA DE AGUA  - VW MOTOR AP 88/94,13,87089990,N
25007,25007,"COTOVELO DA VALVULA TERMOSTATICA - FIESTA ANTIGO 99/04, KA 99/07 ZETEC / ROCAM",10,87089990,N
25008,25008,"COTOVELO DA VALVULA TERMOSTATICA - FIESTA NOVO 03/, ECOSPORT 1.6 (ZETEC/ROCAM)",12,87089990,N
37594-AJE,37594-AJE,COTOVELO DO CAVALETE  - POLO / FOX,20,87089990,N
37623,37623,"COTOVELO REGULADOR DE ARREFECIMENTO - FOX / POLO / KOMBI, MOTOR EA III",12,87089990,N
36270,36270,"COTOVELO VALVULA TERMOSTATICA - GOL / PARATI / SAVEIRO 1.0MI ( 8 / 16V  ) , GOLF ...98",16,87089990,N
03807,03807,COXIM CENTRAL DO ESCAPAMENTO - PALIO  / DUCATO,4,87089990,N
00340,00340,COXIM CENTRAL DO ESCAPAMENTO - UNO/PREMIO/ELBA,4,87089990,N
24570,24570,COXIM DA ALAVANCA DE CAMBIO - CORCEL/BELINA,71,87089990,N
03821,03821,COXIM DA BANDEJA DIANT S/BARRA ESTABILIZ        E DIR HIDR,31,87089990,N
03824,03824,COXIM DA BANDEJA DIANTEIRA L/ESQ - PALIO  EL  16 VALV,39,87089990,N
01404,01404,COXIM DA BARRA ESTABILIZADORA DIANTEIRA - TEMPRA / PALIO / SIENA / STRADA / WEEKEND,5,87089990,N
00130,00130,COXIM DA MOLA TRASEIRA  - FIAT 147,20,87089990,N
01403,01403,COXIM DA SUSPENSAO DIANTEIRA - TEMPRA,77,87089990,N
00196,00196,COXIM DE COMANDO DO CAMBIO - FIAT 147,63,87089990,N
13471,13471,COXIM DIANT INFERIOR DO MOTOR - ASTRA 1.8/2.0,58,87089990,N
03835,03835,COXIM DIANT L/ ESQ DO MOTOR (- FIRE) ATE 2000,26,87089990,N
03834,03834,COXIM DIANT L/DIREITO DO MOTOR ( - FIRE ) - PALIO/SIENA/WEEKEND,79,87089990,N
03909,03909,COXIM DIANT L/ESQ. DO MOTOR  - PALIO FIRE 1.0 / 1.3 08/99 A 08/03,77,87089990,N
13498,13498,"COXIM DIANTEIRO  (FRONTAL) DO MOTOR - ASTRA 1.8 / 2.0 / 2.2 /16 VALV, ZAFIRA ( MANUAL)",96,87089990,N
23045,23045,COXIM DIANTEIRO  DO MOTOR  - ESCORT/VERONA/APOLLO,106,87089990,N
12207,12207,COXIM DIANTEIRO  LADO DIREITO DO MOTOR - CORSA GL/GLS/WIND,68,87089990,N
23043,23043,COXIM DIANTEIRO  LADO DIREITO DO MOTOR - ESCORT/VERONA 1.6,122,87089990,N
11828,11828,COXIM DIANTEIRO  LADO DIREITO DO MOTOR - KADETT / MONZA 91....,100,87089990,N
11052,11052,COXIM DIANTEIRO  LADO DIREITO DO MOTOR - MONZA,100,87089990,N
12209,12209,COXIM DIANTEIRO  LADO DIREITO DO MOTOR ( COM AR E DIRECAO HI - CORSA,111,87089990,N
23042,23042,COXIM DIANTEIRO  LADO ESQUERDO  DO MOTOR  - ESCORT/VERONA 1.6,56,87089990,N
12208,12208,COXIM DIANTEIRO  LADO ESQUERDO  DO MOTOR - CORSA GL/GLS/WIND,74,87089990,N
23318,23318,"COXIM DIANTEIRO DO MOTOR  - ESCORT/LOGUS, GOLF 94/98 / PASSAT 2.8 6CC ...97 / VARIA",138,87089990,N
23174,23174,COXIM DIANTEIRO DO MOTOR - ESCORT / PAMPA / DEL REY,37,87089990,N
11550,11550,COXIM DIANTEIRO DO MOTOR - OPALA/CARAVAN 6CC,58,87089990,N
62702-IMP,62702-IMP,COXIM DIANTEIRO INFERIOR FRONTAL DO MOTOR (MANUAL) - COROLLA 93 /97,88,87089990,N
12206,12206,COXIM DIANTEIRO L / ESQ DO MOTOR,34,87089990,N
11053,11053,COXIM DIANTEIRO L / ESQ DO MOTOR  - MONZA/KADETT  91/,31,87089990,N
11829,11829,COXIM DIANTEIRO L / ESQ DO MOTOR  - MONZA/KADETT  91/,26,87089990,N
12209-AG,12209-AG,COXIM DIANTEIRO L/ DIR DO MOTOR ( C/ AR E DIRECAO ) - CORSA 94....,141,87089990,N
23317,23317,COXIM DIANTEIRO L/DIR DO MOTOR  - ESCORT/LOGUS,154,87089990,N
36171,36171,"COXIM DIANTEIRO L/DIREITO DO MOTOR - KOMBI 1.4  ( A AGUA ), GOL 96/ 1.8 MI 2007/",76,87089990,N
13369,13369,COXIM DIANTEIRO L/ESQ DO MOTOR,111,87089990,N
36170,36170,"COXIM DIANTEIRO L/ESQUERDO DO MOTOR (MOTOR AT) - KOMBI  1.4  ( A AGUA ), GOL 96/ 1.8 MI 2007/",76,87089990,N
00112,00112,COXIM DO AMORTECEDOR DIANTEIRO - 147,95,87089990,N
00113,00113,COXIM DO AMORTECEDOR DIANTEIRO (REDONDO) - UNO/PREMIO/ELBA/FIORINO,18,87089990,N
00114,00114,COXIM DO AMORTECEDOR DIANTEIRO (RETANGULAR),10,87089990,N
12047,12047,COXIM DO AMORTECEDOR DIANTEIRO C/ROL - OMEGA,87,87089990,N
35503,35503,COXIM DO AMORTECEDOR DIANTEIRO C/ROL - PASSAT 79/,20,87089990,N
11046,11046,COXIM DO ANEL DO ESCAPAMENTO  - MONZA,4,87089990,N
10530,10530,COXIM DO CAMBIO  - CHEVETTE /78,50,87089990,N
24569,24569,COXIM DO CAMBIO  - CORCEL/BELINA,29,87089990,N
35028,35028,COXIM DO CAMBIO  - SEDAN/BRASILIA,52,87089990,N
35028-SA,35028-SA,COXIM DO CAMBIO  (ORIGINAL) - SEDAN/BRASILIA,80,87089990,N
11552,11552,COXIM DO CAMBIO - OPALA/CARAVAN /74,106,87089990,N
35546,35546,COXIM DO CAMBIO - PASSAT,95,87089990,N
35028-A,35028-A,COXIM DO CAMBIO - SEDAN / BRASILIA,69,87089990,N
36037,36037,COXIM DO CAMBIO (COMPLETO) - GOL/VOYAGE/PARATI,100,87089990,N
35029-A,35029-A,COXIM DO CAMBIO (ORIGINAL) - KOMBI,60,87089990,N
00198,00198,COXIM DO CAMBIO COMPLETO  - UNO/PREMIO/ELBA/FIOR,236,87089990,N
00197,00197,COXIM DO CAMBIO COMPLETO - FIAT 147,231,87089990,N
12205,12205,COXIM DO ESCAPAMENTO - CORSA,5,87089990,N
36250,36250,COXIM DO ESCAPAMENTO - GOL  98/ / TR4,12,87089990,N
36528,36528,COXIM DO ESCAPAMENTO - SANTANA,4,87089990,N
13395,13395,COXIM DO ESCAPAMENTO - VECTRA 97.../ NOVO CORSA / ASTRA 99...,5,87089990,N
24563,24563,COXIM DO ESCAPAMENTO (PEQ) - CORCEL/BELINA,8,87089990,N
04501,04501,COXIM DO ESCAPAMENTO CENTRAL - PICK-UP STRADA,5,87089990,N
24564,24564,COXIM DO ESCAPAMENTO GRANDE  - CORCEL/BELINA,13,87089990,N
23040,23040,COXIM DO ESCAPAMENTO GRANDE  - ESCORT,7,87089990,N
00393,00393,COXIM DO ESCAPAMENTO INTERMEDIARIO - FIORINO,2,87089990,N
36259,36259,COXIM DO ESCAPAMENTO INTERMEDIARIO - GOL  GERACAO III,4,87089990,N
23039,23039,COXIM DO ESCAPAMENTO PEQUENA  - ESCORT,7,87089990,N
12238,12238,COXIM DO ESCAPAMENTO TRASEIRO  - CORSA,5,87089990,N
24823,24823,COXIM DO ESCAPAMENTO TRASEIRO  - COURIER/KA,4,87089990,N
24822,24822,COXIM DO ESCAPAMENTO TRASEIRO  - ESCORT/FIESTA/COURIER,5,87089990,N
00182,00182,COXIM DO ESCAPAMENTO TRASEIRO  - FIAT 147,15,87089990,N
00184,00184,COXIM DO ESCAPAMENTO TRASEIRO - UNO/PREMIO/ELBA/TEMP,4,87089990,N
10529,10529,COXIM DO MOTOR  - CHEVETTE,40,87089990,N
35027,35027,COXIM DO MOTOR  - FUSCA / BRASILIA / KOMBI / VARIANTE /,28,87089990,N
24565,24565,COXIM DO MOTOR - CORCEL/BELINA /77,58,87089990,N
24566,24566,COXIM DO MOTOR - CORCEL/BELINA 78/,55,87089990,N
35027-A,35027-A,COXIM DO MOTOR - FUSCA / BRASILIA / KOMBI / VARIANTE,31,87089990,N
36030,36030,COXIM DO MOTOR - GOL REFRIG AR,34,87089990,N
36529-A,36529-A,COXIM DO MOTOR ( VERDE ) ORIGINAL - SANTANA,45,87089990,N
35027-SA,35027-SA,COXIM DO MOTOR (ORIGINAL) - VOLKSWAGEN,39,87089990,N
36529,36529,COXIM DO MOTOR (VERDE)  - SANTANA,21,87089990,N
01408,01408,COXIM DO MOTOR / CAMBIO - TEMPRA,104,87089990,N
03930,03930,COXIM DO MOTOR L/ ESQUERDO DO MOTOR - PALIO MOTOR FIRE ( 09/2003 ),82,87089990,N
00191,00191,COXIM DO MOTOR L/DIREITO - FIAT TODOS,88,87089990,N
00193,00193,COXIM DO MOTOR LADO CAMBIO - UNO,90,87089990,N
00205-AX,00205-AX,COXIM DO TRAMBULADOR - UNO/PREMIO,63,87089990,N
10527,10527,COXIM ESCAPAMENTO TRASEIRO  - CHEVETTE,4,87089990,N
10534,10534,COXIM EXTERNO EIXO TRASEIRO - CHEVETTE 81/,74,87089990,N
13430-AG,13430-AG,COXIM INFERIOR DO RADIADOR - VECTRA 97... / ASTRA 99... / NOVO CORSA,18,87089990,N
13430,13430,COXIM INFERIOR DO RADIADOR - VECTRA 97... / ASTRA 99... / NOVO CORSA / MERIVA,26,87089990,N
13430-A,13430-A,COXIM INFERIOR DO RADIADOR - VECTRA 97... / ASTRA 99... / NOVO CORSA / MERIVA,31,87089990,N
00485,00485,COXIM INTERMEDIARIO DO SILENCIOSO ESCAPAMENTO - UNO FIRE  2001/  DOBLO  2001/,5,87089990,N
00453-AG,00453-AG,"COXIM L/ DIREITO DO MOTOR  - UNO FIRE / PALIO FIRE , SIENA / STRADA",77,87089990,N
10532,10532,COXIM LATERAL CARDAN EIXO TRASEIRO  - CHEVETTE,42,87089990,N
00195,00195,COXIM LATERAL DO MOTOR  - UNO/PREMIO/FIORINO,44,87089990,N
35540,35540,COXIM LATERAL DO MOTOR - PASSAT,42,87089990,N
35540-AX,35540-AX,COXIM LATERAL DO MOTOR - PASSAT,106,87089990,N
00194,00194,COXIM LATERAL DO MOTOR - UNO,34,87089990,N
35554,35554,COXIM LATERAL DO RADIADOR (MAIOR) - PASSAT,8,87089990,N
35555,35555,COXIM LATERAL DO RADIADOR (MENOR) - PASSAT,7,87089990,N
11013,11013,COXIM SUPERIOR DO AMORTECEDOR  DIANTEIRO   - MONZA ( TODOS ),52,87089990,N
00119,00119,COXIM SUPERIOR DO AMORTECEDOR TRASEIRO - UNO/PREMIO/ELBA  88/,16,87089990,N
11858,11858,COXIM SUPERIOR DO RADIADOR - KADETT/IPANEMA 89/ CELTA,7,87089990,N
13429,13429,COXIM SUPERIOR DO RADIADOR - VECTRA 97...,15,87089990,N
03900,03900,COXIM TRAS DO CAMBIO (MTR FIRE) - PALIO/SIENA/STRADA/WEEKEND ATE 08-2003,64,87089990,N
03896,03896,COXIM TRASEIRA  LADO DIREITO BANDEJA SUSPENSAO DIANTEIRA  CO - PALIO 00/,71,87089990,N
03895,03895,COXIM TRASEIRA  LADO ESQUERDO  DA BANDEJA SUSPENSAO DIANTEIR - PALIO 00/ UNO WAY,77,87089990,N
03822,03822,COXIM TRASEIRO  DA BANDEJA DIANTEIRA  LADO ESQUERDO  SEM BAR - PALIO  ED/EDX   96,50,87089990,N
03894,03894,COXIM TRASEIRO  DIREITO DA BANDEJA SUSPENSAO DIANTEIRA  SEM  - PALIO 00/  (S/BARRA ESTABILIZADORA) UNO WAY,48,87089990,N
35029,35029,COXIM TRASEIRO  DO CAMBIO  - KOMBI,39,87089990,N
00199,00199,COXIM TRASEIRO  DO CAMBIO  - UNO/PREMIO/FIORIONO/,63,87089990,N
13834,13834,COXIM TRASEIRO  DO CAMBIO - CELTA / PRISMA,77,87089990,N
36533,36533,"COXIM TRASEIRO  DO CAMBIO - ESCORT/LOGUS, GOL/VOYAGE/PARATI/SAVEIRO/SANTANA/LOGUS/P",42,87089990,N
36533-AX,36533-AX,"COXIM TRASEIRO  DO CAMBIO - ESCORT/LOGUS, GOL/VOYAGE/PARATI/SAVEIRO/SANTANA/LOGUS/P",79,87089990,N
00452,00452,COXIM TRASEIRO  DO CAMBIO - UNO FIRE,71,87089990,N
25966,25966,COXIM TRASEIRO  DO ESCAPAMENTO - FOCUS,7,87089990,N
37516,37516,COXIM TRASEIRO  DO ESCAPAMENTO - GOLF 98/,20,87089990,N
11834,11834,COXIM TRASEIRO  DO ESCAPAMENTO - KADETT,5,87089990,N
03808,03808,COXIM TRASEIRO  DO ESCAPAMENTO - PALIO,5,87089990,N
23041,23041,COXIM TRASEIRO  LADO ESQUERDO  DO MOTOR  - ESCORT/VERONA 1.6,53,87089990,N
13834-AG,13834-AG,COXIM TRASEIRO DO CAMBIO,56,87089990,N
36533-AG,36533-AG,COXIM TRASEIRO DO CAMBIO,40,87089990,N
24926,24926,COXIM TRASEIRO DO CAMBIO  - NOVO FIESTA 1.0 / 1.6 ECOSPORT 4 X 2 1.0 / 1.6,96,87089990,N
36533-A,36533-A,COXIM TRASEIRO DO CAMBIO - GOL / SANTANA / PARATI / SAVEIRO / ESCORT / LOGUS,37,87089990,N
12210,12210,"COXIM TRASEIRO DO CAMBIO - KADETT / MONZA 91..., CORSA",36,87089990,N
11830,11830,"COXIM TRASEIRO DO CAMBIO - KADETT / MONZA 91...., CORSA",55,87089990,N
03836,03836,COXIM TRASEIRO DO CAMBIO (-FIRE) - PALIO/SIENA/WEEKEND,71,87089990,N
03931,03931,COXIM TRASEIRO DO CAMBIO 09/2003..MOTOR FIRE - PALIO / SIENA /STRADA / WEEKEND,101,87089990,N
11047,11047,COXIM TRASEIRO DO ESCAPAMENTO  - MONZA,4,87089990,N
11049,11049,COXIM TRASEIRO DO MOTOR L/DIR  - MONZA,76,87089990,N
11050,11050,COXIM TRASEIRO DO MOTOR L/ESQ  - MONZA,103,87089990,N
03893,03893,COXIM TRASEIRO ESQUERDO DA  BANDEJA SUSPENSAO DIANTEIRA SEM  - PALIO 00/  (S/BARRA ESTABILIZADORA),50,87089990,N
23046,23046,COXIM TRASEIRO L/DIR DO MOTOR - ESCORT/VERONA/APOLLO,127,87089990,N
23044,23044,COXIM TRASEIRO L/ESQ,56,87089990,N
35278,35278,CUPULA DA ALAVANCA DE CAMBIO - KOMBI/,16,87089990,N
36231,36231,DEFLETOR DO OLEO - GOL / PASSAT / VOYAGE,20,87089990,N
35192,35192,DESCANSA BRACO  - FUSCA/GOL/VOYAGE,18,87089990,N
35191,35191,DESCANSA BRACO  - FUSCAO/BRASILIA /75,24,87089990,N
35190,35190,"DESCANSA BRACO  - VW 1300/1500, BRASILIA 76/",7,87089990,N
24612,24612,DESCANSA BRACO (C/ALMOFADA) - CORCEL/BELINA,26,87089990,N
24611,24611,DESCANSA BRACO (PLASTICO) - CORCEL/BELINA 78/,13,87089990,N
00258,00258,DESCANSA BRACO L/DIR - UNO/PREMIO/ELBA,34,87089990,N
36058,36058,DESLIZE DO BANCO (TRIANGULO) - GOL/VOYAGE/PARATI,2,87089990,N
35602,35602,DESLIZE TRILHO DO BANCO COM TRAVA  - PASSAT,2,87089990,N
35603,35603,DESLIZE TRILHO DO BANCO SEM TRAVA - PASSAT,2,87089990,N
35022,35022,"DIAFRAGMA SUPERIOR DA BOMBA DE GASOLINA - VW 1500/1600,BRASILI",5,87089990,N
35019,35019,DIAFRAMA DA BOMBA DE GASOLINA  - VOLKSWAGEN,7,87089990,N
35108,35108,DISCO DA ARTICULACAO DE DIRECAO - VOLKSWAGEN,28,87089990,N
10586,10586,DISCO DA DIRECAO  - CHEVETTE,55,87089990,N
11603,11603,DISCO DA DIRECAO - OPALA,50,87089990,N
11628,11628,DISCO DA DIRECAO (COMPLETO) - OPALA,112,87089990,N
10588,10588,DISCO DA DIRECAO COMPLETO  - CHEVETTE,143,87089990,N
10560,10560,DOBRADICA PORTINHOLA COMBUSTIVEL - CHEVETTE /82,4,87089990,N
24624-BR,24624-BR,EMBLEMA  (OVAL) BRANCO - FORD,7,87089990,N
24624-PR,24624-PR,EMBLEMA  (OVAL) PRETO - FORD,7,87089990,N
24624-VM,24624-VM,EMBLEMA  (OVAL) VERMELHO - FORD,7,87089990,N
12309-AJE,12309-AJE,EMBREAGEM DISTRIBUIDOR - CORSA,18,87089990,N
36660,36660,ESGUICHO D AGUA DO PARABRISA - GOL/VOYAGE/PARATI/SAVEIRO  87/,10,87089990,N
35301,35301,ESGUICHO D AGUA DO PARABRISA - SEDAN/BRASILIA/VARIANT/TL,10,87089990,N
00245,00245,ESGUICHO D AGUA LIMPADOR DO PARABRISA - UNO/PREMIO/ELBA,8,87089990,N
03936,03936,ESGUICHO DO PARABRISA - PALIO / MAREA,16,87089990,N
36464,36464,FLANGE DO MOTOR ( SAIDA DO AR QUENTE ) - GOLF ...98 / PASSAT / VARIANTE ...,18,87089990,N
35320-AJE,35320-AJE,FLANGE DO SENSOR DE TEMPERATURA - KOMBI 2006/... 1.4 FLEX,52,87089990,N
36536,36536,FLANGE INTERMEDIARIA DO CARBURADOR ( 2E)                - SANTANA,55,87089990,N
23378,23378,FLEXIVEL DE FREIO DIANTEIRO  LADO DIREITO  - ESCORT 95/,127,87089990,N
23377,23377,FLEXIVEL DE FREIO DIANTEIRO  LADO ESQUERDO  - ESCORT 95/,127,87089990,N
11038,11038,FLEXIVEL DE RETORNO DA DIRECAO HIDRAULICA,37,87089990,N
11598,11598,FLEXIVEL DO FREIO DA RODA DIANTEIRA  - OPALA/CARAVAN 80/,32,87089990,N
36546,36546,FLEXIVEL DO FREIO DA RODA TRASEIRA  - SANTANA/QUANTUM/VERSAILLES,5,87089990,N
35218,35218,FLEXIVEL DO FREIO DIANTEIRO  - VW 1200/1300,29,87089990,N
24545,24545,FLEXIVEL DO FREIO DIANTEIRO  (350MM)  - PAMPA,28,87089990,N
24862,24862,FLEXIVEL DO FREIO DIANTEIRO LADO ESQUERDO  - FIESTA 95...(NACIONAL),45,87089990,N
13504,13504,FLEXIVEL DO FREIO TRASEIRO  - ASTRA HATCH GLS 94/96,31,87089990,N
12397,12397,FLEXIVEL DO FREIO TRASEIRO  - NOVO CORSA  02/,28,87089990,N
35214,35214,GALAO DO PARALAMAS DIANTEIRO (BRANCO) - SEDAN,8,87089990,N
35213,35213,GALAO DO PARALAMAS DIANTEIRO (PRETO) - SEDAN,7,87089990,N
35216,35216,GALAO DO PARALAMAS TRASEIRO (BRANCO) - SEDAN,8,87089990,N
35215,35215,GALAO DO PARALAMAS TRASEIRO (PRETO) - SEDAN,10,87089990,N
35204,35204,GRADE DA SAIDA DE AR  - VOLKSWAGEN,4,87089990,N
35203,35203,GRADE DA SAIDA DE AR LADO DIREITO  - FUSCAO,8,87089990,N
34546,34546,GRADE DA SAIDA DE AR LADO DIREITO  - VARIANT/BRASILIA,5,87089990,N
34545,34545,GRADE DA SAIDA DE AR LADO ESQUERDO  - VARIANT/BRASILIA,5,87089990,N
36662,36662,GRAMPO DA COLUNA DO PORTA MALAS - GOL,2,87089990,N
36174,36174,"GRAMPO DA FORRACAO  DO PORTA MALAS - ESCORT 93/, GOL/PARATI",2,87089990,N
00458,00458,GRAMPO DA FORRACAO  INTERNA  (PRETO) - UNO/PRE/ELBA/FIOR/BRAVA/STI/MAREA/TIPO/PALIO,2,87089990,N
12319,12319,GRAMPO DA FORRACAO  LATERAL  - CORSA,2,87089990,N
36663,36663,GRAMPO DA FORRACAO  LATERAL DA PORTA - GOL (G-III/G-IV) /PARATI/SAVEIRO/FOX/SPACE FOX,2,87089990,N
36595,36595,GRAMPO DA FORRACAO DAS PORTAS,4,87089990,N
24857,24857,GRAMPO DA FORRACAO INTERNA  - FIESTA / KA / COURRIER,2,87089990,N
00383,00383,GRAMPO DA GRADE - FIAT,4,87089990,N
35592,35592,GRAMPO DA GRADE - PASSAT,2,87089990,N
03921,03921,GRAMPO DA GUARNICAO  SUPERIOR DA PORTA - PALIO,2,87089990,N
13518,13518,GRAMPO DA HASTE CAPO - CORSA 94.. / CELTA / ASTRA 99.. /KADETT/TIGRA,5,87089990,N
12321,12321,"GRAMPO DA HASTE DA FECHADURA DA PORTA - CORSA 94/,OMEGA 93/8",5,87089990,N
02752,02752,GRAMPO DA HASTE DO CAPO - TIPO,7,87089990,N
00219,00219,GRAMPO DA VARETA DO CAPO   - FIAT TDS,2,87089990,N
12296,12296,GRAMPO DA VARETA DO CAPO - CORSA 94.. / CELTA / CALIBRA / TIGRA / OMEGA ...98 / VE,4,87089990,N
11180,11180,GRAMPO DE FIXACAO  - MZA/SANT/CORSA/S-10,2,87089990,N
11199,11199,GRAMPO DE FIXACAO DA FORRACAO DO TETO (PRETO) - MONZA/KADETT,2,87089990,N
36630,36630,GRAMPO DE FIXACAO DA SOLEIRA - SANTANA/QUANTUM  95/,2,87089990,N
23432,23432,GRAMPO DE FIXACAO DO CARPETE - ESCORT / VERONA,2,87089990,N
25961,25961,GRAMPO DE FIXACAO DO PARACHOQUE TRASEIRO / DIANTEIRO  - FORD KA,2,87089990,N
12383,12383,"GRAMPO DE FIXACAO DO SPOILLER LATERAL - CORSA/VECTRA 94/, ASTRA 99/, KADETT 89/. TIGRA",5,87089990,N
03920,03920,GRAMPO DE FIXACAO DO SPOLIER - PALIO,2,87089990,N
10566,10566,GRAMPO DO FAROL  - CHEVETTE/MONZA 83/,2,87089990,N
11860,11860,GRAMPO DO FAROLAMENTO  - KADETT / IPANEMA 89... / OMEGA / SUPREMA 93....,2,87089990,N
13513,13513,GRAMPO DO FORRO LATERAL DA PORTA - ASTRA / ZAFIRA,2,87089990,N
24619,24619,GRAMPO DO FRISO (MENOR) - CORCEL II/BELINA II,2,87089990,N
00384,00384,GRAMPO DO FRISO DO TETO  - UNO / PREMIO,2,87089990,N
36060,36060,GRAMPO DO FRISO LATERAL  - GOL/VOYAGE/PARATI GL/GS,2,87089990,N
62696,62696,GRAMPO DO PARA CHOQUE - COROLLA,4,87089990,N
62114,62114,GRAMPO DO PARACHOQUE - CIVIC,2,87089990,N
00253,00253,GRAMPO DO REVESTIMENTO DA PORTA  - FIAT TDS,2,87089990,N
61080,61080,GRAMPO DO REVESTIMENTO DA PORTA  - LINHA PEUGEOT,2,87089990,N
36321,36321,GRAMPO DO REVESTIMENTO DO CAPO - GOL,2,87089990,N
11084,11084,GRAMPO DO REVESTIMENTO INTERNO (GRD) (PRETO)  - MONZA,2,87089990,N
35590,35590,GRAMPO DO REVESTIMENTO INTERNO (PRETO) - PASSAT,2,87089990,N
11085,11085,GRAMPO DO REVESTIMENTO LATERAL - MONZA,2,87089990,N
03957,03957,GRAMPO DO TIRANTE DO CAPO  - PALIO (TDS) WEEKEND / SIENA / STRADA,4,87089990,N
36061,36061,GRAMPO DOS FRISOS  - GOL/VOYAGE/PARATI,2,87089990,N
35594,35594,GRAMPO FIXAR VARETA CAPO - GOL/VOYAGE/PARATI,2,87089990,N
35593,35593,GRAMPO FIXAR VARETA CAPO - PASSAT,2,87089990,N
35583,35583,GRAMPO FRISO DO ESTRIBO  - PASSAT,2,87089990,N
24618,24618,GRAMPO FRISO LATERAL  - CORCEL I/BELINA I,2,87089990,N
34535,34535,GRAMPO FRISO LATERAL DO ESTRIBO  - VARIANT/BRASILIA,2,87089990,N
10564,10564,GRAMPO FRISO SOLEIRA DA PORTA  - CHEVETTE,2,87089990,N
13473,13473,GRAMPO INT DA COBERTURA RETROVISOR  - VECTRA,2,87089990,N
11189,11189,GRAMPO P/ FIXAR VARETA DO CAPO,2,87089990,N
36066,36066,GRAMPO PINO DO PORTA LUVAS - GOL/VOYAGE/PARATI,2,87089990,N
35195,35195,GRAMPO REVESTIMENTO DA PORTA (TESOURINHA) - VOLKSWAGEN,4,87089990,N
00257,00257,"GRAMPO REVESTIMENTO DO BANCO - FIAT TDS, TEMPRA",2,87089990,N
35197,35197,GRAMPO REVESTIMENTO LATERAL  - FUSCAO MODERNO,2,87089990,N
00255,00255,GRAMPO REVESTIMENTO LATERAL TRASEIRO  (PRETO) - FIAT TDS PALIO,2,87089990,N
35230,35230,GRAMPO REVESTIMENTO PORTA - KOMBI CLIPPER,2,87089990,N
47035-AZ,47035-AZ,GRAXA  AZUL PARA ROLAMENTOS  - DIVERSOS,5,87089990,N
47035,47035,GRAXA PARA JUNTA HOMOCINETICA - DIVERSOS,5,87089990,N
11001-A,11001-A,GUARDA PO   DA CAIXA DE DIRECAO  - MONZA,23,87089990,N
23346,23346,"GUARDA PO   DA CAIXA DE DIRECAO  (ZF) - CORSA, ESCORT/LOGUS 93",8,87089990,N
35556,35556,GUARDA PO   DA CAIXA DE DIRECAO - PASSAT,242,87089990,N
36001,36001,GUARDA PO   DA CAIXA DE DIRECAO (BORRACHA) - GOL/VOYAGE/PARATI,12,87089990,N
34504,34504,GUARDA PO   DA VARETA DO OLEO - VARIANT/BRASILIA,18,87089990,N
35048,35048,GUARDA PO   DO PIVO INFERIOR DIANTEIRO  (menor ) - VOLKSWAGEN,5,87089990,N
35047,35047,GUARDA PO   DO PIVO SUPERIOR DIANTEIRO  (maior ) - VOLKSWAGEN,5,87089990,N
10500,10500,GUARDA PO  DA CAIXA DE DIRECAO - CHEVETTE,8,87089990,N
03947,03947,GUARDA PO  DA CAIXA DE DIRECAO (HIDRAULICA) - PALIO 96/2000,10,87089990,N
00100,00100,GUARDA PO  DA CAIXA DE DIRECAO LADO DIREITO - 147/UNO/PREMIO/ELBA/FIORINO,10,87089990,N
00101,00101,GUARDA PO  DA CAIXA DE DIRECAO LADO ESQUERDO  - 147/UNO/PREMIO/ELBA/FIORINO,8,87089990,N
00204,00204,GUARDA PO  DA HASTE DO TRAMBULADOR - FIAT TODOS,7,87089990,N
11000,11000,GUARDA PO  DO CAIXA DE DIRECAO - MONZA,8,87089990,N
35118,35118,GUARDA PO DA  ALAVANCA DE CAMBIO - VOLKSWAGEN,15,87089990,N
11557,11557,GUARDA PO DA ALAVANCA DE CAMBIO - OPALA/CARAVAN 75/,60,87089990,N
35552,35552,"GUARDA PO DA ALAVANCA DE CAMBIO - PASSAT 78/, GOL 82/87, QTUM 85/01, VOY/PAR 81/95, SANT 84/95",20,87089990,N
36393,36393,"GUARDA PO DA ALAVANCA DE CAMBIO - PASSAT 78/, GOL 82/87, QTUM 85/01, VOY/PAR 81/95, SANT 84/95",16,87089990,N
36552,36552,GUARDA PO DA ALAVANCA DE CAMBIO - SANTANA,12,87089990,N
34542,34542,GUARDA PO DA ALAVANCA DO FREIO DE MAO - VARIANT/BRASILIA,32,87089990,N
35116,35116,GUARDA PO DA ALAVANCA FREIO DE MAO,16,87089990,N
13422,13422,GUARDA PO DA CAIXA DE DIRECAO - ASTRA,12,87089990,N
24855,24855,GUARDA PO DA CAIXA DE DIRECAO - FIESTA / KA / COURRIER / TRAFFIC,8,87089990,N
03891,03891,GUARDA PO DA CAIXA DE DIRECAO - PALIO CAIXA MECANICA  / TOPIC,8,87089990,N
13421,13421,GUARDA PO DA CAIXA DE DIRECAO - VECTRA,5,87089990,N
03891-A,03891-A,GUARDA PO DA CAIXA DE DIRECAO (ORIGINAL),5,87089990,N
36000,36000,GUARDA PO DA CAIXA DE DIRECAO (PLASTICA) - GOL/VOYAGE/PARATI,4,87089990,N
12240,12240,GUARDA PO DA CAIXA DE DIRECAO (SAGIVA) - CORSA,10,87089990,N
12239,12239,"GUARDA PO DA CAIXA DE DIRECAO (ZF) - CORSA, ESCORT/LOGUS 93",8,87089990,N
24855-A,24855-A,GUARDA PO DA CAIXA DE DIRECAO MECANICA - FIESTA 96../ KA / COURRIER,8,87089990,N
35147,35147,GUARDA PO DA VARETA LIMITADOR - SEDAN,4,87089990,N
36500,36500,GUARDA PO DO AMORTECEDOR DIANTEIRO - SANTANA,10,87089990,N
24581,24581,GUARDA PO DO CARBURADOR AO FILTRO - CORCEL/BELINA /77,18,87089990,N
00164,00164,GUARDA PO DO SEMI EIXO L/CAMBIO - UNO 89/,5,87089990,N
24576,24576,GUARDA PO DO TRAMBULADOR - CORCEL/BELINA /77,4,87089990,N
36285,36285,GUARDA PO DO TRAMBULADOR - GOL / PARATI,10,87089990,N
36053,36053,GUARDA PO DO TRAMBULADOR - GOL/VOYAGE/PARATI,8,87089990,N
10543,10543,GUARDA PO GARFO EMBREAGEM - CHEVETTE,8,87089990,N
11562,11562,GUARDA PO GARFO EMBREAGEM - OPALA/CARAVAN,32,87089990,N
24577,24577,GUARDA PO HASTE TRAMBULADOR - CORCEL/BELINA,24,87089990,N
00201,00201,GUARDA PO INF. DA ALAVANCA DE CAMBIO,4,87089990,N
35148,35148,GUARDA PO INTERRUPTOR DA PORTA - SEDAN,4,87089990,N
35166,35166,GUARNICAO DA LANTERNA DA PLACA TRASEIRA  - FUSCAO,8,87089990,N
35167,35167,GUARNICAO DA LANTERNA TRASEIRA   - VW 1200/1300  /70,12,87089990,N
35170,35170,GUARNICAO DA LANTERNA TRASEIRA (METRO) - FUSCAO,2,87089990,N
24609,24609,GUARNICAO DA MACANETA (PAR)  - CORCEL/BELINA /77,4,87089990,N
35141,35141,GUARNICAO DA MACANETA DA PORTA (GRD)  - FUSCAO,2,87089990,N
35138,35138,GUARNICAO DA MACANETA DA PORTA (PEQ)   - SEDAN,2,87089990,N
35139,35139,GUARNICAO DA MACANETA DA PORTA GRANDE   - SEDAN,2,87089990,N
11581,11581,GUARNICAO DA MACANETA DA PORTA GRANDE  - OPALA/CARAVAN,2,87089990,N
35140,35140,GUARNICAO DA MACANETA DA PORTA PEQUENA  - FUSCAO,2,87089990,N
11580,11580,GUARNICAO DA MACANETA DA PORTA PEQUENA  - OPALA/CARAVAN,2,87089990,N
35145,35145,GUARNICAO DA MACANETA DO CAPO GRANDE  - FUSCAO,2,87089990,N
35146,35146,GUARNICAO DA MACANETA DO CAPO PEQUENA - FUSCAO,2,87089990,N
35143,35143,GUARNICAO DA MACANETA EXTERNA - KOMBI CLIPPER,2,87089990,N
35144,35144,GUARNICAO DA MACANETA EXTERNA - KOMBI CLIPPER,2,87089990,N
35142,35142,GUARNICAO DA MACANETA TAMPA TRASEIRA - SEDAN,2,87089990,N
36392,36392,GUARNICAO DA MANIVELA DO VIDRO - GOL/VOYAGE/FUSCA/SANTANA/QUANTUM/PARATI/KOMBI,2,87089990,N
36313,36313,GUARNICAO FLANGE DA BBA DE COMBUSTIVEL - GOL/PAR/SAV/LOG/POIN/ESC/VER/PPA,10,87089990,N
36064,36064,GUARNICAO HASTE DO BAGAGITO  - GOL (MODERNO),4,87089990,N
36063,36063,GUARNICAO HASTE DO BAGAGITO - GOL (ANTIGO),4,87089990,N
36397,36397,GUIA DA VARETA DO OLEO - GOL  MOTOR AT  8/16 VALVULAS,5,87089990,N
13367,13367,HASTE DA ARTICULACAO - VECTRA 97...,47,87089990,N
00232,00232,HASTE DO BAGAGITO - UNO,4,87089990,N
11544,11544,JG BUCHAS DO TENSOR - OPALA/CARAVAN 76/79,18,87089990,N
36073,36073,JG PAPELAO DO RADIADOR  (4 PCS) - GOL/VOYAGE 87/,29,87089990,N
00181,00181,JOGO ABRACADEIRAS E CALCOS DO FEIXE MOLAS - ELBA/PICK-UP 87/,82,87089990,N
00180,00180,JOGO ABRACADEIRAS E CALCOS DO FEIXE MOLAS - FIORINO/PICK-UP /86,39,87089990,N
36373,36373,JOGO BUCHAS HASTE LIGACAO DO TRAMB (5 MARCHAS) - GOL/VOY/PARATI/SAVEIRO,4,87089990,N
11542,11542,JOGO DE BUCHAS DO TENSOR DIANTEIRO  - OPALA/CARAVAN /75,47,87089990,N
34559,34559,JUNTA EXTERNA CANO PARACHOQUE REDONDA  - VARIANT/BRASILIA,8,87089990,N
35125,35125,JUNTA SUPORTE CANO PARACHOQUE  - VW 1200/1300,4,87089990,N
35126,35126,JUNTA SUPORTE DO PARACHOQUE  - FUSCAO,5,87089990,N
35128,35128,JUNTA SUPORTE PARACHOQUE DIANTEIRO  LADO DIREITO . - FUSCAO 79/,7,87089990,N
35127,35127,JUNTA SUPORTE PARACHOQUE DIANTEIRO  LADO ESQUERDO  - FUSCAO 79/,7,87089990,N
35130,35130,JUNTA SUPORTE PARACHOQUE TRASEIRA  LADO DIREITO   - FUSCAO 79/,7,87089990,N
35129,35129,JUNTA SUPORTE PARACHOQUE TRASEIRO  LADO ESQUERDO  - FUSCAO 79/,7,87089990,N
34558,34558,JUNTA SUPORTE PARACHOQUE TRASEIRO - VARIANT/BRASILIA,5,87089990,N
13831,13831,LIAME DO TRAMBULADOR  (C/ HASTE) - CORSA 94...,109,87089990,N
13562,13562,"LIAME DO TRAMBULADOR - ASTRA 95/00, VECTRA 94/05, CALIBRA 94/95",15,87089990,N
12295,12295,LIAME DO TRAMBULADOR - CORSA 94.../ CELTA / TIGRA,4,87089990,N
12389,12389,LIAME DO TRAMBULADOR - NOVO CORSA/MERIVA/MONTANA,4,87089990,N
36639,36639,MANGUEIRA DA ALIMENTACAO DA BBA DE OLEO DA DIR HIDR - SANTANA  96/,37,87089990,N
12214,12214,MANGUEIRA DA ALIMENTACAO DO AQUECEDOR - CORSA,10,87089990,N
36697,36697,MANGUEIRA DA ENTRADA DO TANQUE - FOX / SPACEFOX,26,87089990,N
36699,36699,"MANGUEIRA DA ENTRADA DO TANQUE - GOL 2010/2017, VOYAGE 2008/",24,87089990,N
36698,36698,MANGUEIRA DA PARTIDA A FRIO - FOX / SPACEFOX  2003/,10,87089990,N
12439,12439,MANGUEIRA DA SAIDA DO RESERVAT DE EXPANSAO - CORSA  1.0/1.8   028,18,87089990,N
36688,36688,"MANGUEIRA DA SAIDA INFERIOR AO DUTO RIGIDO - SANTANA  96/06, QUANTUM  96/01  TDS C/RADIADOR MAIOR CA",47,87089990,N
36277,36277,MANGUEIRA DA TOMADA DE AR  - GOL/PARATI  97/,125,87089990,N
00268,00268,MANGUEIRA DE ALUMINIO - UNO/PREMIO/ELBA/FIORINO,69,87089990,N
35639,35639,MANGUEIRA DE AR  ( aluminio )  - PASSAT 80/,60,87089990,N
35638,35638,MANGUEIRA DE AR ( aluminio ) - PASSAT 75/79,47,87089990,N
24627,24627,MANGUEIRA DO AR QUENTE  - CORCEL / BELINA 1.6,68,87089990,N
36664,36664,MANGUEIRA DO BOCAL DO COMBUSTIVEL - GOL/PARATI 1995/2005,26,87089990,N
35315-M,35315-M,MANGUEIRA DO BOCAL DO TANQUE - KOMBI,40,87089990,N
35315,35315,MANGUEIRA DO BOCAL DO TANQUE - KOMBI 1.4,29,87089990,N
36669,36669,"MANGUEIRA DO DEFLETOR DE OLEO - GOL GII / POLO 02/, FOX FLEX TDS 1.0",13,87089990,N
04019,04019,MANGUEIRA DO FILTRO DE AR  - PALIO / SIENA 04/06 FIRE 1.0 8 VALV.,77,87089990,N
03966,03966,"MANGUEIRA DO FILTRO DE AR  - PALIO 1.3 8V, UNO / FIORINO / MILLE / STRADA ( TDS FIRE",42,87089990,N
35289-A,35289-A,MANGUEIRA DO FILTRO DE AR - KOMBI,26,87089990,N
03977,03977,MANGUEIRA DO FILTRO DE AR - PALIO / SIENA / STRADA / IDEA / WEEKEND 1.4 06/,37,87089990,N
04021,04021,"MANGUEIRA DO FILTRO DE AR - PALIO 1.0 2010, SIENA 1.0  2008 PALIO 1.4 2010/, SIENA 1.4 08/, STRADA / WEEKEND 1.4 09/",28,87089990,N
23075,23075,MANGUEIRA DO FILTRO DE AR (ALUMINIO) - ESCORT/VERONA/APOLO 1.8 ALC/GAS,109,87089990,N
04067,04067,MANGUEIRA DO FILTRO DE AR (C/BOCAL MENOR P/SENSOR) - uno furgao 1.5./04 uno 1.3 8v 01/03 fiorino1.3 8v 03/04,95,87089990,N
13542,13542,MANGUEIRA DO RESERVATORIO AO RADIADOR - VECTRA  97,23,87089990,N
24679,24679,MANGUEIRA DO RESERVATORIO DE COMBUSTIVEL - PAMPA  85/,71,87089990,N
36755,36755,MANGUEIRA DO RESERVATORIO SUPERIOR  - GOL G5 COM AR 2008/... /SAVEIRO G5 2008/... /VOYAGE G5,44,87089990,N
35316,35316,MANGUEIRA DO RESPIRO DA CAIXA DE AR AO SEPARADOR DE OLEO - KOMBI 1.4 FLEX  ( A AGUA),42,87089990,N
36692,36692,MANGUEIRA DO RESPIRO DO MOTOR - FOX  1.0  FLEX  08/,40,87089990,N
36670,36670,MANGUEIRA DO RESPIRO DO OLEO - GOL  1.0  8VALV (MOTOR AT),20,87089990,N
36672,36672,"MANGUEIRA DO RESPIRO DO OLEO - GOL  1.0 8VALV, GII/GIV, SAVEIRO 1.0  8 VALV  FLEX",24,87089990,N
36676,36676,"MANGUEIRA DO RESPIRO DO OLEO - GOL 08/01  a  01/02  8 VALV  (MOTOR AT), GOL POWER",44,87089990,N
37572,37572,"MANGUEIRA DO RESPIRO DO OLEO AO ANTICHAMA - AUDI A3, POLO/FOX (FLEX) TDS 1.6  02/",23,87089990,N
36668,36668,MANGUEIRA DO RESPIRO DO OLEO AO ANTICHAMA - GOL 1.0  16VALV DIGITAL 01,45,87089990,N
36668-M,36668-M,MANGUEIRA DO RESPIRO DO OLEO AO ANTICHAMA - GOL 1.0  16VALV DIGITAL 01,26,87089990,N
00267,00267,MANGUEIRA EM ALUMINIO (PRETA) - UNO,55,87089990,N
13955,13955,MANGUEIRA INFERIOR DO RADIADOR  - ONIX/ PRISMA/ COBALT/ SPIN 1.4 1.8 8V FLEX 13/...,34,87089990,N
36683,36683,MANGUEIRA INFERIOR DO RADIADOR - GOL 1.0 EFI DIGITAL 8/16B  ALC/GASOL  96/99,159,87089990,N
00491,00491,MANGUEIRA INFERIOR DO RADIADOR - MILLE NOVO/UNO NOVO/FIORINO 1.0/1.6  8V  03/  (C/ AR),152,87089990,N
00400,00400,"MANGUEIRA INFERIOR DO RADIADOR - UNO/ELBA/PREMIO, UNO 1000 SPI 96/ C/ AR COND",68,87089990,N
00490-M,00490-M,MANGUEIRA INFERIOR DO RADIADOR - UNO/PREMIO/ELBA/PICK-UP  TODOS 1.6  91/96  (C/ AR),76,87089990,N
36694,36694,MANGUEIRA INFERIOR RADIADOR - FOX  TDS  06/,55,87089990,N
36732,36732,MANGUEIRA ISOLAMENTO DO AR QUENTE - GOL / FOX / POLO,34,87089990,N
13954,13954,MANGUEIRA SUPERIOR DO RADIADOR  - ONIX / PRISMA/ COBALT/ SPIN 1.4 1.8 8V FLEX 13/...,32,87089990,N
13437-M,13437-M,MANGUEIRA SUPERIOR DO RADIADOR - ASTRA ( S/AR COND. ),20,87089990,N
36691,36691,"MANGUEIRA SUPERIOR DO RADIADOR - FOX 1.0/1.6 FLEX 04/06, POLO 1.4  02/06  e FLEX 06/08",48,87089990,N
13823,13823,MANOPLA  (CINZA) DE REGULAGEM DO BANCO - CELTA,5,87089990,N
13822,13822,MANOPLA  (PRETA) DE REGULAGEM DO BANCO - CELTA,5,87089990,N
12363,12363,MANOPLA (CINZA) DE REGULAGEM DO BANCO - CORSA/VECTRA  97/,4,87089990,N
12362,12362,MANOPLA (PRETA) DE REGULAGEM DO BANCO - CORSA/VECTRA 97/ ASTRA,4,87089990,N
24900,24900,MANOPLA (PRETA) DE REGULAGEM DO BANCO - FIESTA/KA/ESCORT  99/,5,87089990,N
36229,36229,MANOPLA DO BANCO   (PRETO) - GOL/VOYAGE/PARATI/SAVEIRO 95/,4,87089990,N
12283,12283,MANOPLA DO BANCO  (CINZA) - MONZA/CORSA,10,87089990,N
12282,12282,MANOPLA DO BANCO  (GRAFITE) - MONZA/CORSA,4,87089990,N
11148,11148,MANOPLA DO BANCO (CINZA)  - MONZA/CORSA,8,87089990,N
11149,11149,MANOPLA DO BANCO (GRAFITE) - MONZA/CORSA,10,87089990,N
11147,11147,MANOPLA DO BANCO (PRETA) - MONZA/CORSA,8,87089990,N
36227,36227,MANOPLA DO BANCO (PRETO) - GOL/VOYAGE/PARATI/SAVEIRO /94,4,87089990,N
11203,11203,"MOLDURA DA MACANETA INTERNA  (PRETO) - MONZA/KADETT 86/,CHEVETTE/OPALA 88/",4,87089990,N
24507,24507,MUNHAO ARTICULACAO DA DIRECAO - CORCEL/BELINA,112,87089990,N
11151,11151,MUNHAO DO TRAMBULADOR - MONZA/KADETT,56,87089990,N
12330,12330,PARAFUSO/PORCA DA MOLDURA DO PARALAMA - CORSA,2,87089990,N
35165,35165,PASSA FIOS DA LANTERNA TRAS (GRD) - SEDAN,7,87089990,N
35163,35163,PASSA FIOS DO FAROLAMENTO  - FUSCAO/BRASILIA,4,87089990,N
35164,35164,PASSA FIOS FAROLAMENTO DIANTEIRO  - FUSCAO/BRASILIA,4,87089990,N
47041-B,47041-B,PASTA PARA ESMERILHAR  - VALVULAS,26,87089990,N
11576,11576,PEDAL DO ACELERADOR - OPALA/CARAVAN,55,87089990,N
35103,35103,PEDAL DO ACELERADOR (PLASTICO)  - KOMBI CLIPPER,5,87089990,N
35102,35102,PEDAL DO ACELERADOR (PLASTICO) - FUSCAO/BRASILIA,5,87089990,N
11577,11577,PEDAL DO ACELERADOR PLASTICO (C/MOLA)  - OPALA/CARAVAN,34,87089990,N
35162,35162,PINGADEIRA DO FAROL - KOMBI/SEDAN,4,87089990,N
13491,13491,PINHAO / MANCAL DO VELOCIMETRO - CORSA94../ ASTRA/VECTRA94/96,15,87089990,N
36318,36318,PINHAO DO VELOCIMENTRO - GOL,5,87089990,N
35149,35149,PINO DA TRAVA DA PORTA  - VOLKSWAGEN,2,87089990,N
36367,36367,PINO DA TRAVA DA PORTA - GOL/PAR/SAV/SANTANA QUANTUM  94/,5,87089990,N
36191,36191,PINO DA TRAVA DA PORTA - VOLKSWAGEN  91/ TDS,2,87089990,N
00239,00239,PLASTICO DO TRILHO DO BANCO - UNO/PREMIO/ELBA,4,87089990,N
36092,36092,PONTEIRA PARACHOQUE TRASEIRO L/ESQ  (CINZA) - PARATI 84/,13,87089990,N
36370,36370,PORCA DE FIXACAO DO ESTEPE - GOL/VOYAGE/PARATI/SAVEIRO 80/94,7,87089990,N
00166,00166,PORCA DE RETENCAO ROLAMENTO CUBO RODA DIANTEIRA  - FIAT TDS,37,87089990,N
36394,36394,PORCA DO DESCANSA BRACO - GOL / SAVEIRO / SANTANA / KOMBI,2,87089990,N
36241,36241,PORCA DO DESCANSA BRACO - PASSAT/GOL/VOYAGE/PARATI  /94,2,87089990,N
00398,00398,PORCA DO DESCANSA BRACO - UNO,2,87089990,N
00385,00385,PORCA DO ESTEPE - FIAT,10,87089990,N
12325,12325,PORCA EXT/INT DA GRADE DE VENTILACAO - CORSA/VECTRA/OMEGA/M,2,87089990,N
36182,36182,PORCA HASTE AMORTECEDOR  DIANTEIRO  - PASSAT/GOL/PARATI/SAVEIRO,7,87089990,N
36161,36161,POSICIONADOR DO AMORTECEDOR TRASEIRO - GOL/VOYAGE/PARATI,7,87089990,N
35509,35509,PRATO DO AMORTECEDOR   ( mola ) - PASSAT/GOL/VOYAGE/PA,40,87089990,N
36356,36356,PRATO DO AMORTECEDOR  SUPERIOR DIANTEIRA  - GOL/PAR/SAVEIRO (TDS GIII),13,87089990,N
12226,12226,PRATO DO AMORTECEDOR  SUPERIOR DIANTEIRO  - CORSA 94... / CELTA / TIGRA /,10,87089990,N
36007,36007,PRATO DO AMORTECEDOR  SUPERIOR DIANTEIRO  - GOL 94 / SANTANA 96...,13,87089990,N
36006,36006,PRATO DO AMORTECEDOR  SUPERIOR DIANTEIRO  - GOL/VOYAGE/PARATI,10,87089990,N
36591,36591,PRATO SUPERIOR AMORTECEDOR DIANTEIRO,8,87089990,N
36508,36508,PRATO SUPERIOR DA MOLA DA SUSPENSAO DIANTEIRA  - PARATI/SAVEIRO/SANTANA/GOL BOLA / GIII,36,87089990,N
12336,12336,PRATO SUPERIOR DO AMORTECEDOR  DIANTEIRO  - CORSA 2002/,21,87089990,N
13436,13436,"PRATO SUPERIOR DO AMORTECEDOR  DIANTEIRO  ( ALTO) - VECTRA 97/..., ASTRA / ZAFIRA",20,87089990,N
37563,37563,PRATO SUPERIOR DO AMORTECEDOR DIANT,13,87089990,N
35160,35160,PRENDEDOR ENCOSTO BANCO TRASEIRO - KOMBI,4,87089990,N
36233,36233,PRESILHA DA HASTE DA FECHADURA - GOL / PASSAT,2,87089990,N
00323,00323,PRESILHA DA PONTA DA VARETA CAPO - UNO/PREMIO/ELBA/FIORINO,4,87089990,N
23060,23060,PRESILHA DA VARETA DO CAPO - ESCORT,2,87089990,N
11591,11591,PRESILHA DO CABO DE VELAS - OPALA/CARAVAN,2,87089990,N
35008,35008,PRESILHA DO CABO DE VELAS - VOLKSWAGEN,4,87089990,N
23129,23129,PRESILHA FIXACAO DO FAROL - ESCORT 87/,5,87089990,N
36052,36052,PROLONGADOR DA VARETA DE OLEO - GOL/VOYAGE/PARATI,5,87089990,N
47304,47304,QUICK CONECTOR - 3/8 X 5/16 X 5/16  T - c/ ANel  Pop Top,48,87089990,N
47069,47069,QUICK CONECTOR 5/16  - -90GRAUS,15,87089990,N
12323,12323,REBITE DE FIXACAO PARACHOQUE  - CORSA/ASTRA/CELTA/VE,2,87089990,N
34543,34543,REGUA TRILHO DO BANCO  - VARIANT/BRASILIA,2,87089990,N
23422,23422,REMATE DO BOTAO TRAVA DO BANCO (PRETO) - ESCORT/APOLLO/VERONA/CORCEL/DEL REY/BELINA/LOGUS,2,87089990,N
35295,35295,REPARO  DA TAMPA DO CAMBIO - FUSCA/BRASILIA,32,87089990,N
36513,36513,REPARO CENTRAL BARRA ESTABILIZADORA - SANTANA,8,87089990,N
00142,00142,REPARO CENTRAL DA BARRA ESTABILIZADORA DIANTEIRA  ( 15MM) - UNO MILLE 91...,7,87089990,N
23391,23391,REPARO COIFA DO CAMBIO - LOGUS / POINTER 1.8 / 5.0 93/96 SANTANA  / QUANTUM 92/.,48,87089990,N
03950,03950,REPARO COMPLETO DA ALAVANCA DE CAMBIO  (6 MARCHAS) - PALIO WEEKEND/SIENA,23,87089990,N
57192-E,57192-E,REPARO COMPLETO DO AMORTECEDOR  DIANTEIRO  - GOL BOLA/PARATI BOLA/SAVEIRO BOLA / GII,72,87089990,N
57192-AG,57192-AG,REPARO COMPLETO DO AMORTECEDOR DIANTEIRO - GOL BOLA/PARATI BOLA/SAVEIRO BOLA GII,72,87089990,N
57266-E,57266-E,"REPARO COMPLETO DO AMORTECEDOR DIANTEIRO - GOL/PARATI/SAVEIRO  97/, ATE 05/2001",66,87089990,N
36249,36249,REPARO COMPLETO DO ESCAP INTER (5 MARCHAS) - GOL/PARATI/SAVEIRO 1.8,15,87089990,N
61113-A,61113-A,REPARO COMPLETO DO SEMI EIXO L/ CAMBIO ( 34mm ) - PEUGEOT 206 CITROEN C3 / CRETA,36,87089990,N
61113,61113,REPARO COMPLETO DO SEMI EIXO LADO CAMBIO ( 34mm ) - PEUGEOT 206 / 306 / CITROEN C3 / CRETA,37,87089990,N
00148,00148,REPARO COMPLETO LIGACAO BARRA ESTABILIZADORA DIANTEIRA  - FIAT 147,15,87089990,N
03886-AJE,03886-AJE,REPARO DA ALAVANCA CAMBIO ( C / INIBIDOR DE RE ) - PALIO/SIENA/STRADA/UNO FIRE,64,87089990,N
35580,35580,REPARO DA ALAVANCA DE CAMBIO  (4 MARCHAS) - GOL/VOYAGE/PARATI/PA,5,87089990,N
03888,03888,REPARO DA ALAVANCA DE CAMBIO ( SEM  INIBIDOR DE RE ) - UNO FIRE /PALIO/SIENA/STRADA,50,87089990,N
35581,35581,REPARO DA ALAVANCA DE CAMBIO (5 MARCHAS) - GOL/VOYAGE/PARATI/PA,13,87089990,N
03886,03886,REPARO DA ALAVANCA DE CAMBIO (COM INIBIDOR DE RE ) - UNO FIRE / PALIO/SIENA/STRADA,50,87089990,N
11508,11508,REPARO DA BARRA  ESTABILIZADORA DIANTEIRA - OPALA  / CARAVAN 80 A 87,15,87089990,N
37530,37530,"REPARO DA BARRA ESTABIL DIANT  ( L/ESQ ) - NOVO GOL 01/03/08..., NOVO POLO / POLO SEDAN 02 FOX 200",10,87089990,N
37529,37529,"REPARO DA BARRA ESTABIL DIANT ( L/ DIR ) - NOVO GOL 01/03/08..., NOVO POLO/POLO SEDAN 02/, FOX 200",10,87089990,N
00137,00137,REPARO DA BARRA ESTABILIZADOR - UNO,8,87089990,N
24538,24538,REPARO DA BARRA ESTABILIZADOR DIANTEIRO - CORCEL II / BELINA II / DEL REY 1.6 / PAMPA 1.6 78...,7,87089990,N
24540,24540,REPARO DA BARRA ESTABILIZADOR DIANTEIRO - DEL REY 1.8 / PAMPA 1.8,5,87089990,N
00146,00146,REPARO DA BARRA ESTABILIZADORA  DIANTEIRA  ( PONTA) - UNO/PRE/ELBA/FIORINO 91...,12,87089990,N
12369,12369,REPARO DA BARRA ESTABILIZADORA  DIANTEIRA  (COM TUBO  PU) - CORSA 97..../ CELTA / PRISMA / TIGRA,18,87089990,N
36514,36514,REPARO DA BARRA ESTABILIZADORA (SO 1 LADO) - SANTANA,13,87089990,N
00144,00144,REPARO DA BARRA ESTABILIZADORA DIANT ( 18MM) - UNO 1.6/PREMIO/ELBA,4,87089990,N
00140,00140,REPARO DA BARRA ESTABILIZADORA DIANT ( 19MM) - UNO,5,87089990,N
13940,13940,REPARO DA BARRA ESTABILIZADORA DIANT. - SPIN / ONIX / PRISMA /  2012/2015,31,87089990,N
11815,11815,REPARO DA BARRA ESTABILIZADORA DIANTEIRA,5,87089990,N
13446,13446,REPARO DA BARRA ESTABILIZADORA DIANTEIRA  - ASTRA 98... / VECTRA 06... / MERIVA / MONTANA,12,87089990,N
10513,10513,REPARO DA BARRA ESTABILIZADORA DIANTEIRA  - CHEVETTE,13,87089990,N
23311,23311,REPARO DA BARRA ESTABILIZADORA DIANTEIRA  - ESCORT 93.. / LOGUS / POINTER / ZETEC,8,87089990,N
11811,11811,REPARO DA BARRA ESTABILIZADORA DIANTEIRA  - KADETT GS/GSI 89/,20,87089990,N
11506,11506,REPARO DA BARRA ESTABILIZADORA DIANTEIRA - OPALA  / CARAVAN ..79,15,87089990,N
11510,11510,REPARO DA BARRA ESTABILIZADORA DIANTEIRA - OPALA / CARAVAN 88....,15,87089990,N
13833,13833,REPARO DA BARRA ESTABILIZADORA DIANTEIRA - ZAFIRA,7,87089990,N
36646,36646,"REPARO DA BARRA ESTABILIZADORA DIANTEIRO   ( LADO DIREITO  ) - NOVO GOL 01/03/08..., NOVO POLO/POLO SEDAN 02/, FOX 200",18,87089990,N
23027,23027,REPARO DA BARRA ESTABILIZADORA DIANTEIRO  ( 18MM ) - ESCORT 87/92,13,87089990,N
00135,00135,REPARO DA BARRA ESTABILIZADORA DIANTEIRO  ( 18MM) - FIAT 147,21,87089990,N
23025,23025,REPARO DA BARRA ESTABILIZADORA DIANTEIRO  ( 22MM ) - ESCORT ...86 / VERONA ....92 / APOLLO 90/92 / HOBBY ...,16,87089990,N
13386,13386,REPARO DA BARRA ESTABILIZADORA DIANTEIRO - VECTRA 97 A 2005 / NOVO CORSA 2002...,10,87089990,N
23119,23119,REPARO DA BARRA ESTABILIZADORA DIANTEIRO ( 19MM ) - ESCORT HOBBY 01/06/94....,8,87089990,N
36023,36023,REPARO DA BARRA ESTABILIZADORA SUSPENSAO DIANTEIRA  ( 1 LADO - GOL / VOYAGE / PARATI / SAVEIRO / GOL BOLA... / GIII,13,87089990,N
13456,13456,REPARO DA BARRA ESTABILIZADORA TRASEIRO  - VECTRA 97....,16,87089990,N
36439,36439,REPARO DA COIFA L/ ESQUERDO DO CAMBIO C/ FIXADOR - GOLF /98,31,87089990,N
36440,36440,REPARO DA COPIFA L/DIREITO DO CAMBIO C/ FIXADOR  - GOLF /98,37,87089990,N
35055,35055,REPARO DA RODA TRASEIRA - VOLKSWAGEN,20,87089990,N
10545,10545,REPARO DA TAMPA DE VALVULA (4 PECAS) - CHEVETTE,8,87089990,N
35296,35296,REPARO DA TAMPA DO CAMBIO - KOMBI,29,87089990,N
24579,24579,REPARO DA VEDACAO DA TAMPA VALVULA - CORCEL/BELINA,15,87089990,N
11642,11642,REPARO DE FIXACAO DO EIXO DA BANDEJA DIANTEIRA  - OPALA / CARAVAN,10,87089990,N
12318,12318,REPARO DE REPARO DA  ALAVANCA DE CAMBIO - CORSA,15,87089990,N
23070,23070,REPARO DO ACIONADOR EMBREAGEM COM MOLA - ESCORT /90,24,87089990,N
23071,23071,REPARO DO ACIONADOR EMBREAGEM COM MOLA - ESCORT 91/,20,87089990,N
57254-E,57254-E,"REPARO DO AMORTECEDOR  DIANTEIRO   - ASTRA 99/, ZAFIRA",80,87089990,N
57179-E,57179-E,REPARO DO AMORTECEDOR  DIANTEIRO  - ESCORT/LOGUS,15,87089990,N
57160-E,57160-E,REPARO DO AMORTECEDOR  DIANTEIRO  - UNO/PREMIO/ELBA,12,87089990,N
57216-E,57216-E,REPARO DO AMORTECEDOR  DIANTEIRO  ( COMPLETO ) - CORSA WIND,92,87089990,N
57192-A,57192-A,REPARO DO AMORTECEDOR  DIANTEIRO  COM COXIM  - GOL 94/,124,87089990,N
57173-E,57173-E,REPARO DO AMORTECEDOR  DIANTEIRO  COM COXIM ROLAMENTO  - KADETT / IPANEMA,106,87089990,N
57171-E,57171-E,REPARO DO AMORTECEDOR  DIANTEIRO  COM COXIM ROLAMENTO  - MONZA 90/,106,87089990,N
57167-E,57167-E,REPARO DO AMORTECEDOR  DIANTEIRO  COM COXIM ROLAMENTO  - MONZA ATE 90,84,87089990,N
57201-E,57201-E,REPARO DO AMORTECEDOR  DIANTEIRO  COM COXIM ROLAMENTO  - SANTANA 87/,58,87089990,N
57178-E,57178-E,REPARO DO AMORTECEDOR  DIANTEIRO  COM COXIM ROLAMENTO PRATO - ESCORT,69,87089990,N
57313-E,57313-E,REPARO DO AMORTECEDOR  DIANTEIRO  COM ROLAMENTO  E COXIM SUP - POLO/POLO SEDAN/CROSSFOX / SPACE FOX,152,87089990,N
57182-E,57182-E,REPARO DO AMORTECEDOR  TRASEIRO  - GOL BOLA /ESCORT/LOGUS/GOL,20,87089990,N
57210-E,57210-E,REPARO DO AMORTECEDOR  TRASEIRO  - PALIO,13,87089990,N
57197-E,57197-E,REPARO DO AMORTECEDOR  TRASEIRO  - PARATI,13,87089990,N
57315-E,57315-E,REPARO DO AMORTECEDOR  TRASEIRO  - POLO/POLO SEDAN/FOX,24,87089990,N
57203-E,57203-E,REPARO DO AMORTECEDOR  TRASEIRO  - SANTANA 94/,20,87089990,N
57267-E,57267-E,REPARO DO AMORTECEDOR  TRASEIRO  ( COM CANECA  ) - GOL/PARATI/SAVEIRO 97/,31,87089990,N
23022,23022,REPARO DO AMORTECEDOR  TRASEIRO  (BORRACHA) - ESCORT ATE 86,18,87089990,N
57356-E,57356-E,REPARO DO AMORTECEDOR DA SUSP TRAS - NOVO GOL  01/03/08...,20,87089990,N
57357-E,57357-E,"REPARO DO AMORTECEDOR DIANT  ( COMPLETO ) - NOVO GOL 01/03/08..., AUDI A1  ANO 2011 / 017 /  UP / V",58,87089990,N
57180-E,57180-E,REPARO DO AMORTECEDOR DIANT C/COXIM - ESCORT/LOGUS,55,87089990,N
57301-E,57301-E,REPARO DO AMORTECEDOR DIANT C/COXIM E ROL L/DIR C/CANECA - PALIO / SIENA / IDEA,79,87089990,N
57300-E,57300-E,REPARO DO AMORTECEDOR DIANT C/COXIM E ROL L/ESQ C/CANECA - PALIO / SIENA / IDEA,79,87089990,N
57177-E,57177-E,REPARO DO AMORTECEDOR DIANT C/COXIM ROL - ESCORT / VERONA 87/ 92,40,87089990,N
57227-E,57227-E,REPARO DO AMORTECEDOR DIANT C/COXIM ROL - FIESTA,61,87089990,N
57186-E,57186-E,REPARO DO AMORTECEDOR DIANT C/COXIM ROL - PASSAT/GOL/VOYAGE,34,87089990,N
57201-A,57201-A,REPARO DO AMORTECEDOR DIANT C/COXIM ROL (ORIGINAL),42,87089990,N
57177-SA,57177-SA,REPARO DO AMORTECEDOR DIANT C/COXIM ROL (ORIGINAL) - ESCORT / VERONA 87/92,52,87089990,N
57186-AX,57186-AX,REPARO DO AMORTECEDOR DIANT.C/COXIM ROL             (ORIGINA - PASSAT/GOL/VOYAGE,71,87089990,N
57186-A,57186-A,REPARO DO AMORTECEDOR DIANT.C/COXIM ROL             (ORIGINAL) - PASSAT/GOL/VOYAGE,42,87089990,N
57163-E,57163-E,REPARO DO AMORTECEDOR DIANTEIRO,13,87089990,N
57162-E,57162-E,REPARO DO AMORTECEDOR DIANTEIRO - UNO/PREMIO/ELBA 92/,13,87089990,N
57216-A,57216-A,REPARO DO AMORTECEDOR DIANTEIRO ( COMPLETO  ) - CORSA WIND,69,87089990,N
57216-SA,57216-SA,REPARO DO AMORTECEDOR DIANTEIRO ( COMPLETO  ) - CORSA WIND,68,87089990,N
57305-E,57305-E,REPARO DO AMORTECEDOR DIANTEIRO (C/ ROLAMENTO) - FIESTA 1.6 (ROCAM) 1.0 SUPERCHARGE/ECOSPORT,108,87089990,N
57269-E,57269-E,REPARO DO AMORTECEDOR DIANTEIRO C/COXIM - GOL/PAR/SAV G3 / G4   ...06/2001,60,87089990,N
57251-E,57251-E,REPARO DO AMORTECEDOR DIANTEIRO C/COXIM - NOVO CORSA HATCH 02/,47,87089990,N
57167-AX,57167-AX,REPARO DO AMORTECEDOR DIANTEIRO C/COXIM (ORIGINAL) - MONZA ATE 90,199,87089990,N
57225-A,57225-A,REPARO DO AMORTECEDOR DIANTEIRO C/COXIM ROL (ORIGINAL),53,87089990,N
57182-A,57182-A,REPARO DO AMORTECEDOR TRASEIRO  (ORIGINAL )              (AMARELO) - GOL/ESCORT/LOGUS/GOL 94/,13,87089990,N
57221-E,57221-E,REPARO DO AMORTECEDOR TRASEIRO - CORSA TDS (EXCETO PICK-UP/NOVO CORSA),12,87089990,N
57181-E,57181-E,REPARO DO AMORTECEDOR TRASEIRO - ESCORT/VERONA/APOLLO,12,87089990,N
57228-E,57228-E,REPARO DO AMORTECEDOR TRASEIRO - FIESTA,13,87089990,N
57196-E,57196-E,REPARO DO AMORTECEDOR TRASEIRO - GOL,15,87089990,N
57417-A,57417-A,REPARO DO AMORTECEDOR TRASEIRO - NOVO UNO 1.0 / 1.4 2010/... NOVO PALIO 12/...,45,87089990,N
57202-E,57202-E,REPARO DO AMORTECEDOR TRASEIRO - SANTANA /93,10,87089990,N
57306-IMP,57306-IMP,REPARO DO AMORTECEDOR TRASEIRO (C/ COXIM SUPERIOR),66,87089990,N
57306-E,57306-E,REPARO DO AMORTECEDOR TRASEIRO (C/ COXIM SUPERIOR) - FIESTA SEDAN/HATCH 02/ ECOSPORT,55,87089990,N
57210-A,57210-A,REPARO DO AMORTECEDOR TRASEIRO (ORIGINAL) - PALIO,10,87089990,N
57229-A,57229-A,REPARO DO AMORTECEDOR TRASEIRO C/COXIM - FIESTA / KA,69,87089990,N
57229-AG,57229-AG,REPARO DO AMORTECEDOR TRASEIRO C/COXIM - FIESTA/KA,106,87089990,N
03922,03922,REPARO DO BOCAL DO TANQUE COMBUSTIVEL - PALIO,21,87089990,N
03949,03949,"REPARO DO BRACO  OSCILANTE SUSPENSAO TRASEIRA  - PALIO WEEKEND 97/, TIPO / BRAVA / MAREA / BRAVO",101,87089990,N
00154,00154,REPARO DO BRACO OSCILANTE SUSP DIANTEIRA - FIAT 147,7,87089990,N
36369,36369,REPARO DO GARFO DE EMBREAGEM - GOL 84/86,4,87089990,N
00318,00318,REPARO DO SEMI EIXO  LADO CAMBIO ( COMPLETO ) ( EIXO 23MM ) - UNO/FIORINO/TIPO/PALIO 96../ SIENA 98...,90,87089990,N
24945,24945,REPARO DO SEMI EIXO  LADO CAMBIO COMPLETO - NOVO FIESTA  / CHERY QQ,24,87089990,N
61480,61480,"REPARO DO SEMI EIXO  LADO CAMBIO LADO DIREITO - RENAULT KANGOO 03/... , CLIO II / LONGAN / SANDERO",24,87089990,N
24944,24944,REPARO DO SEMI EIXO  LADO RODA  (COMPLETO) - NOVO FIESTA  2002/... / CLASSE A,18,87089990,N
61278,61278,REPARO DO SEMI EIXO  LADO RODA  (COMPLETO) ( EIXO FINO ) - CLIO / KANGOO/TWINGO / EXPRESS / LOGAN / SANDERO / SYMB,18,87089990,N
61285-A,61285-A,REPARO DO SEMI EIXO ( L/DIR )DO L/CAMBIO (COMPLETO),63,87089990,N
23036,23036,REPARO DO SEMI EIXO (COMPLETO) INTERNO/EXTERNO - ESCORT,13,87089990,N
24514,24514,REPARO DO SEMI EIXO (COMPLETO) LADO RODA  - CORCEL/BELINA,12,87089990,N
62150,62150,"REPARO DO SEMI EIXO L/ CAMBIO ( ESQ. / DIR. ) TRIPOIDE REDON - HONDA CIVIC 00/05 , NEW CIVIC 06/...",26,87089990,N
62102,62102,REPARO DO SEMI EIXO L/CAMBIO,18,87089990,N
26020,26020,REPARO DO SEMI EIXO L/CAMBIO  (20MM) (COMPLETO) - ECOSPORT 4x2,16,87089990,N
00162-A,00162-A,REPARO DO SEMI EIXO L/CAMBIO  (ORIGINAL) - FIAT TODOS,24,87089990,N
00163-A,00163-A,REPARO DO SEMI EIXO L/CAMBIO  (ORIGINAL) - UNO/PREMIO/ELBA   84/,29,87089990,N
24516-A,24516-A,REPARO DO SEMI EIXO L/CAMBIO - CORCEL/BELINA,20,87089990,N
24516-AX,24516-AX,REPARO DO SEMI EIXO L/CAMBIO - CORCEL/BELINA,26,87089990,N
00162,00162,REPARO DO SEMI EIXO L/CAMBIO - FIAT TODOS,15,87089990,N
35533-A,35533-A,REPARO DO SEMI EIXO L/CAMBIO - PASSAT,18,87089990,N
00165,00165,REPARO DO SEMI EIXO L/CAMBIO - UNO / PREMIO / ELBA 89/95,87,87089990,N
00163,00163,REPARO DO SEMI EIXO L/CAMBIO - UNO/PREMIO/ELBA   84,26,87089990,N
13435,13435,REPARO DO SEMI EIXO L/CAMBIO - VECTRA  97/,20,87089990,N
35534,35534,REPARO DO SEMI EIXO L/CAMBIO (C/GRAXA) - PASSAT,12,87089990,N
35534-A,35534-A,REPARO DO SEMI EIXO L/CAMBIO (C/GRAXA) - PASSAT,20,87089990,N
24816,24816,REPARO DO SEMI EIXO L/CAMBIO (C/GRAXA) com trizeta  - FIESTA/COURIER 96...,21,87089990,N
03856-A,03856-A,"REPARO DO SEMI EIXO L/CAMBIO C / ROLAMENTO  (ORIGINAL) ( EIXO 24,4 ) - PALIO / WEEKEND / SIENA / STRADA 1.5 / 1.6 16V",52,87089990,N
03856,03856,"REPARO DO SEMI EIXO L/CAMBIO C / ROLAMENTO ( EIXO 24,4MM ) - PALIO / WEEKEND /  SIENA / STRADA 1.5 / 1.6 16V",109,87089990,N
12260,12260,REPARO DO SEMI EIXO L/CAMBIO C/GRAXA - CORSA 1.0/1.4/1.6 94/01 / CELTA 1.0/1.4 2000/... / COBA,13,87089990,N
11044,11044,REPARO DO SEMI EIXO L/CAMBIO C/GRAXA - MONZA / KADETT ..92 / ASTRA 94/95,8,87089990,N
00336-AV,00336-AV,REPARO DO SEMI EIXO L/CAMBIO S/ROL - UNO 91/95,18,87089990,N
00336-A,00336-A,REPARO DO SEMI EIXO L/CAMBIO S/ROL (ORIGINAL) - UNO 91/95,16,87089990,N
00336-AX,00336-AX,REPARO DO SEMI EIXO L/CAMBIO S/ROL (ORIGINAL) - UNO 91/95,21,87089990,N
36417,36417,REPARO DO SEMI EIXO L/RODA - GOLF,12,87089990,N
37553,37553,"REPARO DO SEMI EIXO L/RODA (COMPLETO) - FOX 03/, NOVO POLO 02/",15,87089990,N
03875,03875,REPARO DO SEMI EIXO L/RODA (COMPLETO) - PALIO 1.0/FIO/FURG./,12,87089990,N
36418,36418,REPARO DO SEMI EIXO L/RODA C/GRAXA - GOLF,12,87089990,N
24516,24516,REPARO DO SEMI EIXO LADO CAMBIO  - CORCEL/BELINA,13,87089990,N
35037,35037,REPARO DO SEMI EIXO LADO CAMBIO  - FUSCA / BRASILIA / VARIANTE,21,87089990,N
01418,01418,"REPARO DO SEMI EIXO LADO CAMBIO  (COMPLETO) - TEMPRA / TIPO / DOBLO / NOVO UNO,PALIO",13,87089990,N
23344,23344,REPARO DO SEMI EIXO LADO CAMBIO COM GRAXA  - ESCORT/LOGUS,13,87089990,N
62152,62152,REPARO DO SEMI EIXO LADO CAMBIO ESQUERDO  / DIREITO  ( TRIPO - HONDA FIT 2002/2008,28,87089990,N
35037-AV,35037-AV,REPARO DO SEMI EIXO LADO CAMBIO ORIGINAL (VIBRASIL) - VOLKSWAGEN,31,87089990,N
00336,00336,REPARO DO SEMI EIXO LADO CAMBIO SEM ROLAMENTO  - UNO 91/95,8,87089990,N
00337,00337,REPARO DO SEMI EIXO LADO CAMBIO SEM ROLAMENTO  - UNO/TIPO 96/ PALIO / UNO NOVO,12,87089990,N
24812,24812,REPARO DO SEMI EIXO LADO DA RODA - FIESTA/COURIER 96...,7,87089990,N
15088,15088,REPARO DO SEMI EIXO LADO RODA   COM GRAXA  - S-10  4x4,21,87089990,N
13507,13507,"REPARO DO SEMI EIXO LADO RODA  - ASTRA  99/, ZAFIRA / MONTANA/CRUZE",16,87089990,N
62055,62055,"REPARO DO SEMI EIXO LADO RODA  - CIVIC  2001/, FIT / HRV",23,87089990,N
61440,61440,REPARO DO SEMI EIXO LADO RODA  - CLIO II/KANGOO/LAGUNA/MEGANE/LOGAN,18,87089990,N
23314,23314,REPARO DO SEMI EIXO LADO RODA  (COMPLETO) - ESCORT /LOGUS/VERONA 93.../SANTANA  93...,15,87089990,N
01415,01415,REPARO DO SEMI EIXO LADO RODA  (COMPLETO) - TEMPRA / TIPO 2.0,13,87089990,N
13413,13413,REPARO DO SEMI EIXO LADO RODA  (COMPLETO) - VECTRA 96/ KADETT 93/,16,87089990,N
35041,35041,REPARO DO SEMI EIXO LADO RODA  / CAMBIO COM GRAXA  - KOMBI CLIPPER,13,87089990,N
24813,24813,REPARO DO SEMI EIXO LADO RODA  COM GRAXA  - FIESTA/COURIER 96... / CHERY QQ,13,87089990,N
35531,35531,REPARO DO SEMI EIXO LADO RODA  COM GRAXA  - GOL/VOYAGE/PARATI/SANTANA,13,87089990,N
35294,35294,REPARO DO SEMI EIXO LADO RODA  E LADO CAMBIO COM GRAXA  - KOMBI 97...,16,87089990,N
03871,03871,REPARO DO SEMI EIXO LADO RODA (COMPLETO) - PALIO/SIENA/STRADA/WEEKEND 1.5/1.6,13,87089990,N
12257,12257,REPARO DO SEMI EIXO LADO RODA COM GRAXA - CORSA 94... / CELTA / PRISMA,13,87089990,N
00161,00161,REPARO DO SEMI EIXO LADO RODA COM GRAXA - FIAT TODOS,12,87089990,N
11041,11041,REPARO DO SEMI EIXO LADO RODA COM GRAXA - MONZA / KADETT ..92/ ASTRA 94/95,13,87089990,N
00318-AX,00318-AX,REPARO DO SEMI-EIXO L/CAMBIO ( COMPLETO ) ( EIXO 23MM ) - UNO/FIORINO /TIPO/PALIO 96.. / SIENA 98..,77,87089990,N
61112,61112,REPARO DO SEMI-EIXO L/RODA ( EIXO 34MM ) - PEUGEOT 206 /306 / 307,16,87089990,N
61262,61262,"REPARO DO SEMI-EIXO LADO ESQ CAMBIO C/ ROL  ( 25,75)",37,87089990,N
61263,61263,"REPARO DO SEMI-EIXO LADO ESQ CAMBIO C/ ROLAMENTO ( 27,90)",37,87089990,N
11547,11547,REPARO DO TENSOR - OPALA/CARAVAN 80/,28,87089990,N
12271,12271,REPARO DO TRAMBULADOR - CORSA/VECTRA,13,87089990,N
23435,23435,REPARO DO TRAMBULADOR - ESCORT/ESCORT HOBBY/VERONA  1.6   93/,24,87089990,N
35304,35304,REPARO DO TRAMBULADOR DE CAMBIO - SEDAN 1300/1500/1600 BRASILIA /VARIANT 1600,90,87089990,N
35066,35066,REPARO ESTABILIZADOR DIANTEIRO - VW 1200/1300,20,87089990,N
35519,35519,REPARO ESTABILIZADOR DIANTEIRO (SO 1 LADO) - PASSAT,8,87089990,N
04514,04514,REPARO ESTABILIZADORA DIANTEIRO   (LADO DIREITO )  (21mm) - STRADA 1.5,20,87089990,N
35069,35069,REPARO ESTABILIZADORA DIANTEIRO  - FUSCA1500 / BRASILIA / VARIANT,34,87089990,N
04513,04513,REPARO ESTABILIZADORA DIANTEIRO  (LADO ESQUERDO )  (21 mm) - STRADA 1.5,20,87089990,N
35073,35073,REPARO ESTABILIZADORA DIANTEIRO  LADO DIREITO  - KOMBI,24,87089990,N
35071,35071,REPARO ESTABILIZADORA DIANTEIRO  LADO ESQUERDO  - KOMBI,24,87089990,N
58516,58516,REPARO GUARDA PO  DA CAIXA DE DIRECAO   (HIDRAULICA) - FIESTA / COURIER / KA / ECOSPORT / PUMA (C/DIR HIDRAULI,24,87089990,N
61355,61355,REPARO GUARDA PO L/ ESQ DO CAMBIO   (C/ ABRACADEIRA) - Clio/Kangoo/Twingo/R19/R21/Laguna/MEGANE/Scenic ( TDS 8,21,87089990,N
12299,12299,REPARO INTERMEDIARIO DO ESCAPAMENTO - CORSA,36,87089990,N
11167,11167,REPARO INTERMEDIARIO DO ESCAPAMENTO - MZA/KDT/FIAT UNO,44,87089990,N
13410-B,13410-B,REPARO INTERMEDIARIO DO ESCAPAMENTO - VECTRA 16v,23,87089990,N
13410,13410,REPARO INTERMEDIARIO DO ESCAPAMENTO - VECTRA 2.0 8 VALVULA,28,87089990,N
61471,61471,"REPARO LADO DO CAMBIO L/ESQ. C/ROLAMENTO ( 25,75 MM ) - RENAULT LOGAN /SANDERO / SYMBOL",53,87089990,N
11634,11634,REPARO REPARO DA ALAVANCA DE CAMBIO (5 MARCHAS) - OPALA/CHEVETTE,42,87089990,N
23067,23067,REPARO REPARO DO TRAMBULADOR - ESCORT /86,21,87089990,N
11188,11188,REPARO TAMPAO DA BOMBA DE AGUA  - MZA/KADETT/OMEGA/CORSA,8,87089990,N
24557,24557,REPARO TENSOR DIANTEIRO  - CORCEL/BELINA /77,26,87089990,N
24559,24559,REPARO TENSOR DIANTEIRO  - CORCEL/BELINA 78/81,29,87089990,N
24562,24562,REPARO TENSOR DIANTEIRO - CORCEL/BELINA 86/,34,87089990,N
35305,35305,REPARO TRAMBULADOR DA ALAVANCA DE CAMBIO - KOMBI 1500/1600,93,87089990,N
35616,35616,RESERTVATORIO DO OLEO DE FREIO - CORCEL II / PASSAT,23,87089990,N
00332,00332,RESERVATORIO D AGUA DO LIMPADOR  PARABRISA    (1 FURO) - UNO/PREMIO/ELBA,39,87089990,N
36203,36203,RESERVATORIO D AGUA DO LIMPADOR  PARABRISA    P/1 BBA - GOL/SAVEIRO/PARATI,53,87089990,N
36201,36201,RESERVATORIO D AGUA DO LIMPADOR DE PARABRISA - GOL/VOYAGE 1.8,56,87089990,N
36202,36202,RESERVATORIO D AGUA DO LIMPADOR PARABRISA     P/2 BBAS - GOL/PARATI,55,87089990,N
35097,35097,RESERVATORIO D AGUA DO LIMPADOR PARABRISA C/ TAMPA - VOLKSWAGEN 75/,18,87089990,N
35561,35561,RESERVATORIO D AGUA DO RADIADOR,20,87089990,N
24589,24589,RESERVATORIO D AGUA DO RADIADOR - CORCEL /77,21,87089990,N
36046,36046,RESERVATORIO D AGUA DO RADIADOR - GOL/VOYAGE/PARATI,21,87089990,N
11144,11144,RESERVATORIO D AGUA DO RADIADOR - MONZA  82/84,88,87089990,N
35560,35560,RESERVATORIO D AGUA DO RADIADOR - PASSAT /78,31,87089990,N
00331,00331,RESERVATORIO D AGUA DO RADIADOR - UNO/PREMIO/ELBA,76,87089990,N
24824,24824,RESERVATORIO D AGUA DO RADIADOR ( 2 BICOS ) - FIESTA 1.0/1.3 96/,82,87089990,N
36200,36200,RESERVATORIO D AGUA DO RADIADOR C/SENSOR - GOL/VOYAGE/PARATI/SAVEIRO/SANTANA/QUANTUM 90,29,87089990,N
00242,00242,RESERVATORIO D AGUA RADIADOR,18,87089990,N
36294,36294,RESERVATORIO DA PARTIDA A FRIO,45,87089990,N
36604,36604,RESERVATORIO DE AGUA  DO LIMPADOR PARABRISA - SANTANA,53,87089990,N
24940,24940,RESERVATORIO DE AGUA  DO RADIADOR (2 SAIDAS) - NOVO FIESTA 2003/,109,87089990,N
24941,24941,RESERVATORIO DE AGUA  DO RADIADOR (3 SAIDAS) - NOVO FIESTA  2003/,76,87089990,N
36047,36047,RESERVATORIO DE AGUA DO LIMPADOR DE PARABRISA - GOL/VOYAGE/PARATI,42,87089990,N
11145,11145,RESERVATORIO DE AGUA DO RADIADOR - MONZA  85/92 / ESPERO,122,87089990,N
11178,11178,RESERVATORIO DE AGUA DO RADIADOR ( COM 2 BICO ) SEM AR - MONZA  91/,164,87089990,N
11849,11849,RESERVATORIO DE AGUA DO RADIADOR SEM CHECK CONTROLAMENTO  - KADETT 89/,111,87089990,N
36499,36499,RESERVATORIO DE EXPANSAO  - GOL/VOYAGE/SAVEIRO 08/ (G-5)FOX,140,87089990,N
12442,12442,"RESERVATORIO DE EXPANSAO  (2 BICOS) - CORSA 02/, MONTANA 02/  1.0, 1.4, 1.8 8V  (GASOL / FLEX) (S/ AC)",53,87089990,N
12443,12443,"RESERVATORIO DE EXPANSAO  (3 BICOS) - CORSA 02/, MONTANA 02/  1.0, 1.4, 1.8 8V  (GASOL / FLEX",98,87089990,N
04620,04620,RESERVATORIO DE EXPANSAO - PUNTO  1.4,90,87089990,N
12472,12472,RESERVATORIO DE EXPANSAO ( 2 BICOS ) - CORSA CLASSIC 09/... GERACAO III,117,87089990,N
13870,13870,RESERVATORIO DE EXPANSAO (2 SAIDAS) - CELTA / PRISMA  07/,146,87089990,N
37514,37514,RESERVATORIO DE EXPANSAO DO RADIADOR  - FOX,184,87089990,N
35093,35093,RESERVATORIO DO OLEO DE FREIO  - FUSCAO,18,87089990,N
35094,35094,RESERVATORIO DO OLEO DE FREIO - BRASILIA/VARIANT,31,87089990,N
24591,24591,RESERVATORIO DO OLEO DE FREIO - CORCEL II / PASSAT,18,87089990,N
24590,24590,RESERVATORIO DO OLEO DE FREIO - CORCEL/BELINA /77,15,87089990,N
35092,35092,RESERVATORIO DO OLEO DE FREIO - FUSCAO/BRASILIA,29,87089990,N
35091,35091,RESERVATORIO DO OLEO DE FREIO - VW 1200/1300,18,87089990,N
12313,12313,RESERVATORIO LIMPADOR PARABRISA DIANT - CORSA / PICK-UP 94.. / CELTA 2000  (S/BOMBA),42,87089990,N
00382,00382,RESERVATORIO SIMPLES DA PARTIDA A FRIO - UNO/PREMIO/ELBA/FIORINO  84/,138,87089990,N
35054,35054,RETENTOR DO SEM FIM CAIXA DE DIRECAO (PLASTICA)  - VOLKSWAGEN,2,87089990,N
00338,00338,"ROLAMENTO DA COIFA DO CAMBIO ( 110165 ) ( 22,9MM ) - UNO MILLE / FIORINO / TIPO / PALIO/WEEKEND/SIENA",79,87089990,N
00167,00167,ROLAMENTO DO AMORTECEDOR  DIANTEIRO  - UNO/PREMIO/ELBA 86/,18,87089990,N
13892,13892,ROLAMENTO DO AMORTECEDOR DIANTEIRO - CAPTIVA,106,87089990,N
35109,35109,ROLAMENTO HA DO CILINDRO MESTRE  - VW 1200/1300,4,87089990,N
36127,36127,ROLAMENTO SUPERIOR DA COLUNA DE DIRECAO - OPALA/CARAVAN 78/,52,87089990,N
35173,35173,ROSETA DA MACANETA  - SEDAN 72/,2,87089990,N
36389,36389,ROSETA DA MACANETA - GOL/VOYAGE/PARATI/SAVEIRO 87/,2,87089990,N
00237,00237,ROSETA DA MACANETA (PRETA),2,87089990,N
35175,35175,ROSETA DA MACANETA INTERNA (PRETA) - VOLKSWAGEN 78/,2,87089990,N
23158,23158,ROTULA DA ALAVANCA DE CAMBIO ( 5 M) - ESCORT  87/,13,87089990,N
23000-A,23000-A,SANFONA DA CAIXA DE DIRECAO,7,87089990,N
24500,24500,SANFONA DA CAIXA DE DIRECAO - CORCEL/BELINA,16,87089990,N
23000,23000,SANFONA DA CAIXA DE DIRECAO - ESCORT,8,87089990,N
00316,00316,SEDE ESFERICA DO ROLAMENTO  - UNO/PREMIO 89/,29,87089990,N
36629-AJE,36629-AJE,SEPARADOR DE OLEO - SANTANA/QUANTUM,28,87089990,N
12231-AG,12231-AG,SUPORTE BARRA TENSORA DIANTEIRA   LADO ESQUERDO  - CORSA,74,87089990,N
12232,12232,SUPORTE BARRA TENSORA DIANTEIRA L/DIR - CORSA ( 03/05/98 ),45,87089990,N
12231,12231,SUPORTE BARRA TENSORA DIANTEIRA L/ESQ  - CORSA  ( 03/05/98 ),45,87089990,N
35221,35221,"SUPORTE CABO DA EMBREAGEM - VOLKSWAGEN, KOMBI 1300/1500/1600",7,87089990,N
12352,12352,"SUPORTE DA BARRA TENSORA  (LADO DIREITO ) - CORSA 04/05/98 ... ,CELTA /, TIGRA / PRISMA",82,87089990,N
12351,12351,SUPORTE DA BARRA TENSORA (LADO ESQUERDO ) - CORSA 04/05/98 .../ CELTA / TIGRA / PRISMA,82,87089990,N
36323,36323,SUPORTE DA CAPA DO PARACHOQUE - GOL/VOY/SAV/PARATI,2,87089990,N
36395,36395,SUPORTE DA GUIA DO PARACHOQUE DIANTEIRO  - GOL GIII / SANTANA,5,87089990,N
12384,12384,SUPORTE DA HASTE DO CAPUZ - CORSA 2002... / MERIVA,7,87089990,N
36348,36348,SUPORTE DE FIXACAO DO ESCAPAMENTO  (COMPLETO) - GOL/VOY/PAR/GOL SPECIAL 95/,28,87089990,N
36034,36034,SUPORTE DIANTEIRO  DO MOTOR  - GOL/VOYAGE/PARATI ( AP ),63,87089990,N
36289,36289,SUPORTE DIANTEIRO DO CAMBIO (5 M) - GOL,16,87089990,N
36362,36362,SUPORTE DIANTEIRO DO MOTOR - GOL/PAR/SAVEIRO 95/ (MOTOR AP),26,87089990,N
13864,13864,SUPORTE DO CILINDRO DA EMBREAGEM - MERIVA,21,87089990,N
36597,36597,SUPORTE DO COXIM DO CAMBIO,18,87089990,N
36173,36173,SUPORTE DO COXIM DO CAMBIO  - GOL/PASSAT/VOYAGE/PA,32,87089990,N
13512,13512,SUPORTE DO QUEBRA SOL  (GELO) - VECTRA / CELTA / OMEGA,4,87089990,N
35597,35597,SUPORTE DO QUEBRA SOL (PRETO)  - PASSAT,2,87089990,N
34541,34541,SUPORTE DO QUEBRA SOL (PRETO)  - VARIANT/BRASILIA,2,87089990,N
35311-AJE,35311-AJE,SUPORTE DO REGULADOR DE PRESSAO  - KOMBI,53,87089990,N
36151,36151,SUPORTE FRONTAL  DO MOTOR - GOL/VOYAGE/PARATI,32,87089990,N
36152,36152,SUPORTE FRONTAL (CORPO BAIXO POR M-10)  - GOL/VOYAGE/SANTANA/VERSAILES  1.6/1.8/2.0,23,87089990,N
36033,36033,SUPORTE FRONTAL DIANTEIRO  DO MOTOR  - GOL/VOYAGE/PARATI ( CHT ),52,87089990,N
23430,23430,SUPORTE FRONTAL DO COXIM DIANTEIRO - ESCORT/VERONA/LOGUS  93/,106,87089990,N
35545,35545,SUPORTE FRONTAL DO MOTOR,20,87089990,N
36035,36035,SUPORTE FRONTAL DO MOTOR,21,87089990,N
36036,36036,SUPORTE FRONTAL DO MOTOR  - GOL/VOYAGE/PARATI,79,87089990,N
35286,35286,SUPORTE GUIA EMBREAGEM - KOMBI 96...,8,87089990,N
00315,00315,SUPORTE INFERIOR CENTRAL DO FEIXE DE MOLAS TRASEIRA  - FIAT TDS,18,87089990,N
36183,36183,SUPORTE L/E QUADRO SUSPENSAO DIANTEIRA  - GOL/VOY/PARATI/SAVEI,20,87089990,N
36184,36184,SUPORTE LADO DIREITO QUADRO SUSPENSAO DIANTEIRA  - GOL/VOY/PARATI/SAVEI,39,87089990,N
00189,00189,SUPORTE LATERAL DO MOTOR - 147 / UNO / PREMIO,52,87089990,N
35541,35541,SUPORTE LATERAL L/DIR DO MOTOR AP - PASSAT/VOYAGE/PARATI,56,87089990,N
36291,36291,SUPORTE LATERAL LADO DIREITO  DO MOTOR - GOL 1000 MOTOR AE,68,87089990,N
36290,36290,"SUPORTE POSTERIOR DO COXIM DE CAMBIO - GOL AE  1.0  89/93, SANTANA/QUANTUM (5 M )",29,87089990,N
35311,35311,SUPORTE REGULADOR DE PRESSAO - KOMBI,20,87089990,N
35015,35015,TAMPA CAIXA ESTEPE (REDONDA)  - FUSCAO/BRASILIA,5,87089990,N
35016,35016,TAMPA DA CAIXA DE ESTEPE (QUADRADA)  - FUSCAO/BRASILIA,5,87089990,N
36309,36309,TAMPA DA CORRENTE DO DISTRIBUIDOR - GOL/PAR/SANT/QUANTUM,170,87089990,N
35136,35136,TAMPA DO FURO DA ANTENA  - VOLKSWAGEN,2,87089990,N
12305,12305,TAMPA DO OLEO DO MOTOR - MONZA/KADETT/IPANEMA/ESCORT/VERONA/CORSA/VECTRA/OMEGA/A,28,87089990,N
36068,36068,TAMPA DO PORTA LUVAS  - GOL/VOYAGE/PARATI/SAVEIRO,29,87089990,N
36067,36067,TAMPA DO PORTA LUVAS - GOL/VOYAGE,15,87089990,N
34527,34527,TAMPA DO REGULADOR DO FREIO - VARIANT/BRASILIA,5,87089990,N
00466,00466,TAMPA DO RESERVATORIO COMBUST PARTIDA A FRIO - FIAT (TDS) MODERNO,15,87089990,N
23374,23374,"TAMPA DO RESERVATORIO D AGUA - ESCORT 97/,  FIESTA/KA 95/",13,87089990,N
23053,23053,TAMPA DO RESERVATORIO DA GASOLINA - ESCORT/DEL REY 1.8,15,87089990,N
23052,23052,TAMPA DO RESERVATORIO DA GASOLINA - ESCORT/DEL REY/PAMPA 1.6,8,87089990,N
11174,11174,TAMPA DO RESERVATORIO DA GASOLINA - MONZA  (ALCOOL),12,87089990,N
00519,00519,"TAMPA DO RESERVATORIO DE GASOLINA (PARTIDA FRIO) - UNO  05/, FIORINO/DOBLO/STILO  06/",20,87089990,N
12304,12304,TAMPA DO RESERVATORIO LIMPADOR PARABRISA - CORSA,16,87089990,N
36266,36266,TAMPA DO RESERVATORIO LIMPADOR PARABRISA - VOLKSWAGEN  95/,5,87089990,N
35133,35133,TAMPA DOBRADICA DA PORTA - SEDAN,2,87089990,N
10541,10541,TAMPA ENCHIMENTO DE OLEO - CHEVETTE,8,87089990,N
35017,35017,TAMPA PLASTICA CAIXA DE REDUCAO  - VOLKSWAGEN,5,87089990,N
34529,34529,TAMPA PLASTICA DO FACAO LADO DIREITO  - VARIANT/BRASILIA,5,87089990,N
24585,24585,TAMPA RESERVATORIO DE AGUA  DO RADIADOR - CORCEL/BELINA /77,5,87089990,N
35564,35564,TAMPA RESERVATORIO DO LIMPADOR PARABRISA  - PASSAT,10,87089990,N
11142,11142,TAMPA RESERVATORIO DO LIMPADOR PARABRISA - MONZA 89/,15,87089990,N
35098,35098,TAMPA RESERVATORIO DO LIMPADOR PARABRISA - VOLKSWAGEN,24,87089990,N
35562,35562,TAMPA RESERVATORIO DO RADIADOR  - PASSAT,5,87089990,N
11179,11179,TAMPA RESERVATORIO PARTIDA A FRIO - GM 90/,13,87089990,N
34505,34505,TAMPA RESPIRO OLEO DO MOTOR  - VARIANT/BRASILIA,5,87089990,N
11062,11062,TAMPAO DA BOMBA DE AGUA - MONZA,4,87089990,N
23050,23050,"TAMPAO DE SAIDA DA BOMBA DE AGUA  - ESCORT/CORCEL II/GOL/VOYAGE/PARATI/SAVEIRO ...31/5/05,",5,87089990,N
10549,10549,TAMPAO DO ASSOALHO  - CHEVETTE,2,87089990,N
00241-AG,00241-AG,TAMPAO DO ASSOALHO  - UNO/PREMIO/ELBA   84/,5,87089990,N
35608,35608,TAMPAO DO ASSOALHO (MEDIO) - PASSAT,2,87089990,N
35607,35607,TAMPAO DO ASSOALHO GRANDE  - PASSAT,4,87089990,N
36185,36185,TAMPAO DO CATALIZADOR - VOLKSWAGEN/FORD,5,87089990,N
35014,35014,TAMPAO INFERIOR DO AR QUENTE  - VOLKSWAGEN,8,87089990,N
35013,35013,TAMPAO SUPERIOR DO AR QUENTE - VOLKSWAGEN,13,87089990,N
13409,13409,TIRANTE BARRA ESTAB. TRAS. - VECTRA,16,87089990,N
61169,61169,TIRANTE DO TRAMBULADOR MENOR ( 12 MM ) - PEUGEOT  206 1.0 / 1.4 16 VALV. 98/...,15,87089990,N
00524,00524,"TIRANTE EXTERNO DO CAMBIO  ( MEDIDA 281 MM ) - UNO / PREMIO / ELBA / FIORINO 1.0 , 1.3 , 1.5",29,87089990,N
00523,00523,"TIRANTE EXTERNO DO CAMBIO ( MEDIDA 144 MM ) - UNO / PREMIO / ELBA / FIORINO 1.0 , 1.3 , 1.5",28,87089990,N
00528,00528,TIRANTE EXTERNO DO CAMBIO ( MEDIDA 297 MM ) - UNO / PREMIO / ELBA / FIORINO 1.6 ( TODOS ),29,87089990,N
00526,00526,"TIRANTE EXTERNO DO CAMBIO ( MEDIDA 350,8 MM ) - UNO / PREMIO / ELBA / FIORINO 1.0 , 1.3 , 1.5",31,87089990,N
00527,00527,"TIRANTE EXTERNO DO CAMBIO ( MEDIDA 367,5 ) - UNO / PREMIO / ELBA FIORINO 1.0 , 1.3 , 1.5",31,87089990,N
00525,00525,"TIRANTE EXTERNO DO CAMBIO C/ CHAPA ( MEDIDA 256,3 MM ) - UNO / PREMIO / ELBA / FIORINO 1.0 , 1.3 , 1.5",45,87089990,N
47281,47281,TUBO D AGUA  INFERIOR SAIDA RADIADOR - CHEVROLET ONIX 13.../PRISMA 13..,28,87089990,N
11162,11162,TUBO DA ENTRADA D AGUA,5,87089990,N
47192-B,47192-B,TUBO DA MANG DO RADIADOR  S/AR COND ( PLASTICO ) - UNO / FIORINO / PALIO  STILE / SIENA  01/.,31,87089990,N
12491,12491,TUBO DE HIDROVACUO DO FREIO - CORSA SEDAN 2009 / CLASSIC L.S /  ADVANTAGE 2014/2016,135,87089990,N
47179,47179,"TUBO DE SAIDA D AGUA - FOX 03/ GOLF A4 / SPACEFOX / GOL, PARATI /",23,87089990,N
11153-AJE,11153-AJE,TUBO DISTRIBUICAO DE VACUO - MONZA/KADETT/IPANEMA/CORSA,18,87089990,N
47176,47176,TUBO DO FLUXO D AGUA - OMEGA 2.0,13,87089990,N
47237,47237,TUBO DO FLUXO D AGUA DO MOTOR - NOVO CORSA 2002... / MONTANA,26,87089990,N
47248,47248,TUBO DO FLUXO D AGUA DO MOTOR - PALIO/SIENA/STRADA/WEEKEND 1.8 8 VALV  07/,21,87089990,N
47183,47183,TUBO DO MOTOR COM  RADIADOR DE OLEO - SANTANA / QUANTUN 98/,42,87089990,N
24542,24542,TUBO ESPACADOR BUCHA BRACO CENTRO SUSP           TRASEIRO - CORCEL/BELINA,2,87089990,N
00152,00152,TUBO ESPACADOR CARRETEL BRACO OSCILANTE - FIAT 147,4,87089990,N
00156,00156,TUBO ESPACADOR CARRETEL BRACO OSCILANTE - UNO/PREMIO/ELBA,2,87089990,N
13982,13982,TUBO FLAUTA DO COLETOR DE ADMISSAO  - ONIX / PRISMA NOVO,24,87089990,N
47162,47162,TUBO REFRIGERACAO DO MOTOR - TEMPRA HLX TURBO 16 VALV 97/,71,87089990,N
10503,10503,TUCHO DA CAIXA DE DIRECAO  - CHEVETTE,4,87089990,N
23004,23004,TUCHO DA CAIXA DE DIRECAO  - ESCORT,5,87089990,N
00105,00105,TUCHO DA CAIXA DE DIRECAO  - FIAT TODOS,8,87089990,N
11004,11004,TUCHO DA CAIXA DE DIRECAO  - MONZA,4,87089990,N
13444,13444,VALVULA AQUECEDORA  - VECTRA/CORSA,26,87089990,N
13444-AJE,13444-AJE,VALVULA AQUECEDORA - VECTRA/CORSA,44,87089990,N
24962,24962,VALVULA DO ANTICHAMA - FIESTA/KA/FOCUS 1.0/1.6  (MOTOR ROCAM),23,87089990,N
24962-AJE,24962-AJE,VALVULA DO ANTICHAMA - FIESTA/KA/FOCUS/COURIER/ECOSPORT 1.0/1.6 (ROCAM),34,87089990,N
03914,03914,VALVULA DO ESGUICHO DO PARABRISA - PALIO/TIPO/MAREA/DOB,7,87089990,N
36050,36050,VEDADOR DO RESPIRO DA TAMPA DE VALVULA - GOL/VOYAGE/PARATI/SAVEIRO,5,87089990,N
04234,04234,BIELETA DA BARRA ESTABIL DIANT  (L/DIR) - IDEA 1.4 ELX / 1.8 HLX  06/,28,87149990,N
04235,04235,BIELETA DA BARRA ESTABIL DIANT  (L/ESQ) - IDEA 1.4 ELX / 1.8 HLX  06/,28,87149990,N
